SlNo,Station,Agency,State LGD Code,State,District LGD Code,District,Tehsil,Block,Village,River,Basin,Tributary,Subtributary,SubSubtributary,Local River,Latitude,Longitude,Data Acquisition Time,Telemetry Hourly Rainfall (mm)
1,Balrampur,CWC,9,Uttar Pradesh,127,BALRAMPUR,BALRAMPUR,-,-,Ganga,Ganga,Ghaghra,Rapti,-,Rapti,27.43527778,82.22944444,02-04-2026 06:00,NaN
2,Balrampur,CWC,9,Uttar Pradesh,127,BALRAMPUR,BALRAMPUR,-,-,Ganga,Ganga,Ghaghra,Rapti,-,Rapti,27.43527778,82.22944444,02-04-2026 07:00,NaN
3,Balrampur,CWC,9,Uttar Pradesh,127,BALRAMPUR,BALRAMPUR,-,-,Ganga,Ganga,Ghaghra,Rapti,-,Rapti,27.43527778,82.22944444,03-04-2026 02:00,NaN
4,Balrampur,CWC,9,Uttar Pradesh,127,BALRAMPUR,BALRAMPUR,-,-,Ganga,Ganga,Ghaghra,Rapti,-,Rapti,27.43527778,82.22944444,03-04-2026 03:00,NaN
5,Balrampur,CWC,9,Uttar Pradesh,127,BALRAMPUR,BALRAMPUR,-,-,Ganga,Ganga,Ghaghra,Rapti,-,Rapti,27.43527778,82.22944444,03-04-2026 04:00,NaN
6,Balrampur,CWC,9,Uttar Pradesh,127,BALRAMPUR,BALRAMPUR,-,-,Ganga,Ganga,Ghaghra,Rapti,-,Rapti,27.43527778,82.22944444,03-04-2026 07:00,NaN
7,Balrampur,CWC,9,Uttar Pradesh,127,BALRAMPUR,BALRAMPUR,-,-,Ganga,Ganga,Ghaghra,Rapti,-,Rapti,27.43527778,82.22944444,03-04-2026 08:00,NaN
8,Balrampur,CWC,9,Uttar Pradesh,127,BALRAMPUR,BALRAMPUR,-,-,Ganga,Ganga,Ghaghra,Rapti,-,Rapti,27.43527778,82.22944444,03-04-2026 09:00,NaN
9,Balrampur,CWC,9,Uttar Pradesh,127,BALRAMPUR,BALRAMPUR,-,-,Ganga,Ganga,Ghaghra,Rapti,-,Rapti,27.43527778,82.22944444,03-04-2026 10:00,NaN
10,Balrampur,CWC,9,Uttar Pradesh,127,BALRAMPUR,BALRAMPUR,-,-,Ganga,Ganga,Ghaghra,Rapti,-,Rapti,27.43527778,82.22944444,04-04-2026 04:00,NaN
11,Balrampur,CWC,9,Uttar Pradesh,127,BALRAMPUR,BALRAMPUR,-,-,Ganga,Ganga,Ghaghra,Rapti,-,Rapti,27.43527778,82.22944444,04-04-2026 05:00,NaN
12,Balrampur,CWC,9,Uttar Pradesh,127,BALRAMPUR,BALRAMPUR,-,-,Ganga,Ganga,Ghaghra,Rapti,-,Rapti,27.43527778,82.22944444,04-04-2026 08:00,NaN
13,Balrampur,CWC,9,Uttar Pradesh,127,BALRAMPUR,BALRAMPUR,-,-,Ganga,Ganga,Ghaghra,Rapti,-,Rapti,27.43527778,82.22944444,05-04-2026 04:00,NaN
14,Balrampur,CWC,9,Uttar Pradesh,127,BALRAMPUR,BALRAMPUR,-,-,Ganga,Ganga,Ghaghra,Rapti,-,Rapti,27.43527778,82.22944444,05-04-2026 05:00,NaN
15,Balrampur,CWC,9,Uttar Pradesh,127,BALRAMPUR,BALRAMPUR,-,-,Ganga,Ganga,Ghaghra,Rapti,-,Rapti,27.43527778,82.22944444,05-04-2026 07:00,NaN
16,Balrampur,CWC,9,Uttar Pradesh,127,BALRAMPUR,BALRAMPUR,-,-,Ganga,Ganga,Ghaghra,Rapti,-,Rapti,27.43527778,82.22944444,05-04-2026 08:00,NaN
17,Balrampur,CWC,9,Uttar Pradesh,127,BALRAMPUR,BALRAMPUR,-,-,Ganga,Ganga,Ghaghra,Rapti,-,Rapti,27.43527778,82.22944444,07-04-2026 03:00,NaN
18,Balrampur,CWC,9,Uttar Pradesh,127,BALRAMPUR,BALRAMPUR,-,-,Ganga,Ganga,Ghaghra,Rapti,-,Rapti,27.43527778,82.22944444,07-04-2026 04:00,NaN
19,Balrampur,CWC,9,Uttar Pradesh,127,BALRAMPUR,BALRAMPUR,-,-,Ganga,Ganga,Ghaghra,Rapti,-,Rapti,27.43527778,82.22944444,11-04-2026 05:00,NaN
20,Balrampur,CWC,9,Uttar Pradesh,127,BALRAMPUR,BALRAMPUR,-,-,Ganga,Ganga,Ghaghra,Rapti,-,Rapti,27.43527778,82.22944444,11-04-2026 06:00,NaN
21,Balrampur,CWC,9,Uttar Pradesh,127,BALRAMPUR,BALRAMPUR,-,-,Ganga,Ganga,Ghaghra,Rapti,-,Rapti,27.43527778,82.22944444,11-04-2026 07:00,NaN
22,Balrampur,CWC,9,Uttar Pradesh,127,BALRAMPUR,BALRAMPUR,-,-,Ganga,Ganga,Ghaghra,Rapti,-,Rapti,27.43527778,82.22944444,12-04-2026 04:00,NaN
23,Balrampur,CWC,9,Uttar Pradesh,127,BALRAMPUR,BALRAMPUR,-,-,Ganga,Ganga,Ghaghra,Rapti,-,Rapti,27.43527778,82.22944444,12-04-2026 05:00,NaN
24,Balrampur,CWC,9,Uttar Pradesh,127,BALRAMPUR,BALRAMPUR,-,-,Ganga,Ganga,Ghaghra,Rapti,-,Rapti,27.43527778,82.22944444,12-04-2026 08:00,NaN
25,Balrampur,CWC,9,Uttar Pradesh,127,BALRAMPUR,BALRAMPUR,-,-,Ganga,Ganga,Ghaghra,Rapti,-,Rapti,27.43527778,82.22944444,14-04-2026 06:00,NaN
26,Balrampur,CWC,9,Uttar Pradesh,127,BALRAMPUR,BALRAMPUR,-,-,Ganga,Ganga,Ghaghra,Rapti,-,Rapti,27.43527778,82.22944444,14-04-2026 07:00,NaN
27,Balrampur,CWC,9,Uttar Pradesh,127,BALRAMPUR,BALRAMPUR,-,-,Ganga,Ganga,Ghaghra,Rapti,-,Rapti,27.43527778,82.22944444,14-04-2026 11:00,NaN
28,Balrampur,CWC,9,Uttar Pradesh,127,BALRAMPUR,BALRAMPUR,-,-,Ganga,Ganga,Ghaghra,Rapti,-,Rapti,27.43527778,82.22944444,18-04-2026 03:00,NaN
29,Balrampur,CWC,9,Uttar Pradesh,127,BALRAMPUR,BALRAMPUR,-,-,Ganga,Ganga,Ghaghra,Rapti,-,Rapti,27.43527778,82.22944444,18-04-2026 04:00,NaN
30,Bansi ,CWC,9,Uttar Pradesh,182,SIDDHARTHNAGAR,BANSI,-,-,Ganga,Ganga,Ghaghra,Rapti,-,Rapti,27.18916667,82.94000000,01-01-2026 02:00,NaN
31,Bansi ,CWC,9,Uttar Pradesh,182,SIDDHARTHNAGAR,BANSI,-,-,Ganga,Ganga,Ghaghra,Rapti,-,Rapti,27.18916667,82.94000000,01-01-2026 03:00,NaN
32,Bansi ,CWC,9,Uttar Pradesh,182,SIDDHARTHNAGAR,BANSI,-,-,Ganga,Ganga,Ghaghra,Rapti,-,Rapti,27.18916667,82.94000000,01-01-2026 06:00,NaN
33,Bansi ,CWC,9,Uttar Pradesh,182,SIDDHARTHNAGAR,BANSI,-,-,Ganga,Ganga,Ghaghra,Rapti,-,Rapti,27.18916667,82.94000000,01-01-2026 07:00,NaN
34,Bansi ,CWC,9,Uttar Pradesh,182,SIDDHARTHNAGAR,BANSI,-,-,Ganga,Ganga,Ghaghra,Rapti,-,Rapti,27.18916667,82.94000000,01-01-2026 08:00,NaN
35,Bansi ,CWC,9,Uttar Pradesh,182,SIDDHARTHNAGAR,BANSI,-,-,Ganga,Ganga,Ghaghra,Rapti,-,Rapti,27.18916667,82.94000000,01-01-2026 09:00,NaN
36,Bansi ,CWC,9,Uttar Pradesh,182,SIDDHARTHNAGAR,BANSI,-,-,Ganga,Ganga,Ghaghra,Rapti,-,Rapti,27.18916667,82.94000000,01-01-2026 10:00,NaN
37,Bansi ,CWC,9,Uttar Pradesh,182,SIDDHARTHNAGAR,BANSI,-,-,Ganga,Ganga,Ghaghra,Rapti,-,Rapti,27.18916667,82.94000000,01-01-2026 11:00,NaN
38,Bansi ,CWC,9,Uttar Pradesh,182,SIDDHARTHNAGAR,BANSI,-,-,Ganga,Ganga,Ghaghra,Rapti,-,Rapti,27.18916667,82.94000000,01-01-2026 12:00,NaN
39,Bansi ,CWC,9,Uttar Pradesh,182,SIDDHARTHNAGAR,BANSI,-,-,Ganga,Ganga,Ghaghra,Rapti,-,Rapti,27.18916667,82.94000000,02-01-2026 03:00,NaN
40,Bansi ,CWC,9,Uttar Pradesh,182,SIDDHARTHNAGAR,BANSI,-,-,Ganga,Ganga,Ghaghra,Rapti,-,Rapti,27.18916667,82.94000000,02-01-2026 06:00,NaN
41,Bansi ,CWC,9,Uttar Pradesh,182,SIDDHARTHNAGAR,BANSI,-,-,Ganga,Ganga,Ghaghra,Rapti,-,Rapti,27.18916667,82.94000000,02-01-2026 07:00,NaN
42,Bansi ,CWC,9,Uttar Pradesh,182,SIDDHARTHNAGAR,BANSI,-,-,Ganga,Ganga,Ghaghra,Rapti,-,Rapti,27.18916667,82.94000000,02-01-2026 08:00,NaN
43,Bansi ,CWC,9,Uttar Pradesh,182,SIDDHARTHNAGAR,BANSI,-,-,Ganga,Ganga,Ghaghra,Rapti,-,Rapti,27.18916667,82.94000000,02-01-2026 11:00,NaN
44,Bansi ,CWC,9,Uttar Pradesh,182,SIDDHARTHNAGAR,BANSI,-,-,Ganga,Ganga,Ghaghra,Rapti,-,Rapti,27.18916667,82.94000000,03-01-2026 07:00,NaN
45,Bansi ,CWC,9,Uttar Pradesh,182,SIDDHARTHNAGAR,BANSI,-,-,Ganga,Ganga,Ghaghra,Rapti,-,Rapti,27.18916667,82.94000000,03-01-2026 09:00,NaN
46,Bansi ,CWC,9,Uttar Pradesh,182,SIDDHARTHNAGAR,BANSI,-,-,Ganga,Ganga,Ghaghra,Rapti,-,Rapti,27.18916667,82.94000000,04-01-2026 05:00,NaN
47,Bansi ,CWC,9,Uttar Pradesh,182,SIDDHARTHNAGAR,BANSI,-,-,Ganga,Ganga,Ghaghra,Rapti,-,Rapti,27.18916667,82.94000000,04-01-2026 06:00,NaN
48,Bansi ,CWC,9,Uttar Pradesh,182,SIDDHARTHNAGAR,BANSI,-,-,Ganga,Ganga,Ghaghra,Rapti,-,Rapti,27.18916667,82.94000000,04-01-2026 07:00,NaN
49,Bansi ,CWC,9,Uttar Pradesh,182,SIDDHARTHNAGAR,BANSI,-,-,Ganga,Ganga,Ghaghra,Rapti,-,Rapti,27.18916667,82.94000000,04-01-2026 08:00,NaN
50,Bansi ,CWC,9,Uttar Pradesh,182,SIDDHARTHNAGAR,BANSI,-,-,Ganga,Ganga,Ghaghra,Rapti,-,Rapti,27.18916667,82.94000000,04-01-2026 09:00,NaN
51,Bansi ,CWC,9,Uttar Pradesh,182,SIDDHARTHNAGAR,BANSI,-,-,Ganga,Ganga,Ghaghra,Rapti,-,Rapti,27.18916667,82.94000000,04-01-2026 10:00,NaN
52,Bansi ,CWC,9,Uttar Pradesh,182,SIDDHARTHNAGAR,BANSI,-,-,Ganga,Ganga,Ghaghra,Rapti,-,Rapti,27.18916667,82.94000000,04-01-2026 11:00,NaN
53,Bansi ,CWC,9,Uttar Pradesh,182,SIDDHARTHNAGAR,BANSI,-,-,Ganga,Ganga,Ghaghra,Rapti,-,Rapti,27.18916667,82.94000000,04-01-2026 12:00,NaN
54,Bansi ,CWC,9,Uttar Pradesh,182,SIDDHARTHNAGAR,BANSI,-,-,Ganga,Ganga,Ghaghra,Rapti,-,Rapti,27.18916667,82.94000000,04-01-2026 14:00,NaN
55,Bansi ,CWC,9,Uttar Pradesh,182,SIDDHARTHNAGAR,BANSI,-,-,Ganga,Ganga,Ghaghra,Rapti,-,Rapti,27.18916667,82.94000000,04-01-2026 15:00,NaN
56,Bansi ,CWC,9,Uttar Pradesh,182,SIDDHARTHNAGAR,BANSI,-,-,Ganga,Ganga,Ghaghra,Rapti,-,Rapti,27.18916667,82.94000000,04-01-2026 16:00,NaN
57,Bansi ,CWC,9,Uttar Pradesh,182,SIDDHARTHNAGAR,BANSI,-,-,Ganga,Ganga,Ghaghra,Rapti,-,Rapti,27.18916667,82.94000000,04-01-2026 17:00,NaN
58,Bansi ,CWC,9,Uttar Pradesh,182,SIDDHARTHNAGAR,BANSI,-,-,Ganga,Ganga,Ghaghra,Rapti,-,Rapti,27.18916667,82.94000000,04-01-2026 18:00,NaN
59,Bansi ,CWC,9,Uttar Pradesh,182,SIDDHARTHNAGAR,BANSI,-,-,Ganga,Ganga,Ghaghra,Rapti,-,Rapti,27.18916667,82.94000000,04-01-2026 19:00,NaN
60,Bansi ,CWC,9,Uttar Pradesh,182,SIDDHARTHNAGAR,BANSI,-,-,Ganga,Ganga,Ghaghra,Rapti,-,Rapti,27.18916667,82.94000000,04-01-2026 20:00,NaN
61,Bansi ,CWC,9,Uttar Pradesh,182,SIDDHARTHNAGAR,BANSI,-,-,Ganga,Ganga,Ghaghra,Rapti,-,Rapti,27.18916667,82.94000000,04-01-2026 21:00,NaN
62,Bansi ,CWC,9,Uttar Pradesh,182,SIDDHARTHNAGAR,BANSI,-,-,Ganga,Ganga,Ghaghra,Rapti,-,Rapti,27.18916667,82.94000000,04-01-2026 22:00,NaN
63,Bansi ,CWC,9,Uttar Pradesh,182,SIDDHARTHNAGAR,BANSI,-,-,Ganga,Ganga,Ghaghra,Rapti,-,Rapti,27.18916667,82.94000000,04-01-2026 23:00,NaN
64,Bansi ,CWC,9,Uttar Pradesh,182,SIDDHARTHNAGAR,BANSI,-,-,Ganga,Ganga,Ghaghra,Rapti,-,Rapti,27.18916667,82.94000000,05-01-2026 00:00,NaN
65,Bansi ,CWC,9,Uttar Pradesh,182,SIDDHARTHNAGAR,BANSI,-,-,Ganga,Ganga,Ghaghra,Rapti,-,Rapti,27.18916667,82.94000000,05-01-2026 01:00,NaN
66,Bansi ,CWC,9,Uttar Pradesh,182,SIDDHARTHNAGAR,BANSI,-,-,Ganga,Ganga,Ghaghra,Rapti,-,Rapti,27.18916667,82.94000000,05-01-2026 02:00,NaN
67,Bansi ,CWC,9,Uttar Pradesh,182,SIDDHARTHNAGAR,BANSI,-,-,Ganga,Ganga,Ghaghra,Rapti,-,Rapti,27.18916667,82.94000000,05-01-2026 03:00,NaN
68,Bansi ,CWC,9,Uttar Pradesh,182,SIDDHARTHNAGAR,BANSI,-,-,Ganga,Ganga,Ghaghra,Rapti,-,Rapti,27.18916667,82.94000000,05-01-2026 04:00,NaN
69,Bansi ,CWC,9,Uttar Pradesh,182,SIDDHARTHNAGAR,BANSI,-,-,Ganga,Ganga,Ghaghra,Rapti,-,Rapti,27.18916667,82.94000000,05-01-2026 07:00,NaN
70,Bansi ,CWC,9,Uttar Pradesh,182,SIDDHARTHNAGAR,BANSI,-,-,Ganga,Ganga,Ghaghra,Rapti,-,Rapti,27.18916667,82.94000000,05-01-2026 10:00,NaN
71,Bansi ,CWC,9,Uttar Pradesh,182,SIDDHARTHNAGAR,BANSI,-,-,Ganga,Ganga,Ghaghra,Rapti,-,Rapti,27.18916667,82.94000000,05-01-2026 11:00,NaN
72,Bansi ,CWC,9,Uttar Pradesh,182,SIDDHARTHNAGAR,BANSI,-,-,Ganga,Ganga,Ghaghra,Rapti,-,Rapti,27.18916667,82.94000000,05-01-2026 13:00,NaN
73,Bansi ,CWC,9,Uttar Pradesh,182,SIDDHARTHNAGAR,BANSI,-,-,Ganga,Ganga,Ghaghra,Rapti,-,Rapti,27.18916667,82.94000000,05-01-2026 14:00,NaN
74,Bansi ,CWC,9,Uttar Pradesh,182,SIDDHARTHNAGAR,BANSI,-,-,Ganga,Ganga,Ghaghra,Rapti,-,Rapti,27.18916667,82.94000000,05-01-2026 15:00,NaN
75,Bansi ,CWC,9,Uttar Pradesh,182,SIDDHARTHNAGAR,BANSI,-,-,Ganga,Ganga,Ghaghra,Rapti,-,Rapti,27.18916667,82.94000000,05-01-2026 16:00,NaN
76,Bansi ,CWC,9,Uttar Pradesh,182,SIDDHARTHNAGAR,BANSI,-,-,Ganga,Ganga,Ghaghra,Rapti,-,Rapti,27.18916667,82.94000000,05-01-2026 17:00,NaN
77,Bansi ,CWC,9,Uttar Pradesh,182,SIDDHARTHNAGAR,BANSI,-,-,Ganga,Ganga,Ghaghra,Rapti,-,Rapti,27.18916667,82.94000000,05-01-2026 18:00,NaN
78,Bansi ,CWC,9,Uttar Pradesh,182,SIDDHARTHNAGAR,BANSI,-,-,Ganga,Ganga,Ghaghra,Rapti,-,Rapti,27.18916667,82.94000000,05-01-2026 19:00,NaN
79,Bansi ,CWC,9,Uttar Pradesh,182,SIDDHARTHNAGAR,BANSI,-,-,Ganga,Ganga,Ghaghra,Rapti,-,Rapti,27.18916667,82.94000000,05-01-2026 20:00,NaN
80,Bansi ,CWC,9,Uttar Pradesh,182,SIDDHARTHNAGAR,BANSI,-,-,Ganga,Ganga,Ghaghra,Rapti,-,Rapti,27.18916667,82.94000000,05-01-2026 21:00,NaN
81,Bansi ,CWC,9,Uttar Pradesh,182,SIDDHARTHNAGAR,BANSI,-,-,Ganga,Ganga,Ghaghra,Rapti,-,Rapti,27.18916667,82.94000000,05-01-2026 22:00,NaN
82,Bansi ,CWC,9,Uttar Pradesh,182,SIDDHARTHNAGAR,BANSI,-,-,Ganga,Ganga,Ghaghra,Rapti,-,Rapti,27.18916667,82.94000000,05-01-2026 23:00,NaN
83,Bansi ,CWC,9,Uttar Pradesh,182,SIDDHARTHNAGAR,BANSI,-,-,Ganga,Ganga,Ghaghra,Rapti,-,Rapti,27.18916667,82.94000000,06-01-2026 00:00,NaN
84,Bansi ,CWC,9,Uttar Pradesh,182,SIDDHARTHNAGAR,BANSI,-,-,Ganga,Ganga,Ghaghra,Rapti,-,Rapti,27.18916667,82.94000000,06-01-2026 01:00,NaN
85,Bansi ,CWC,9,Uttar Pradesh,182,SIDDHARTHNAGAR,BANSI,-,-,Ganga,Ganga,Ghaghra,Rapti,-,Rapti,27.18916667,82.94000000,06-01-2026 02:00,NaN
86,Bansi ,CWC,9,Uttar Pradesh,182,SIDDHARTHNAGAR,BANSI,-,-,Ganga,Ganga,Ghaghra,Rapti,-,Rapti,27.18916667,82.94000000,06-01-2026 03:00,NaN
87,Bansi ,CWC,9,Uttar Pradesh,182,SIDDHARTHNAGAR,BANSI,-,-,Ganga,Ganga,Ghaghra,Rapti,-,Rapti,27.18916667,82.94000000,06-01-2026 06:00,NaN
88,Bansi ,CWC,9,Uttar Pradesh,182,SIDDHARTHNAGAR,BANSI,-,-,Ganga,Ganga,Ghaghra,Rapti,-,Rapti,27.18916667,82.94000000,06-01-2026 12:00,NaN
89,Bansi ,CWC,9,Uttar Pradesh,182,SIDDHARTHNAGAR,BANSI,-,-,Ganga,Ganga,Ghaghra,Rapti,-,Rapti,27.18916667,82.94000000,06-01-2026 13:00,NaN
90,Bansi ,CWC,9,Uttar Pradesh,182,SIDDHARTHNAGAR,BANSI,-,-,Ganga,Ganga,Ghaghra,Rapti,-,Rapti,27.18916667,82.94000000,06-01-2026 14:00,NaN
91,Bansi ,CWC,9,Uttar Pradesh,182,SIDDHARTHNAGAR,BANSI,-,-,Ganga,Ganga,Ghaghra,Rapti,-,Rapti,27.18916667,82.94000000,06-01-2026 15:00,NaN
92,Bansi ,CWC,9,Uttar Pradesh,182,SIDDHARTHNAGAR,BANSI,-,-,Ganga,Ganga,Ghaghra,Rapti,-,Rapti,27.18916667,82.94000000,07-01-2026 05:00,NaN
93,Bansi ,CWC,9,Uttar Pradesh,182,SIDDHARTHNAGAR,BANSI,-,-,Ganga,Ganga,Ghaghra,Rapti,-,Rapti,27.18916667,82.94000000,07-01-2026 09:00,NaN
94,Bansi ,CWC,9,Uttar Pradesh,182,SIDDHARTHNAGAR,BANSI,-,-,Ganga,Ganga,Ghaghra,Rapti,-,Rapti,27.18916667,82.94000000,07-01-2026 12:00,NaN
95,Bansi ,CWC,9,Uttar Pradesh,182,SIDDHARTHNAGAR,BANSI,-,-,Ganga,Ganga,Ghaghra,Rapti,-,Rapti,27.18916667,82.94000000,07-01-2026 14:00,NaN
96,Bansi ,CWC,9,Uttar Pradesh,182,SIDDHARTHNAGAR,BANSI,-,-,Ganga,Ganga,Ghaghra,Rapti,-,Rapti,27.18916667,82.94000000,07-01-2026 15:00,NaN
97,Bansi ,CWC,9,Uttar Pradesh,182,SIDDHARTHNAGAR,BANSI,-,-,Ganga,Ganga,Ghaghra,Rapti,-,Rapti,27.18916667,82.94000000,07-01-2026 16:00,NaN
98,Bansi ,CWC,9,Uttar Pradesh,182,SIDDHARTHNAGAR,BANSI,-,-,Ganga,Ganga,Ghaghra,Rapti,-,Rapti,27.18916667,82.94000000,07-01-2026 17:00,NaN
99,Bansi ,CWC,9,Uttar Pradesh,182,SIDDHARTHNAGAR,BANSI,-,-,Ganga,Ganga,Ghaghra,Rapti,-,Rapti,27.18916667,82.94000000,07-01-2026 18:00,NaN
100,Bansi ,CWC,9,Uttar Pradesh,182,SIDDHARTHNAGAR,BANSI,-,-,Ganga,Ganga,Ghaghra,Rapti,-,Rapti,27.18916667,82.94000000,07-01-2026 19:00,NaN
101,Bansi ,CWC,9,Uttar Pradesh,182,SIDDHARTHNAGAR,BANSI,-,-,Ganga,Ganga,Ghaghra,Rapti,-,Rapti,27.18916667,82.94000000,07-01-2026 20:00,NaN
102,Bansi ,CWC,9,Uttar Pradesh,182,SIDDHARTHNAGAR,BANSI,-,-,Ganga,Ganga,Ghaghra,Rapti,-,Rapti,27.18916667,82.94000000,07-01-2026 21:00,NaN
103,Bansi ,CWC,9,Uttar Pradesh,182,SIDDHARTHNAGAR,BANSI,-,-,Ganga,Ganga,Ghaghra,Rapti,-,Rapti,27.18916667,82.94000000,08-01-2026 02:00,NaN
104,Bansi ,CWC,9,Uttar Pradesh,182,SIDDHARTHNAGAR,BANSI,-,-,Ganga,Ganga,Ghaghra,Rapti,-,Rapti,27.18916667,82.94000000,08-01-2026 03:00,NaN
105,Bansi ,CWC,9,Uttar Pradesh,182,SIDDHARTHNAGAR,BANSI,-,-,Ganga,Ganga,Ghaghra,Rapti,-,Rapti,27.18916667,82.94000000,08-01-2026 04:00,NaN
106,Bansi ,CWC,9,Uttar Pradesh,182,SIDDHARTHNAGAR,BANSI,-,-,Ganga,Ganga,Ghaghra,Rapti,-,Rapti,27.18916667,82.94000000,08-01-2026 05:00,NaN
107,Bansi ,CWC,9,Uttar Pradesh,182,SIDDHARTHNAGAR,BANSI,-,-,Ganga,Ganga,Ghaghra,Rapti,-,Rapti,27.18916667,82.94000000,08-01-2026 11:00,NaN
108,Bansi ,CWC,9,Uttar Pradesh,182,SIDDHARTHNAGAR,BANSI,-,-,Ganga,Ganga,Ghaghra,Rapti,-,Rapti,27.18916667,82.94000000,08-01-2026 12:00,NaN
109,Bansi ,CWC,9,Uttar Pradesh,182,SIDDHARTHNAGAR,BANSI,-,-,Ganga,Ganga,Ghaghra,Rapti,-,Rapti,27.18916667,82.94000000,08-01-2026 14:00,NaN
110,Bansi ,CWC,9,Uttar Pradesh,182,SIDDHARTHNAGAR,BANSI,-,-,Ganga,Ganga,Ghaghra,Rapti,-,Rapti,27.18916667,82.94000000,08-01-2026 15:00,NaN
111,Bansi ,CWC,9,Uttar Pradesh,182,SIDDHARTHNAGAR,BANSI,-,-,Ganga,Ganga,Ghaghra,Rapti,-,Rapti,27.18916667,82.94000000,08-01-2026 16:00,NaN
112,Bansi ,CWC,9,Uttar Pradesh,182,SIDDHARTHNAGAR,BANSI,-,-,Ganga,Ganga,Ghaghra,Rapti,-,Rapti,27.18916667,82.94000000,08-01-2026 17:00,NaN
113,Bansi ,CWC,9,Uttar Pradesh,182,SIDDHARTHNAGAR,BANSI,-,-,Ganga,Ganga,Ghaghra,Rapti,-,Rapti,27.18916667,82.94000000,08-01-2026 19:00,NaN
114,Bansi ,CWC,9,Uttar Pradesh,182,SIDDHARTHNAGAR,BANSI,-,-,Ganga,Ganga,Ghaghra,Rapti,-,Rapti,27.18916667,82.94000000,08-01-2026 20:00,NaN
115,Bansi ,CWC,9,Uttar Pradesh,182,SIDDHARTHNAGAR,BANSI,-,-,Ganga,Ganga,Ghaghra,Rapti,-,Rapti,27.18916667,82.94000000,08-01-2026 21:00,NaN
116,Bansi ,CWC,9,Uttar Pradesh,182,SIDDHARTHNAGAR,BANSI,-,-,Ganga,Ganga,Ghaghra,Rapti,-,Rapti,27.18916667,82.94000000,09-01-2026 02:00,NaN
117,Bansi ,CWC,9,Uttar Pradesh,182,SIDDHARTHNAGAR,BANSI,-,-,Ganga,Ganga,Ghaghra,Rapti,-,Rapti,27.18916667,82.94000000,09-01-2026 03:00,NaN
118,Bansi ,CWC,9,Uttar Pradesh,182,SIDDHARTHNAGAR,BANSI,-,-,Ganga,Ganga,Ghaghra,Rapti,-,Rapti,27.18916667,82.94000000,09-01-2026 04:00,NaN
119,Bansi ,CWC,9,Uttar Pradesh,182,SIDDHARTHNAGAR,BANSI,-,-,Ganga,Ganga,Ghaghra,Rapti,-,Rapti,27.18916667,82.94000000,09-01-2026 05:00,NaN
120,Bansi ,CWC,9,Uttar Pradesh,182,SIDDHARTHNAGAR,BANSI,-,-,Ganga,Ganga,Ghaghra,Rapti,-,Rapti,27.18916667,82.94000000,09-01-2026 06:00,NaN
121,Bansi ,CWC,9,Uttar Pradesh,182,SIDDHARTHNAGAR,BANSI,-,-,Ganga,Ganga,Ghaghra,Rapti,-,Rapti,27.18916667,82.94000000,09-01-2026 09:00,NaN
122,Bansi ,CWC,9,Uttar Pradesh,182,SIDDHARTHNAGAR,BANSI,-,-,Ganga,Ganga,Ghaghra,Rapti,-,Rapti,27.18916667,82.94000000,10-01-2026 02:00,NaN
123,Bansi ,CWC,9,Uttar Pradesh,182,SIDDHARTHNAGAR,BANSI,-,-,Ganga,Ganga,Ghaghra,Rapti,-,Rapti,27.18916667,82.94000000,10-01-2026 03:00,NaN
124,Bansi ,CWC,9,Uttar Pradesh,182,SIDDHARTHNAGAR,BANSI,-,-,Ganga,Ganga,Ghaghra,Rapti,-,Rapti,27.18916667,82.94000000,10-01-2026 04:00,NaN
125,Bansi ,CWC,9,Uttar Pradesh,182,SIDDHARTHNAGAR,BANSI,-,-,Ganga,Ganga,Ghaghra,Rapti,-,Rapti,27.18916667,82.94000000,10-01-2026 05:00,NaN
126,Bansi ,CWC,9,Uttar Pradesh,182,SIDDHARTHNAGAR,BANSI,-,-,Ganga,Ganga,Ghaghra,Rapti,-,Rapti,27.18916667,82.94000000,10-01-2026 06:00,NaN
127,Bansi ,CWC,9,Uttar Pradesh,182,SIDDHARTHNAGAR,BANSI,-,-,Ganga,Ganga,Ghaghra,Rapti,-,Rapti,27.18916667,82.94000000,10-01-2026 07:00,NaN
128,Bansi ,CWC,9,Uttar Pradesh,182,SIDDHARTHNAGAR,BANSI,-,-,Ganga,Ganga,Ghaghra,Rapti,-,Rapti,27.18916667,82.94000000,10-01-2026 08:00,NaN
129,Bansi ,CWC,9,Uttar Pradesh,182,SIDDHARTHNAGAR,BANSI,-,-,Ganga,Ganga,Ghaghra,Rapti,-,Rapti,27.18916667,82.94000000,10-01-2026 09:00,NaN
130,Bansi ,CWC,9,Uttar Pradesh,182,SIDDHARTHNAGAR,BANSI,-,-,Ganga,Ganga,Ghaghra,Rapti,-,Rapti,27.18916667,82.94000000,10-01-2026 11:00,NaN
131,Bansi ,CWC,9,Uttar Pradesh,182,SIDDHARTHNAGAR,BANSI,-,-,Ganga,Ganga,Ghaghra,Rapti,-,Rapti,27.18916667,82.94000000,10-01-2026 12:00,NaN
132,Bansi ,CWC,9,Uttar Pradesh,182,SIDDHARTHNAGAR,BANSI,-,-,Ganga,Ganga,Ghaghra,Rapti,-,Rapti,27.18916667,82.94000000,10-01-2026 13:00,NaN
133,Bansi ,CWC,9,Uttar Pradesh,182,SIDDHARTHNAGAR,BANSI,-,-,Ganga,Ganga,Ghaghra,Rapti,-,Rapti,27.18916667,82.94000000,10-01-2026 16:00,NaN
134,Bansi ,CWC,9,Uttar Pradesh,182,SIDDHARTHNAGAR,BANSI,-,-,Ganga,Ganga,Ghaghra,Rapti,-,Rapti,27.18916667,82.94000000,10-01-2026 17:00,NaN
135,Bansi ,CWC,9,Uttar Pradesh,182,SIDDHARTHNAGAR,BANSI,-,-,Ganga,Ganga,Ghaghra,Rapti,-,Rapti,27.18916667,82.94000000,11-01-2026 01:00,NaN
136,Bansi ,CWC,9,Uttar Pradesh,182,SIDDHARTHNAGAR,BANSI,-,-,Ganga,Ganga,Ghaghra,Rapti,-,Rapti,27.18916667,82.94000000,11-01-2026 02:00,NaN
137,Bansi ,CWC,9,Uttar Pradesh,182,SIDDHARTHNAGAR,BANSI,-,-,Ganga,Ganga,Ghaghra,Rapti,-,Rapti,27.18916667,82.94000000,11-01-2026 04:00,NaN
138,Bansi ,CWC,9,Uttar Pradesh,182,SIDDHARTHNAGAR,BANSI,-,-,Ganga,Ganga,Ghaghra,Rapti,-,Rapti,27.18916667,82.94000000,11-01-2026 05:00,NaN
139,Bansi ,CWC,9,Uttar Pradesh,182,SIDDHARTHNAGAR,BANSI,-,-,Ganga,Ganga,Ghaghra,Rapti,-,Rapti,27.18916667,82.94000000,11-01-2026 06:00,NaN
140,Bansi ,CWC,9,Uttar Pradesh,182,SIDDHARTHNAGAR,BANSI,-,-,Ganga,Ganga,Ghaghra,Rapti,-,Rapti,27.18916667,82.94000000,11-01-2026 07:00,NaN
141,Bansi ,CWC,9,Uttar Pradesh,182,SIDDHARTHNAGAR,BANSI,-,-,Ganga,Ganga,Ghaghra,Rapti,-,Rapti,27.18916667,82.94000000,11-01-2026 09:00,NaN
142,Bansi ,CWC,9,Uttar Pradesh,182,SIDDHARTHNAGAR,BANSI,-,-,Ganga,Ganga,Ghaghra,Rapti,-,Rapti,27.18916667,82.94000000,11-01-2026 10:00,NaN
143,Bansi ,CWC,9,Uttar Pradesh,182,SIDDHARTHNAGAR,BANSI,-,-,Ganga,Ganga,Ghaghra,Rapti,-,Rapti,27.18916667,82.94000000,11-01-2026 11:00,NaN
144,Bansi ,CWC,9,Uttar Pradesh,182,SIDDHARTHNAGAR,BANSI,-,-,Ganga,Ganga,Ghaghra,Rapti,-,Rapti,27.18916667,82.94000000,11-01-2026 14:00,NaN
145,Bansi ,CWC,9,Uttar Pradesh,182,SIDDHARTHNAGAR,BANSI,-,-,Ganga,Ganga,Ghaghra,Rapti,-,Rapti,27.18916667,82.94000000,11-01-2026 17:00,NaN
146,Bansi ,CWC,9,Uttar Pradesh,182,SIDDHARTHNAGAR,BANSI,-,-,Ganga,Ganga,Ghaghra,Rapti,-,Rapti,27.18916667,82.94000000,11-01-2026 18:00,NaN
147,Bansi ,CWC,9,Uttar Pradesh,182,SIDDHARTHNAGAR,BANSI,-,-,Ganga,Ganga,Ghaghra,Rapti,-,Rapti,27.18916667,82.94000000,11-01-2026 19:00,NaN
148,Bansi ,CWC,9,Uttar Pradesh,182,SIDDHARTHNAGAR,BANSI,-,-,Ganga,Ganga,Ghaghra,Rapti,-,Rapti,27.18916667,82.94000000,11-01-2026 20:00,NaN
149,Bansi ,CWC,9,Uttar Pradesh,182,SIDDHARTHNAGAR,BANSI,-,-,Ganga,Ganga,Ghaghra,Rapti,-,Rapti,27.18916667,82.94000000,11-01-2026 21:00,NaN
150,Bansi ,CWC,9,Uttar Pradesh,182,SIDDHARTHNAGAR,BANSI,-,-,Ganga,Ganga,Ghaghra,Rapti,-,Rapti,27.18916667,82.94000000,11-01-2026 22:00,NaN
151,Bansi ,CWC,9,Uttar Pradesh,182,SIDDHARTHNAGAR,BANSI,-,-,Ganga,Ganga,Ghaghra,Rapti,-,Rapti,27.18916667,82.94000000,12-01-2026 02:00,NaN
152,Bansi ,CWC,9,Uttar Pradesh,182,SIDDHARTHNAGAR,BANSI,-,-,Ganga,Ganga,Ghaghra,Rapti,-,Rapti,27.18916667,82.94000000,12-01-2026 03:00,NaN
153,Bansi ,CWC,9,Uttar Pradesh,182,SIDDHARTHNAGAR,BANSI,-,-,Ganga,Ganga,Ghaghra,Rapti,-,Rapti,27.18916667,82.94000000,12-01-2026 04:00,NaN
154,Bansi ,CWC,9,Uttar Pradesh,182,SIDDHARTHNAGAR,BANSI,-,-,Ganga,Ganga,Ghaghra,Rapti,-,Rapti,27.18916667,82.94000000,12-01-2026 10:00,NaN
155,Bansi ,CWC,9,Uttar Pradesh,182,SIDDHARTHNAGAR,BANSI,-,-,Ganga,Ganga,Ghaghra,Rapti,-,Rapti,27.18916667,82.94000000,13-01-2026 02:00,NaN
156,Bansi ,CWC,9,Uttar Pradesh,182,SIDDHARTHNAGAR,BANSI,-,-,Ganga,Ganga,Ghaghra,Rapti,-,Rapti,27.18916667,82.94000000,13-01-2026 03:00,NaN
157,Bansi ,CWC,9,Uttar Pradesh,182,SIDDHARTHNAGAR,BANSI,-,-,Ganga,Ganga,Ghaghra,Rapti,-,Rapti,27.18916667,82.94000000,13-01-2026 05:00,NaN
158,Bansi ,CWC,9,Uttar Pradesh,182,SIDDHARTHNAGAR,BANSI,-,-,Ganga,Ganga,Ghaghra,Rapti,-,Rapti,27.18916667,82.94000000,13-01-2026 10:00,NaN
159,Bansi ,CWC,9,Uttar Pradesh,182,SIDDHARTHNAGAR,BANSI,-,-,Ganga,Ganga,Ghaghra,Rapti,-,Rapti,27.18916667,82.94000000,14-01-2026 03:00,NaN
160,Bansi ,CWC,9,Uttar Pradesh,182,SIDDHARTHNAGAR,BANSI,-,-,Ganga,Ganga,Ghaghra,Rapti,-,Rapti,27.18916667,82.94000000,14-01-2026 04:00,NaN
161,Bansi ,CWC,9,Uttar Pradesh,182,SIDDHARTHNAGAR,BANSI,-,-,Ganga,Ganga,Ghaghra,Rapti,-,Rapti,27.18916667,82.94000000,14-01-2026 05:00,NaN
162,Bansi ,CWC,9,Uttar Pradesh,182,SIDDHARTHNAGAR,BANSI,-,-,Ganga,Ganga,Ghaghra,Rapti,-,Rapti,27.18916667,82.94000000,14-01-2026 08:00,NaN
163,Bansi ,CWC,9,Uttar Pradesh,182,SIDDHARTHNAGAR,BANSI,-,-,Ganga,Ganga,Ghaghra,Rapti,-,Rapti,27.18916667,82.94000000,15-01-2026 02:00,NaN
164,Bansi ,CWC,9,Uttar Pradesh,182,SIDDHARTHNAGAR,BANSI,-,-,Ganga,Ganga,Ghaghra,Rapti,-,Rapti,27.18916667,82.94000000,15-01-2026 03:00,NaN
165,Bansi ,CWC,9,Uttar Pradesh,182,SIDDHARTHNAGAR,BANSI,-,-,Ganga,Ganga,Ghaghra,Rapti,-,Rapti,27.18916667,82.94000000,16-01-2026 02:00,NaN
166,Bansi ,CWC,9,Uttar Pradesh,182,SIDDHARTHNAGAR,BANSI,-,-,Ganga,Ganga,Ghaghra,Rapti,-,Rapti,27.18916667,82.94000000,16-01-2026 03:00,NaN
167,Bansi ,CWC,9,Uttar Pradesh,182,SIDDHARTHNAGAR,BANSI,-,-,Ganga,Ganga,Ghaghra,Rapti,-,Rapti,27.18916667,82.94000000,17-01-2026 03:00,NaN
168,Bansi ,CWC,9,Uttar Pradesh,182,SIDDHARTHNAGAR,BANSI,-,-,Ganga,Ganga,Ghaghra,Rapti,-,Rapti,27.18916667,82.94000000,17-01-2026 04:00,NaN
169,Bansi ,CWC,9,Uttar Pradesh,182,SIDDHARTHNAGAR,BANSI,-,-,Ganga,Ganga,Ghaghra,Rapti,-,Rapti,27.18916667,82.94000000,17-01-2026 05:00,NaN
170,Bansi ,CWC,9,Uttar Pradesh,182,SIDDHARTHNAGAR,BANSI,-,-,Ganga,Ganga,Ghaghra,Rapti,-,Rapti,27.18916667,82.94000000,17-01-2026 06:00,NaN
171,Bansi ,CWC,9,Uttar Pradesh,182,SIDDHARTHNAGAR,BANSI,-,-,Ganga,Ganga,Ghaghra,Rapti,-,Rapti,27.18916667,82.94000000,17-01-2026 07:00,NaN
172,Bansi ,CWC,9,Uttar Pradesh,182,SIDDHARTHNAGAR,BANSI,-,-,Ganga,Ganga,Ghaghra,Rapti,-,Rapti,27.18916667,82.94000000,17-01-2026 08:00,NaN
173,Bansi ,CWC,9,Uttar Pradesh,182,SIDDHARTHNAGAR,BANSI,-,-,Ganga,Ganga,Ghaghra,Rapti,-,Rapti,27.18916667,82.94000000,17-01-2026 09:00,NaN
174,Bansi ,CWC,9,Uttar Pradesh,182,SIDDHARTHNAGAR,BANSI,-,-,Ganga,Ganga,Ghaghra,Rapti,-,Rapti,27.18916667,82.94000000,17-01-2026 10:00,NaN
175,Bansi ,CWC,9,Uttar Pradesh,182,SIDDHARTHNAGAR,BANSI,-,-,Ganga,Ganga,Ghaghra,Rapti,-,Rapti,27.18916667,82.94000000,29-01-2026 03:00,NaN
176,Bansi ,CWC,9,Uttar Pradesh,182,SIDDHARTHNAGAR,BANSI,-,-,Ganga,Ganga,Ghaghra,Rapti,-,Rapti,27.18916667,82.94000000,29-01-2026 07:30,NaN
177,Bansi ,CWC,9,Uttar Pradesh,182,SIDDHARTHNAGAR,BANSI,-,-,Ganga,Ganga,Ghaghra,Rapti,-,Rapti,27.18916667,82.94000000,30-01-2026 03:00,NaN
178,Bansi ,CWC,9,Uttar Pradesh,182,SIDDHARTHNAGAR,BANSI,-,-,Ganga,Ganga,Ghaghra,Rapti,-,Rapti,27.18916667,82.94000000,30-01-2026 08:00,NaN
179,Bansi ,CWC,9,Uttar Pradesh,182,SIDDHARTHNAGAR,BANSI,-,-,Ganga,Ganga,Ghaghra,Rapti,-,Rapti,27.18916667,82.94000000,31-01-2026 02:00,NaN
180,Bansi ,CWC,9,Uttar Pradesh,182,SIDDHARTHNAGAR,BANSI,-,-,Ganga,Ganga,Ghaghra,Rapti,-,Rapti,27.18916667,82.94000000,31-01-2026 03:00,NaN
181,Bansi ,CWC,9,Uttar Pradesh,182,SIDDHARTHNAGAR,BANSI,-,-,Ganga,Ganga,Ghaghra,Rapti,-,Rapti,27.18916667,82.94000000,31-01-2026 05:00,NaN
182,Bansi ,CWC,9,Uttar Pradesh,182,SIDDHARTHNAGAR,BANSI,-,-,Ganga,Ganga,Ghaghra,Rapti,-,Rapti,27.18916667,82.94000000,31-01-2026 06:00,NaN
183,Bansi ,CWC,9,Uttar Pradesh,182,SIDDHARTHNAGAR,BANSI,-,-,Ganga,Ganga,Ghaghra,Rapti,-,Rapti,27.18916667,82.94000000,31-01-2026 07:00,NaN
184,Bansi ,CWC,9,Uttar Pradesh,182,SIDDHARTHNAGAR,BANSI,-,-,Ganga,Ganga,Ghaghra,Rapti,-,Rapti,27.18916667,82.94000000,31-01-2026 08:00,NaN
185,Bansi ,CWC,9,Uttar Pradesh,182,SIDDHARTHNAGAR,BANSI,-,-,Ganga,Ganga,Ghaghra,Rapti,-,Rapti,27.18916667,82.94000000,31-01-2026 10:00,NaN
186,Bansi ,CWC,9,Uttar Pradesh,182,SIDDHARTHNAGAR,BANSI,-,-,Ganga,Ganga,Ghaghra,Rapti,-,Rapti,27.18916667,82.94000000,31-01-2026 11:00,NaN
187,Bansi ,CWC,9,Uttar Pradesh,182,SIDDHARTHNAGAR,BANSI,-,-,Ganga,Ganga,Ghaghra,Rapti,-,Rapti,27.18916667,82.94000000,31-01-2026 12:00,NaN
188,Bansi ,CWC,9,Uttar Pradesh,182,SIDDHARTHNAGAR,BANSI,-,-,Ganga,Ganga,Ghaghra,Rapti,-,Rapti,27.18916667,82.94000000,01-02-2026 02:00,NaN
189,Bansi ,CWC,9,Uttar Pradesh,182,SIDDHARTHNAGAR,BANSI,-,-,Ganga,Ganga,Ghaghra,Rapti,-,Rapti,27.18916667,82.94000000,01-02-2026 03:00,NaN
190,Bansi ,CWC,9,Uttar Pradesh,182,SIDDHARTHNAGAR,BANSI,-,-,Ganga,Ganga,Ghaghra,Rapti,-,Rapti,27.18916667,82.94000000,01-02-2026 04:00,NaN
191,Bansi ,CWC,9,Uttar Pradesh,182,SIDDHARTHNAGAR,BANSI,-,-,Ganga,Ganga,Ghaghra,Rapti,-,Rapti,27.18916667,82.94000000,01-02-2026 05:00,NaN
192,Bansi ,CWC,9,Uttar Pradesh,182,SIDDHARTHNAGAR,BANSI,-,-,Ganga,Ganga,Ghaghra,Rapti,-,Rapti,27.18916667,82.94000000,01-02-2026 10:00,NaN
193,Bansi ,CWC,9,Uttar Pradesh,182,SIDDHARTHNAGAR,BANSI,-,-,Ganga,Ganga,Ghaghra,Rapti,-,Rapti,27.18916667,82.94000000,02-02-2026 02:00,NaN
194,Bansi ,CWC,9,Uttar Pradesh,182,SIDDHARTHNAGAR,BANSI,-,-,Ganga,Ganga,Ghaghra,Rapti,-,Rapti,27.18916667,82.94000000,02-02-2026 03:00,NaN
195,Bansi ,CWC,9,Uttar Pradesh,182,SIDDHARTHNAGAR,BANSI,-,-,Ganga,Ganga,Ghaghra,Rapti,-,Rapti,27.18916667,82.94000000,02-02-2026 04:00,NaN
196,Bansi ,CWC,9,Uttar Pradesh,182,SIDDHARTHNAGAR,BANSI,-,-,Ganga,Ganga,Ghaghra,Rapti,-,Rapti,27.18916667,82.94000000,02-02-2026 09:00,NaN
197,Bansi ,CWC,9,Uttar Pradesh,182,SIDDHARTHNAGAR,BANSI,-,-,Ganga,Ganga,Ghaghra,Rapti,-,Rapti,27.18916667,82.94000000,03-02-2026 02:00,NaN
198,Bansi ,CWC,9,Uttar Pradesh,182,SIDDHARTHNAGAR,BANSI,-,-,Ganga,Ganga,Ghaghra,Rapti,-,Rapti,27.18916667,82.94000000,03-02-2026 03:00,NaN
199,Bansi ,CWC,9,Uttar Pradesh,182,SIDDHARTHNAGAR,BANSI,-,-,Ganga,Ganga,Ghaghra,Rapti,-,Rapti,27.18916667,82.94000000,03-02-2026 07:00,NaN
200,Bansi ,CWC,9,Uttar Pradesh,182,SIDDHARTHNAGAR,BANSI,-,-,Ganga,Ganga,Ghaghra,Rapti,-,Rapti,27.18916667,82.94000000,03-02-2026 16:00,NaN
201,Bansi ,CWC,9,Uttar Pradesh,182,SIDDHARTHNAGAR,BANSI,-,-,Ganga,Ganga,Ghaghra,Rapti,-,Rapti,27.18916667,82.94000000,03-02-2026 17:00,NaN
202,Bansi ,CWC,9,Uttar Pradesh,182,SIDDHARTHNAGAR,BANSI,-,-,Ganga,Ganga,Ghaghra,Rapti,-,Rapti,27.18916667,82.94000000,03-02-2026 18:00,NaN
203,Bansi ,CWC,9,Uttar Pradesh,182,SIDDHARTHNAGAR,BANSI,-,-,Ganga,Ganga,Ghaghra,Rapti,-,Rapti,27.18916667,82.94000000,03-02-2026 19:00,NaN
204,Bansi ,CWC,9,Uttar Pradesh,182,SIDDHARTHNAGAR,BANSI,-,-,Ganga,Ganga,Ghaghra,Rapti,-,Rapti,27.18916667,82.94000000,03-02-2026 20:00,NaN
205,Bansi ,CWC,9,Uttar Pradesh,182,SIDDHARTHNAGAR,BANSI,-,-,Ganga,Ganga,Ghaghra,Rapti,-,Rapti,27.18916667,82.94000000,03-02-2026 21:00,NaN
206,Bansi ,CWC,9,Uttar Pradesh,182,SIDDHARTHNAGAR,BANSI,-,-,Ganga,Ganga,Ghaghra,Rapti,-,Rapti,27.18916667,82.94000000,04-02-2026 03:00,NaN
207,Bansi ,CWC,9,Uttar Pradesh,182,SIDDHARTHNAGAR,BANSI,-,-,Ganga,Ganga,Ghaghra,Rapti,-,Rapti,27.18916667,82.94000000,04-02-2026 19:00,NaN
208,Bansi ,CWC,9,Uttar Pradesh,182,SIDDHARTHNAGAR,BANSI,-,-,Ganga,Ganga,Ghaghra,Rapti,-,Rapti,27.18916667,82.94000000,04-02-2026 20:00,NaN
209,Bansi ,CWC,9,Uttar Pradesh,182,SIDDHARTHNAGAR,BANSI,-,-,Ganga,Ganga,Ghaghra,Rapti,-,Rapti,27.18916667,82.94000000,04-02-2026 21:00,NaN
210,Bansi ,CWC,9,Uttar Pradesh,182,SIDDHARTHNAGAR,BANSI,-,-,Ganga,Ganga,Ghaghra,Rapti,-,Rapti,27.18916667,82.94000000,04-02-2026 22:00,NaN
211,Bansi ,CWC,9,Uttar Pradesh,182,SIDDHARTHNAGAR,BANSI,-,-,Ganga,Ganga,Ghaghra,Rapti,-,Rapti,27.18916667,82.94000000,05-02-2026 01:00,NaN
212,Bansi ,CWC,9,Uttar Pradesh,182,SIDDHARTHNAGAR,BANSI,-,-,Ganga,Ganga,Ghaghra,Rapti,-,Rapti,27.18916667,82.94000000,05-02-2026 02:00,NaN
213,Bansi ,CWC,9,Uttar Pradesh,182,SIDDHARTHNAGAR,BANSI,-,-,Ganga,Ganga,Ghaghra,Rapti,-,Rapti,27.18916667,82.94000000,05-02-2026 03:00,NaN
214,Bansi ,CWC,9,Uttar Pradesh,182,SIDDHARTHNAGAR,BANSI,-,-,Ganga,Ganga,Ghaghra,Rapti,-,Rapti,27.18916667,82.94000000,05-02-2026 04:00,NaN
215,Bansi ,CWC,9,Uttar Pradesh,182,SIDDHARTHNAGAR,BANSI,-,-,Ganga,Ganga,Ghaghra,Rapti,-,Rapti,27.18916667,82.94000000,05-02-2026 05:00,NaN
216,Bansi ,CWC,9,Uttar Pradesh,182,SIDDHARTHNAGAR,BANSI,-,-,Ganga,Ganga,Ghaghra,Rapti,-,Rapti,27.18916667,82.94000000,06-02-2026 03:00,NaN
217,Bansi ,CWC,9,Uttar Pradesh,182,SIDDHARTHNAGAR,BANSI,-,-,Ganga,Ganga,Ghaghra,Rapti,-,Rapti,27.18916667,82.94000000,06-02-2026 04:00,NaN
218,Bansi ,CWC,9,Uttar Pradesh,182,SIDDHARTHNAGAR,BANSI,-,-,Ganga,Ganga,Ghaghra,Rapti,-,Rapti,27.18916667,82.94000000,06-02-2026 15:00,NaN
219,Bansi ,CWC,9,Uttar Pradesh,182,SIDDHARTHNAGAR,BANSI,-,-,Ganga,Ganga,Ghaghra,Rapti,-,Rapti,27.18916667,82.94000000,06-02-2026 19:00,NaN
220,Bansi ,CWC,9,Uttar Pradesh,182,SIDDHARTHNAGAR,BANSI,-,-,Ganga,Ganga,Ghaghra,Rapti,-,Rapti,27.18916667,82.94000000,06-02-2026 20:00,NaN
221,Bansi ,CWC,9,Uttar Pradesh,182,SIDDHARTHNAGAR,BANSI,-,-,Ganga,Ganga,Ghaghra,Rapti,-,Rapti,27.18916667,82.94000000,07-02-2026 02:00,NaN
222,Bansi ,CWC,9,Uttar Pradesh,182,SIDDHARTHNAGAR,BANSI,-,-,Ganga,Ganga,Ghaghra,Rapti,-,Rapti,27.18916667,82.94000000,07-02-2026 04:00,NaN
223,Bansi ,CWC,9,Uttar Pradesh,182,SIDDHARTHNAGAR,BANSI,-,-,Ganga,Ganga,Ghaghra,Rapti,-,Rapti,27.18916667,82.94000000,08-02-2026 02:00,NaN
224,Bansi ,CWC,9,Uttar Pradesh,182,SIDDHARTHNAGAR,BANSI,-,-,Ganga,Ganga,Ghaghra,Rapti,-,Rapti,27.18916667,82.94000000,08-02-2026 03:00,NaN
225,Bansi ,CWC,9,Uttar Pradesh,182,SIDDHARTHNAGAR,BANSI,-,-,Ganga,Ganga,Ghaghra,Rapti,-,Rapti,27.18916667,82.94000000,08-02-2026 06:00,NaN
226,Bansi ,CWC,9,Uttar Pradesh,182,SIDDHARTHNAGAR,BANSI,-,-,Ganga,Ganga,Ghaghra,Rapti,-,Rapti,27.18916667,82.94000000,08-02-2026 10:00,NaN
227,Bansi ,CWC,9,Uttar Pradesh,182,SIDDHARTHNAGAR,BANSI,-,-,Ganga,Ganga,Ghaghra,Rapti,-,Rapti,27.18916667,82.94000000,08-02-2026 20:00,NaN
228,Bansi ,CWC,9,Uttar Pradesh,182,SIDDHARTHNAGAR,BANSI,-,-,Ganga,Ganga,Ghaghra,Rapti,-,Rapti,27.18916667,82.94000000,08-02-2026 21:00,NaN
229,Bansi ,CWC,9,Uttar Pradesh,182,SIDDHARTHNAGAR,BANSI,-,-,Ganga,Ganga,Ghaghra,Rapti,-,Rapti,27.18916667,82.94000000,08-02-2026 22:00,NaN
230,Bansi ,CWC,9,Uttar Pradesh,182,SIDDHARTHNAGAR,BANSI,-,-,Ganga,Ganga,Ghaghra,Rapti,-,Rapti,27.18916667,82.94000000,09-02-2026 03:00,NaN
231,Bansi ,CWC,9,Uttar Pradesh,182,SIDDHARTHNAGAR,BANSI,-,-,Ganga,Ganga,Ghaghra,Rapti,-,Rapti,27.18916667,82.94000000,11-02-2026 02:00,NaN
232,Bansi ,CWC,9,Uttar Pradesh,182,SIDDHARTHNAGAR,BANSI,-,-,Ganga,Ganga,Ghaghra,Rapti,-,Rapti,27.18916667,82.94000000,11-02-2026 12:00,NaN
233,Bansi ,CWC,9,Uttar Pradesh,182,SIDDHARTHNAGAR,BANSI,-,-,Ganga,Ganga,Ghaghra,Rapti,-,Rapti,27.18916667,82.94000000,15-02-2026 01:00,NaN
234,Bansi ,CWC,9,Uttar Pradesh,182,SIDDHARTHNAGAR,BANSI,-,-,Ganga,Ganga,Ghaghra,Rapti,-,Rapti,27.18916667,82.94000000,15-02-2026 02:00,NaN
235,Bansi ,CWC,9,Uttar Pradesh,182,SIDDHARTHNAGAR,BANSI,-,-,Ganga,Ganga,Ghaghra,Rapti,-,Rapti,27.18916667,82.94000000,15-02-2026 05:00,NaN
236,Bansi ,CWC,9,Uttar Pradesh,182,SIDDHARTHNAGAR,BANSI,-,-,Ganga,Ganga,Ghaghra,Rapti,-,Rapti,27.18916667,82.94000000,16-02-2026 03:00,NaN
237,Bansi ,CWC,9,Uttar Pradesh,182,SIDDHARTHNAGAR,BANSI,-,-,Ganga,Ganga,Ghaghra,Rapti,-,Rapti,27.18916667,82.94000000,17-02-2026 22:00,NaN
238,Bansi ,CWC,9,Uttar Pradesh,182,SIDDHARTHNAGAR,BANSI,-,-,Ganga,Ganga,Ghaghra,Rapti,-,Rapti,27.18916667,82.94000000,18-02-2026 02:00,NaN
239,Bansi ,CWC,9,Uttar Pradesh,182,SIDDHARTHNAGAR,BANSI,-,-,Ganga,Ganga,Ghaghra,Rapti,-,Rapti,27.18916667,82.94000000,18-02-2026 03:00,NaN
240,Bansi ,CWC,9,Uttar Pradesh,182,SIDDHARTHNAGAR,BANSI,-,-,Ganga,Ganga,Ghaghra,Rapti,-,Rapti,27.18916667,82.94000000,20-02-2026 02:00,NaN
241,Bansi ,CWC,9,Uttar Pradesh,182,SIDDHARTHNAGAR,BANSI,-,-,Ganga,Ganga,Ghaghra,Rapti,-,Rapti,27.18916667,82.94000000,21-02-2026 02:00,NaN
242,Bansi ,CWC,9,Uttar Pradesh,182,SIDDHARTHNAGAR,BANSI,-,-,Ganga,Ganga,Ghaghra,Rapti,-,Rapti,27.18916667,82.94000000,21-02-2026 03:00,NaN
243,Bansi ,CWC,9,Uttar Pradesh,182,SIDDHARTHNAGAR,BANSI,-,-,Ganga,Ganga,Ghaghra,Rapti,-,Rapti,27.18916667,82.94000000,22-02-2026 03:00,NaN
244,Bansi ,CWC,9,Uttar Pradesh,182,SIDDHARTHNAGAR,BANSI,-,-,Ganga,Ganga,Ghaghra,Rapti,-,Rapti,27.18916667,82.94000000,22-02-2026 04:00,NaN
245,Bansi ,CWC,9,Uttar Pradesh,182,SIDDHARTHNAGAR,BANSI,-,-,Ganga,Ganga,Ghaghra,Rapti,-,Rapti,27.18916667,82.94000000,23-02-2026 23:00,NaN
246,Bansi ,CWC,9,Uttar Pradesh,182,SIDDHARTHNAGAR,BANSI,-,-,Ganga,Ganga,Ghaghra,Rapti,-,Rapti,27.18916667,82.94000000,24-02-2026 02:00,NaN
247,Bansi ,CWC,9,Uttar Pradesh,182,SIDDHARTHNAGAR,BANSI,-,-,Ganga,Ganga,Ghaghra,Rapti,-,Rapti,27.18916667,82.94000000,25-02-2026 02:00,NaN
248,Bansi ,CWC,9,Uttar Pradesh,182,SIDDHARTHNAGAR,BANSI,-,-,Ganga,Ganga,Ghaghra,Rapti,-,Rapti,27.18916667,82.94000000,25-02-2026 13:00,NaN
249,Bansi ,CWC,9,Uttar Pradesh,182,SIDDHARTHNAGAR,BANSI,-,-,Ganga,Ganga,Ghaghra,Rapti,-,Rapti,27.18916667,82.94000000,28-02-2026 10:00,NaN
250,Bansi ,CWC,9,Uttar Pradesh,182,SIDDHARTHNAGAR,BANSI,-,-,Ganga,Ganga,Ghaghra,Rapti,-,Rapti,27.18916667,82.94000000,01-03-2026 03:00,NaN
251,Bansi ,CWC,9,Uttar Pradesh,182,SIDDHARTHNAGAR,BANSI,-,-,Ganga,Ganga,Ghaghra,Rapti,-,Rapti,27.18916667,82.94000000,02-03-2026 02:00,NaN
252,Basantpur,CWC,9,Uttar Pradesh,132,BIJNOR,Chandpur,-,-,Ganga,Ganga,-,-,-,Ganga,29.10305556,78.09861111,23-02-2026 22:00,9.5
253,Basantpur,CWC,9,Uttar Pradesh,132,BIJNOR,Chandpur,-,-,Ganga,Ganga,-,-,-,Ganga,29.10305556,78.09861111,24-02-2026 00:00,9.5
254,Basantpur,CWC,9,Uttar Pradesh,132,BIJNOR,Chandpur,-,-,Ganga,Ganga,-,-,-,Ganga,29.10305556,78.09861111,02-03-2026 06:00,7
255,Basantpur,CWC,9,Uttar Pradesh,132,BIJNOR,Chandpur,-,-,Ganga,Ganga,-,-,-,Ganga,29.10305556,78.09861111,24-03-2026 15:00,1
256,Basantpur,CWC,9,Uttar Pradesh,132,BIJNOR,Chandpur,-,-,Ganga,Ganga,-,-,-,Ganga,29.10305556,78.09861111,27-03-2026 07:00,5.5
257,Basantpur,CWC,9,Uttar Pradesh,132,BIJNOR,Chandpur,-,-,Ganga,Ganga,-,-,-,Ganga,29.10305556,78.09861111,30-03-2026 08:00,7.5
258,Basantpur,CWC,9,Uttar Pradesh,132,BIJNOR,Chandpur,-,-,Ganga,Ganga,-,-,-,Ganga,29.10305556,78.09861111,30-03-2026 10:00,7.5
259,Basantpur,CWC,9,Uttar Pradesh,132,BIJNOR,Chandpur,-,-,Ganga,Ganga,-,-,-,Ganga,29.10305556,78.09861111,30-03-2026 12:00,8
260,Basantpur,CWC,9,Uttar Pradesh,132,BIJNOR,Chandpur,-,-,Ganga,Ganga,-,-,-,Ganga,29.10305556,78.09861111,30-03-2026 13:00,8
261,Basantpur,CWC,9,Uttar Pradesh,132,BIJNOR,Chandpur,-,-,Ganga,Ganga,-,-,-,Ganga,29.10305556,78.09861111,30-03-2026 14:00,8
262,Basantpur,CWC,9,Uttar Pradesh,132,BIJNOR,Chandpur,-,-,Ganga,Ganga,-,-,-,Ganga,29.10305556,78.09861111,30-03-2026 15:00,8
263,Basantpur,CWC,9,Uttar Pradesh,132,BIJNOR,Chandpur,-,-,Ganga,Ganga,-,-,-,Ganga,29.10305556,78.09861111,30-03-2026 16:00,8
264,Basantpur,CWC,9,Uttar Pradesh,132,BIJNOR,Chandpur,-,-,Ganga,Ganga,-,-,-,Ganga,29.10305556,78.09861111,30-03-2026 17:00,8
265,Basantpur,CWC,9,Uttar Pradesh,132,BIJNOR,Chandpur,-,-,Ganga,Ganga,-,-,-,Ganga,29.10305556,78.09861111,30-03-2026 18:00,8
266,Basantpur,CWC,9,Uttar Pradesh,132,BIJNOR,Chandpur,-,-,Ganga,Ganga,-,-,-,Ganga,29.10305556,78.09861111,30-03-2026 19:00,8
267,Basantpur,CWC,9,Uttar Pradesh,132,BIJNOR,Chandpur,-,-,Ganga,Ganga,-,-,-,Ganga,29.10305556,78.09861111,30-03-2026 20:00,8
268,Basantpur,CWC,9,Uttar Pradesh,132,BIJNOR,Chandpur,-,-,Ganga,Ganga,-,-,-,Ganga,29.10305556,78.09861111,30-03-2026 21:00,8
269,Basantpur,CWC,9,Uttar Pradesh,132,BIJNOR,Chandpur,-,-,Ganga,Ganga,-,-,-,Ganga,29.10305556,78.09861111,30-03-2026 22:00,8
270,Basantpur,CWC,9,Uttar Pradesh,132,BIJNOR,Chandpur,-,-,Ganga,Ganga,-,-,-,Ganga,29.10305556,78.09861111,30-03-2026 23:00,8
271,Basantpur,CWC,9,Uttar Pradesh,132,BIJNOR,Chandpur,-,-,Ganga,Ganga,-,-,-,Ganga,29.10305556,78.09861111,31-03-2026 00:00,8
272,Basantpur,CWC,9,Uttar Pradesh,132,BIJNOR,Chandpur,-,-,Ganga,Ganga,-,-,-,Ganga,29.10305556,78.09861111,31-03-2026 01:00,8
273,Basantpur,CWC,9,Uttar Pradesh,132,BIJNOR,Chandpur,-,-,Ganga,Ganga,-,-,-,Ganga,29.10305556,78.09861111,31-03-2026 02:00,8
274,Basantpur,CWC,9,Uttar Pradesh,132,BIJNOR,Chandpur,-,-,Ganga,Ganga,-,-,-,Ganga,29.10305556,78.09861111,31-03-2026 09:00,6
275,Basantpur,CWC,9,Uttar Pradesh,132,BIJNOR,Chandpur,-,-,Ganga,Ganga,-,-,-,Ganga,29.10305556,78.09861111,31-03-2026 10:00,22.5
276,Basantpur,CWC,9,Uttar Pradesh,132,BIJNOR,Chandpur,-,-,Ganga,Ganga,-,-,-,Ganga,29.10305556,78.09861111,31-03-2026 11:00,45.5
277,Basantpur,CWC,9,Uttar Pradesh,132,BIJNOR,Chandpur,-,-,Ganga,Ganga,-,-,-,Ganga,29.10305556,78.09861111,31-03-2026 12:00,45.5
278,Basantpur,CWC,9,Uttar Pradesh,132,BIJNOR,Chandpur,-,-,Ganga,Ganga,-,-,-,Ganga,29.10305556,78.09861111,31-03-2026 13:00,45.5
279,Basantpur,CWC,9,Uttar Pradesh,132,BIJNOR,Chandpur,-,-,Ganga,Ganga,-,-,-,Ganga,29.10305556,78.09861111,31-03-2026 14:00,45.5
280,Basantpur,CWC,9,Uttar Pradesh,132,BIJNOR,Chandpur,-,-,Ganga,Ganga,-,-,-,Ganga,29.10305556,78.09861111,31-03-2026 15:00,45.5
281,Basantpur,CWC,9,Uttar Pradesh,132,BIJNOR,Chandpur,-,-,Ganga,Ganga,-,-,-,Ganga,29.10305556,78.09861111,31-03-2026 16:00,45.5
282,Basantpur,CWC,9,Uttar Pradesh,132,BIJNOR,Chandpur,-,-,Ganga,Ganga,-,-,-,Ganga,29.10305556,78.09861111,31-03-2026 17:00,45.5
283,Basantpur,CWC,9,Uttar Pradesh,132,BIJNOR,Chandpur,-,-,Ganga,Ganga,-,-,-,Ganga,29.10305556,78.09861111,31-03-2026 18:00,45.5
284,Basantpur,CWC,9,Uttar Pradesh,132,BIJNOR,Chandpur,-,-,Ganga,Ganga,-,-,-,Ganga,29.10305556,78.09861111,31-03-2026 19:00,45.5
285,Basantpur,CWC,9,Uttar Pradesh,132,BIJNOR,Chandpur,-,-,Ganga,Ganga,-,-,-,Ganga,29.10305556,78.09861111,31-03-2026 20:00,45.5
286,Basantpur,CWC,9,Uttar Pradesh,132,BIJNOR,Chandpur,-,-,Ganga,Ganga,-,-,-,Ganga,29.10305556,78.09861111,31-03-2026 21:00,45.5
287,Basantpur,CWC,9,Uttar Pradesh,132,BIJNOR,Chandpur,-,-,Ganga,Ganga,-,-,-,Ganga,29.10305556,78.09861111,31-03-2026 22:00,45.5
288,Basantpur,CWC,9,Uttar Pradesh,132,BIJNOR,Chandpur,-,-,Ganga,Ganga,-,-,-,Ganga,29.10305556,78.09861111,01-04-2026 00:00,45.5
289,Basantpur,CWC,9,Uttar Pradesh,132,BIJNOR,Chandpur,-,-,Ganga,Ganga,-,-,-,Ganga,29.10305556,78.09861111,01-04-2026 01:00,45.5
290,Basantpur,CWC,9,Uttar Pradesh,132,BIJNOR,Chandpur,-,-,Ganga,Ganga,-,-,-,Ganga,29.10305556,78.09861111,01-04-2026 02:00,45.5
291,Basantpur,CWC,9,Uttar Pradesh,132,BIJNOR,Chandpur,-,-,Ganga,Ganga,-,-,-,Ganga,29.10305556,78.09861111,03-04-2026 14:00,5.5
292,Basantpur,CWC,9,Uttar Pradesh,132,BIJNOR,Chandpur,-,-,Ganga,Ganga,-,-,-,Ganga,29.10305556,78.09861111,03-04-2026 15:00,6
293,Basantpur,CWC,9,Uttar Pradesh,132,BIJNOR,Chandpur,-,-,Ganga,Ganga,-,-,-,Ganga,29.10305556,78.09861111,03-04-2026 16:00,6
294,Basantpur,CWC,9,Uttar Pradesh,132,BIJNOR,Chandpur,-,-,Ganga,Ganga,-,-,-,Ganga,29.10305556,78.09861111,03-04-2026 17:00,6
295,Basantpur,CWC,9,Uttar Pradesh,132,BIJNOR,Chandpur,-,-,Ganga,Ganga,-,-,-,Ganga,29.10305556,78.09861111,03-04-2026 18:00,6
296,Basantpur,CWC,9,Uttar Pradesh,132,BIJNOR,Chandpur,-,-,Ganga,Ganga,-,-,-,Ganga,29.10305556,78.09861111,03-04-2026 19:00,6
297,Basantpur,CWC,9,Uttar Pradesh,132,BIJNOR,Chandpur,-,-,Ganga,Ganga,-,-,-,Ganga,29.10305556,78.09861111,03-04-2026 20:00,6
298,Basantpur,CWC,9,Uttar Pradesh,132,BIJNOR,Chandpur,-,-,Ganga,Ganga,-,-,-,Ganga,29.10305556,78.09861111,03-04-2026 21:00,6
299,Basantpur,CWC,9,Uttar Pradesh,132,BIJNOR,Chandpur,-,-,Ganga,Ganga,-,-,-,Ganga,29.10305556,78.09861111,03-04-2026 22:00,6
300,Basantpur,CWC,9,Uttar Pradesh,132,BIJNOR,Chandpur,-,-,Ganga,Ganga,-,-,-,Ganga,29.10305556,78.09861111,03-04-2026 23:00,6
301,Basantpur,CWC,9,Uttar Pradesh,132,BIJNOR,Chandpur,-,-,Ganga,Ganga,-,-,-,Ganga,29.10305556,78.09861111,04-04-2026 00:00,6
302,Basantpur,CWC,9,Uttar Pradesh,132,BIJNOR,Chandpur,-,-,Ganga,Ganga,-,-,-,Ganga,29.10305556,78.09861111,04-04-2026 01:00,6
303,Basantpur,CWC,9,Uttar Pradesh,132,BIJNOR,Chandpur,-,-,Ganga,Ganga,-,-,-,Ganga,29.10305556,78.09861111,04-04-2026 02:00,6
304,Basantpur,CWC,9,Uttar Pradesh,132,BIJNOR,Chandpur,-,-,Ganga,Ganga,-,-,-,Ganga,29.10305556,78.09861111,04-04-2026 23:00,2
305,Basantpur,CWC,9,Uttar Pradesh,132,BIJNOR,Chandpur,-,-,Ganga,Ganga,-,-,-,Ganga,29.10305556,78.09861111,05-04-2026 00:00,6
306,Basantpur,CWC,9,Uttar Pradesh,132,BIJNOR,Chandpur,-,-,Ganga,Ganga,-,-,-,Ganga,29.10305556,78.09861111,05-04-2026 01:00,6.5
307,Basantpur,CWC,9,Uttar Pradesh,132,BIJNOR,Chandpur,-,-,Ganga,Ganga,-,-,-,Ganga,29.10305556,78.09861111,05-04-2026 02:00,6.5
308,Basantpur,CWC,9,Uttar Pradesh,132,BIJNOR,Chandpur,-,-,Ganga,Ganga,-,-,-,Ganga,29.10305556,78.09861111,07-04-2026 09:00,7.5
309,Basantpur,CWC,9,Uttar Pradesh,132,BIJNOR,Chandpur,-,-,Ganga,Ganga,-,-,-,Ganga,29.10305556,78.09861111,07-04-2026 11:00,7.5
310,Basantpur,CWC,9,Uttar Pradesh,132,BIJNOR,Chandpur,-,-,Ganga,Ganga,-,-,-,Ganga,29.10305556,78.09861111,07-04-2026 12:00,7.5
311,Basantpur,CWC,9,Uttar Pradesh,132,BIJNOR,Chandpur,-,-,Ganga,Ganga,-,-,-,Ganga,29.10305556,78.09861111,07-04-2026 13:00,7.5
312,Basantpur,CWC,9,Uttar Pradesh,132,BIJNOR,Chandpur,-,-,Ganga,Ganga,-,-,-,Ganga,29.10305556,78.09861111,07-04-2026 14:00,7.5
313,Basantpur,CWC,9,Uttar Pradesh,132,BIJNOR,Chandpur,-,-,Ganga,Ganga,-,-,-,Ganga,29.10305556,78.09861111,07-04-2026 15:00,7.5
314,Basantpur,CWC,9,Uttar Pradesh,132,BIJNOR,Chandpur,-,-,Ganga,Ganga,-,-,-,Ganga,29.10305556,78.09861111,07-04-2026 16:00,7.5
315,Basantpur,CWC,9,Uttar Pradesh,132,BIJNOR,Chandpur,-,-,Ganga,Ganga,-,-,-,Ganga,29.10305556,78.09861111,07-04-2026 17:00,7.5
316,Basantpur,CWC,9,Uttar Pradesh,132,BIJNOR,Chandpur,-,-,Ganga,Ganga,-,-,-,Ganga,29.10305556,78.09861111,07-04-2026 18:00,7.5
317,Basantpur,CWC,9,Uttar Pradesh,132,BIJNOR,Chandpur,-,-,Ganga,Ganga,-,-,-,Ganga,29.10305556,78.09861111,07-04-2026 19:00,7.5
318,Basantpur,CWC,9,Uttar Pradesh,132,BIJNOR,Chandpur,-,-,Ganga,Ganga,-,-,-,Ganga,29.10305556,78.09861111,07-04-2026 20:00,8.5
319,Basantpur,CWC,9,Uttar Pradesh,132,BIJNOR,Chandpur,-,-,Ganga,Ganga,-,-,-,Ganga,29.10305556,78.09861111,07-04-2026 21:00,8.5
320,Basantpur,CWC,9,Uttar Pradesh,132,BIJNOR,Chandpur,-,-,Ganga,Ganga,-,-,-,Ganga,29.10305556,78.09861111,07-04-2026 22:00,8.5
321,Basantpur,CWC,9,Uttar Pradesh,132,BIJNOR,Chandpur,-,-,Ganga,Ganga,-,-,-,Ganga,29.10305556,78.09861111,07-04-2026 23:00,8.5
322,Basantpur,CWC,9,Uttar Pradesh,132,BIJNOR,Chandpur,-,-,Ganga,Ganga,-,-,-,Ganga,29.10305556,78.09861111,08-04-2026 00:00,8.5
323,Basantpur,CWC,9,Uttar Pradesh,132,BIJNOR,Chandpur,-,-,Ganga,Ganga,-,-,-,Ganga,29.10305556,78.09861111,08-04-2026 01:00,8.5
324,Basantpur,CWC,9,Uttar Pradesh,132,BIJNOR,Chandpur,-,-,Ganga,Ganga,-,-,-,Ganga,29.10305556,78.09861111,08-04-2026 02:00,8.5
325,Basantpur,CWC,9,Uttar Pradesh,132,BIJNOR,Chandpur,-,-,Ganga,Ganga,-,-,-,Ganga,29.10305556,78.09861111,08-04-2026 08:00,0.5
326,Basantpur,CWC,9,Uttar Pradesh,132,BIJNOR,Chandpur,-,-,Ganga,Ganga,-,-,-,Ganga,29.10305556,78.09861111,08-04-2026 09:00,0.5
327,Basantpur,CWC,9,Uttar Pradesh,132,BIJNOR,Chandpur,-,-,Ganga,Ganga,-,-,-,Ganga,29.10305556,78.09861111,08-04-2026 10:00,0.5
328,Basantpur,CWC,9,Uttar Pradesh,132,BIJNOR,Chandpur,-,-,Ganga,Ganga,-,-,-,Ganga,29.10305556,78.09861111,08-04-2026 11:00,0.5
329,Basantpur,CWC,9,Uttar Pradesh,132,BIJNOR,Chandpur,-,-,Ganga,Ganga,-,-,-,Ganga,29.10305556,78.09861111,08-04-2026 12:00,0.5
330,Basantpur,CWC,9,Uttar Pradesh,132,BIJNOR,Chandpur,-,-,Ganga,Ganga,-,-,-,Ganga,29.10305556,78.09861111,08-04-2026 13:00,0.5
331,Basantpur,CWC,9,Uttar Pradesh,132,BIJNOR,Chandpur,-,-,Ganga,Ganga,-,-,-,Ganga,29.10305556,78.09861111,08-04-2026 14:00,0.5
332,Basantpur,CWC,9,Uttar Pradesh,132,BIJNOR,Chandpur,-,-,Ganga,Ganga,-,-,-,Ganga,29.10305556,78.09861111,08-04-2026 15:00,0.5
333,Basantpur,CWC,9,Uttar Pradesh,132,BIJNOR,Chandpur,-,-,Ganga,Ganga,-,-,-,Ganga,29.10305556,78.09861111,08-04-2026 16:00,0.5
334,Basantpur,CWC,9,Uttar Pradesh,132,BIJNOR,Chandpur,-,-,Ganga,Ganga,-,-,-,Ganga,29.10305556,78.09861111,08-04-2026 17:00,1.5
335,Basantpur,CWC,9,Uttar Pradesh,132,BIJNOR,Chandpur,-,-,Ganga,Ganga,-,-,-,Ganga,29.10305556,78.09861111,08-04-2026 18:00,1.5
336,Basantpur,CWC,9,Uttar Pradesh,132,BIJNOR,Chandpur,-,-,Ganga,Ganga,-,-,-,Ganga,29.10305556,78.09861111,08-04-2026 19:00,1.5
337,Basantpur,CWC,9,Uttar Pradesh,132,BIJNOR,Chandpur,-,-,Ganga,Ganga,-,-,-,Ganga,29.10305556,78.09861111,08-04-2026 20:00,6
338,Basantpur,CWC,9,Uttar Pradesh,132,BIJNOR,Chandpur,-,-,Ganga,Ganga,-,-,-,Ganga,29.10305556,78.09861111,08-04-2026 21:00,6
339,Basantpur,CWC,9,Uttar Pradesh,132,BIJNOR,Chandpur,-,-,Ganga,Ganga,-,-,-,Ganga,29.10305556,78.09861111,08-04-2026 22:00,6
340,Basantpur,CWC,9,Uttar Pradesh,132,BIJNOR,Chandpur,-,-,Ganga,Ganga,-,-,-,Ganga,29.10305556,78.09861111,08-04-2026 23:00,6
341,Basantpur,CWC,9,Uttar Pradesh,132,BIJNOR,Chandpur,-,-,Ganga,Ganga,-,-,-,Ganga,29.10305556,78.09861111,09-04-2026 00:00,6
342,Basantpur,CWC,9,Uttar Pradesh,132,BIJNOR,Chandpur,-,-,Ganga,Ganga,-,-,-,Ganga,29.10305556,78.09861111,09-04-2026 01:00,6
343,Basantpur,CWC,9,Uttar Pradesh,132,BIJNOR,Chandpur,-,-,Ganga,Ganga,-,-,-,Ganga,29.10305556,78.09861111,09-04-2026 02:00,6
344,Basantpur,CWC,9,Uttar Pradesh,132,BIJNOR,Chandpur,-,-,Ganga,Ganga,-,-,-,Ganga,29.10305556,78.09861111,16-04-2026 09:00,18
345,Basantpur,CWC,9,Uttar Pradesh,132,BIJNOR,Chandpur,-,-,Ganga,Ganga,-,-,-,Ganga,29.10305556,78.09861111,16-04-2026 10:00,29.5
346,Basantpur,CWC,9,Uttar Pradesh,132,BIJNOR,Chandpur,-,-,Ganga,Ganga,-,-,-,Ganga,29.10305556,78.09861111,16-04-2026 11:00,29.5
347,Basantpur,CWC,9,Uttar Pradesh,132,BIJNOR,Chandpur,-,-,Ganga,Ganga,-,-,-,Ganga,29.10305556,78.09861111,16-04-2026 12:00,29.5
348,Basantpur,CWC,9,Uttar Pradesh,132,BIJNOR,Chandpur,-,-,Ganga,Ganga,-,-,-,Ganga,29.10305556,78.09861111,16-04-2026 13:00,29.5
349,Basantpur,CWC,9,Uttar Pradesh,132,BIJNOR,Chandpur,-,-,Ganga,Ganga,-,-,-,Ganga,29.10305556,78.09861111,16-04-2026 14:00,29.5
350,Basantpur,CWC,9,Uttar Pradesh,132,BIJNOR,Chandpur,-,-,Ganga,Ganga,-,-,-,Ganga,29.10305556,78.09861111,16-04-2026 15:00,29.5
351,Basantpur,CWC,9,Uttar Pradesh,132,BIJNOR,Chandpur,-,-,Ganga,Ganga,-,-,-,Ganga,29.10305556,78.09861111,16-04-2026 16:00,29.5
352,Basantpur,CWC,9,Uttar Pradesh,132,BIJNOR,Chandpur,-,-,Ganga,Ganga,-,-,-,Ganga,29.10305556,78.09861111,16-04-2026 17:00,29.5
353,Basantpur,CWC,9,Uttar Pradesh,132,BIJNOR,Chandpur,-,-,Ganga,Ganga,-,-,-,Ganga,29.10305556,78.09861111,16-04-2026 18:00,29.5
354,Basantpur,CWC,9,Uttar Pradesh,132,BIJNOR,Chandpur,-,-,Ganga,Ganga,-,-,-,Ganga,29.10305556,78.09861111,16-04-2026 19:00,29.5
355,Basantpur,CWC,9,Uttar Pradesh,132,BIJNOR,Chandpur,-,-,Ganga,Ganga,-,-,-,Ganga,29.10305556,78.09861111,16-04-2026 20:00,29.5
356,Basantpur,CWC,9,Uttar Pradesh,132,BIJNOR,Chandpur,-,-,Ganga,Ganga,-,-,-,Ganga,29.10305556,78.09861111,16-04-2026 21:00,29.5
357,Basantpur,CWC,9,Uttar Pradesh,132,BIJNOR,Chandpur,-,-,Ganga,Ganga,-,-,-,Ganga,29.10305556,78.09861111,16-04-2026 22:00,29.5
358,Basantpur,CWC,9,Uttar Pradesh,132,BIJNOR,Chandpur,-,-,Ganga,Ganga,-,-,-,Ganga,29.10305556,78.09861111,16-04-2026 23:00,29.5
359,Basantpur,CWC,9,Uttar Pradesh,132,BIJNOR,Chandpur,-,-,Ganga,Ganga,-,-,-,Ganga,29.10305556,78.09861111,17-04-2026 00:00,29.5
360,Basantpur,CWC,9,Uttar Pradesh,132,BIJNOR,Chandpur,-,-,Ganga,Ganga,-,-,-,Ganga,29.10305556,78.09861111,17-04-2026 01:00,29.5
361,Basantpur,CWC,9,Uttar Pradesh,132,BIJNOR,Chandpur,-,-,Ganga,Ganga,-,-,-,Ganga,29.10305556,78.09861111,17-04-2026 02:00,29.5
362,Basantpur,CWC,9,Uttar Pradesh,132,BIJNOR,Chandpur,-,-,Ganga,Ganga,-,-,-,Ganga,29.10305556,78.09861111,28-04-2026 22:00,0.5
363,Basantpur,CWC,9,Uttar Pradesh,132,BIJNOR,Chandpur,-,-,Ganga,Ganga,-,-,-,Ganga,29.10305556,78.09861111,28-04-2026 23:00,0.5
364,Basantpur,CWC,9,Uttar Pradesh,132,BIJNOR,Chandpur,-,-,Ganga,Ganga,-,-,-,Ganga,29.10305556,78.09861111,29-04-2026 00:00,0.5
365,Basantpur,CWC,9,Uttar Pradesh,132,BIJNOR,Chandpur,-,-,Ganga,Ganga,-,-,-,Ganga,29.10305556,78.09861111,29-04-2026 01:00,0.5
366,Basantpur,CWC,9,Uttar Pradesh,132,BIJNOR,Chandpur,-,-,Ganga,Ganga,-,-,-,Ganga,29.10305556,78.09861111,29-04-2026 12:00,0.5
367,Basantpur,CWC,9,Uttar Pradesh,132,BIJNOR,Chandpur,-,-,Ganga,Ganga,-,-,-,Ganga,29.10305556,78.09861111,29-04-2026 13:00,0.5
368,Basantpur,CWC,9,Uttar Pradesh,132,BIJNOR,Chandpur,-,-,Ganga,Ganga,-,-,-,Ganga,29.10305556,78.09861111,29-04-2026 14:00,0.5
369,Basantpur,CWC,9,Uttar Pradesh,132,BIJNOR,Chandpur,-,-,Ganga,Ganga,-,-,-,Ganga,29.10305556,78.09861111,29-04-2026 15:00,1
370,Basantpur,CWC,9,Uttar Pradesh,132,BIJNOR,Chandpur,-,-,Ganga,Ganga,-,-,-,Ganga,29.10305556,78.09861111,29-04-2026 16:00,1
371,Basantpur,CWC,9,Uttar Pradesh,132,BIJNOR,Chandpur,-,-,Ganga,Ganga,-,-,-,Ganga,29.10305556,78.09861111,29-04-2026 17:00,1
372,Basantpur,CWC,9,Uttar Pradesh,132,BIJNOR,Chandpur,-,-,Ganga,Ganga,-,-,-,Ganga,29.10305556,78.09861111,29-04-2026 18:00,1
373,Basantpur,CWC,9,Uttar Pradesh,132,BIJNOR,Chandpur,-,-,Ganga,Ganga,-,-,-,Ganga,29.10305556,78.09861111,29-04-2026 19:00,1
374,Basantpur,CWC,9,Uttar Pradesh,132,BIJNOR,Chandpur,-,-,Ganga,Ganga,-,-,-,Ganga,29.10305556,78.09861111,29-04-2026 20:00,1
375,Basantpur,CWC,9,Uttar Pradesh,132,BIJNOR,Chandpur,-,-,Ganga,Ganga,-,-,-,Ganga,29.10305556,78.09861111,29-04-2026 21:00,1
376,Basantpur,CWC,9,Uttar Pradesh,132,BIJNOR,Chandpur,-,-,Ganga,Ganga,-,-,-,Ganga,29.10305556,78.09861111,29-04-2026 22:00,11
377,Basantpur,CWC,9,Uttar Pradesh,132,BIJNOR,Chandpur,-,-,Ganga,Ganga,-,-,-,Ganga,29.10305556,78.09861111,30-04-2026 23:00,23.5
378,Basantpur,CWC,9,Uttar Pradesh,132,BIJNOR,Chandpur,-,-,Ganga,Ganga,-,-,-,Ganga,29.10305556,78.09861111,01-05-2026 23:00,20
379,Basantpur,CWC,9,Uttar Pradesh,132,BIJNOR,Chandpur,-,-,Ganga,Ganga,-,-,-,Ganga,29.10305556,78.09861111,02-05-2026 09:00,8.5
380,Basantpur,CWC,9,Uttar Pradesh,132,BIJNOR,Chandpur,-,-,Ganga,Ganga,-,-,-,Ganga,29.10305556,78.09861111,02-05-2026 10:00,8.5
381,Basantpur,CWC,9,Uttar Pradesh,132,BIJNOR,Chandpur,-,-,Ganga,Ganga,-,-,-,Ganga,29.10305556,78.09861111,02-05-2026 12:00,8.5
382,Basantpur,CWC,9,Uttar Pradesh,132,BIJNOR,Chandpur,-,-,Ganga,Ganga,-,-,-,Ganga,29.10305556,78.09861111,02-05-2026 13:00,8.5
383,Basantpur,CWC,9,Uttar Pradesh,132,BIJNOR,Chandpur,-,-,Ganga,Ganga,-,-,-,Ganga,29.10305556,78.09861111,02-05-2026 14:00,8.5
384,Basantpur,CWC,9,Uttar Pradesh,132,BIJNOR,Chandpur,-,-,Ganga,Ganga,-,-,-,Ganga,29.10305556,78.09861111,02-05-2026 15:00,8.5
385,Basantpur,CWC,9,Uttar Pradesh,132,BIJNOR,Chandpur,-,-,Ganga,Ganga,-,-,-,Ganga,29.10305556,78.09861111,02-05-2026 17:00,8.5
386,Basantpur,CWC,9,Uttar Pradesh,132,BIJNOR,Chandpur,-,-,Ganga,Ganga,-,-,-,Ganga,29.10305556,78.09861111,02-05-2026 19:00,8.5
387,Basantpur,CWC,9,Uttar Pradesh,132,BIJNOR,Chandpur,-,-,Ganga,Ganga,-,-,-,Ganga,29.10305556,78.09861111,02-05-2026 20:00,8.5
388,Basantpur,CWC,9,Uttar Pradesh,132,BIJNOR,Chandpur,-,-,Ganga,Ganga,-,-,-,Ganga,29.10305556,78.09861111,02-05-2026 21:00,8.5
389,Basantpur,CWC,9,Uttar Pradesh,132,BIJNOR,Chandpur,-,-,Ganga,Ganga,-,-,-,Ganga,29.10305556,78.09861111,02-05-2026 22:00,8.5
390,Basantpur,CWC,9,Uttar Pradesh,132,BIJNOR,Chandpur,-,-,Ganga,Ganga,-,-,-,Ganga,29.10305556,78.09861111,09-05-2026 23:00,26.5
391,Basantpur,CWC,9,Uttar Pradesh,132,BIJNOR,Chandpur,-,-,Ganga,Ganga,-,-,-,Ganga,29.10305556,78.09861111,10-05-2026 00:00,27
392,Basantpur,CWC,9,Uttar Pradesh,132,BIJNOR,Chandpur,-,-,Ganga,Ganga,-,-,-,Ganga,29.10305556,78.09861111,10-05-2026 01:00,27
393,Basantpur,CWC,9,Uttar Pradesh,132,BIJNOR,Chandpur,-,-,Ganga,Ganga,-,-,-,Ganga,29.10305556,78.09861111,10-05-2026 02:00,27
394,Basantpur,CWC,9,Uttar Pradesh,132,BIJNOR,Chandpur,-,-,Ganga,Ganga,-,-,-,Ganga,29.10305556,78.09861111,12-05-2026 10:00,14.5
395,Basantpur,CWC,9,Uttar Pradesh,132,BIJNOR,Chandpur,-,-,Ganga,Ganga,-,-,-,Ganga,29.10305556,78.09861111,12-05-2026 11:00,14.5
396,Basantpur,CWC,9,Uttar Pradesh,132,BIJNOR,Chandpur,-,-,Ganga,Ganga,-,-,-,Ganga,29.10305556,78.09861111,12-05-2026 12:00,15.5
397,Basantpur,CWC,9,Uttar Pradesh,132,BIJNOR,Chandpur,-,-,Ganga,Ganga,-,-,-,Ganga,29.10305556,78.09861111,12-05-2026 13:00,15.5
398,Basantpur,CWC,9,Uttar Pradesh,132,BIJNOR,Chandpur,-,-,Ganga,Ganga,-,-,-,Ganga,29.10305556,78.09861111,12-05-2026 14:00,15.5
399,Basantpur,CWC,9,Uttar Pradesh,132,BIJNOR,Chandpur,-,-,Ganga,Ganga,-,-,-,Ganga,29.10305556,78.09861111,12-05-2026 15:00,15.5
400,Basantpur,CWC,9,Uttar Pradesh,132,BIJNOR,Chandpur,-,-,Ganga,Ganga,-,-,-,Ganga,29.10305556,78.09861111,12-05-2026 16:00,15.5
401,Basantpur,CWC,9,Uttar Pradesh,132,BIJNOR,Chandpur,-,-,Ganga,Ganga,-,-,-,Ganga,29.10305556,78.09861111,12-05-2026 17:00,15.5
402,Basantpur,CWC,9,Uttar Pradesh,132,BIJNOR,Chandpur,-,-,Ganga,Ganga,-,-,-,Ganga,29.10305556,78.09861111,12-05-2026 18:00,15.5
403,Basantpur,CWC,9,Uttar Pradesh,132,BIJNOR,Chandpur,-,-,Ganga,Ganga,-,-,-,Ganga,29.10305556,78.09861111,12-05-2026 19:00,15.5
404,Basantpur,CWC,9,Uttar Pradesh,132,BIJNOR,Chandpur,-,-,Ganga,Ganga,-,-,-,Ganga,29.10305556,78.09861111,12-05-2026 20:00,15.5
405,Basantpur,CWC,9,Uttar Pradesh,132,BIJNOR,Chandpur,-,-,Ganga,Ganga,-,-,-,Ganga,29.10305556,78.09861111,12-05-2026 21:00,15.5
406,Basantpur,CWC,9,Uttar Pradesh,132,BIJNOR,Chandpur,-,-,Ganga,Ganga,-,-,-,Ganga,29.10305556,78.09861111,12-05-2026 22:00,15.5
407,Basantpur,CWC,9,Uttar Pradesh,132,BIJNOR,Chandpur,-,-,Ganga,Ganga,-,-,-,Ganga,29.10305556,78.09861111,12-05-2026 23:00,15.5
408,Basantpur,CWC,9,Uttar Pradesh,132,BIJNOR,Chandpur,-,-,Ganga,Ganga,-,-,-,Ganga,29.10305556,78.09861111,13-05-2026 00:00,15.5
409,Basantpur,CWC,9,Uttar Pradesh,132,BIJNOR,Chandpur,-,-,Ganga,Ganga,-,-,-,Ganga,29.10305556,78.09861111,13-05-2026 01:00,15.5
410,Basantpur,CWC,9,Uttar Pradesh,132,BIJNOR,Chandpur,-,-,Ganga,Ganga,-,-,-,Ganga,29.10305556,78.09861111,13-05-2026 02:00,15.5
411,Basantpur,CWC,9,Uttar Pradesh,132,BIJNOR,Chandpur,-,-,Ganga,Ganga,-,-,-,Ganga,29.10305556,78.09861111,13-05-2026 09:00,6
412,Basantpur,CWC,9,Uttar Pradesh,132,BIJNOR,Chandpur,-,-,Ganga,Ganga,-,-,-,Ganga,29.10305556,78.09861111,13-05-2026 10:00,6.5
413,Basantpur,CWC,9,Uttar Pradesh,132,BIJNOR,Chandpur,-,-,Ganga,Ganga,-,-,-,Ganga,29.10305556,78.09861111,13-05-2026 11:00,6.5
414,Basantpur,CWC,9,Uttar Pradesh,132,BIJNOR,Chandpur,-,-,Ganga,Ganga,-,-,-,Ganga,29.10305556,78.09861111,13-05-2026 12:00,6.5
415,Basantpur,CWC,9,Uttar Pradesh,132,BIJNOR,Chandpur,-,-,Ganga,Ganga,-,-,-,Ganga,29.10305556,78.09861111,13-05-2026 13:00,6.5
416,Basantpur,CWC,9,Uttar Pradesh,132,BIJNOR,Chandpur,-,-,Ganga,Ganga,-,-,-,Ganga,29.10305556,78.09861111,13-05-2026 14:00,6.5
417,Basantpur,CWC,9,Uttar Pradesh,132,BIJNOR,Chandpur,-,-,Ganga,Ganga,-,-,-,Ganga,29.10305556,78.09861111,13-05-2026 15:00,6.5
418,Basantpur,CWC,9,Uttar Pradesh,132,BIJNOR,Chandpur,-,-,Ganga,Ganga,-,-,-,Ganga,29.10305556,78.09861111,13-05-2026 16:00,7
419,Basantpur,CWC,9,Uttar Pradesh,132,BIJNOR,Chandpur,-,-,Ganga,Ganga,-,-,-,Ganga,29.10305556,78.09861111,13-05-2026 17:00,10
420,Basantpur,CWC,9,Uttar Pradesh,132,BIJNOR,Chandpur,-,-,Ganga,Ganga,-,-,-,Ganga,29.10305556,78.09861111,13-05-2026 18:00,12
421,Basantpur,CWC,9,Uttar Pradesh,132,BIJNOR,Chandpur,-,-,Ganga,Ganga,-,-,-,Ganga,29.10305556,78.09861111,13-05-2026 18:30,8
422,Basantpur,CWC,9,Uttar Pradesh,132,BIJNOR,Chandpur,-,-,Ganga,Ganga,-,-,-,Ganga,29.10305556,78.09861111,13-05-2026 19:00,12
423,Basantpur,CWC,9,Uttar Pradesh,132,BIJNOR,Chandpur,-,-,Ganga,Ganga,-,-,-,Ganga,29.10305556,78.09861111,13-05-2026 20:00,12
424,Basantpur,CWC,9,Uttar Pradesh,132,BIJNOR,Chandpur,-,-,Ganga,Ganga,-,-,-,Ganga,29.10305556,78.09861111,13-05-2026 21:00,12
425,Basantpur,CWC,9,Uttar Pradesh,132,BIJNOR,Chandpur,-,-,Ganga,Ganga,-,-,-,Ganga,29.10305556,78.09861111,13-05-2026 22:00,12
426,Basantpur,CWC,9,Uttar Pradesh,132,BIJNOR,Chandpur,-,-,Ganga,Ganga,-,-,-,Ganga,29.10305556,78.09861111,13-05-2026 23:00,12
427,Basantpur,CWC,9,Uttar Pradesh,132,BIJNOR,Chandpur,-,-,Ganga,Ganga,-,-,-,Ganga,29.10305556,78.09861111,14-05-2026 00:00,12
428,Basantpur,CWC,9,Uttar Pradesh,132,BIJNOR,Chandpur,-,-,Ganga,Ganga,-,-,-,Ganga,29.10305556,78.09861111,14-05-2026 01:00,12
429,Basantpur,CWC,9,Uttar Pradesh,132,BIJNOR,Chandpur,-,-,Ganga,Ganga,-,-,-,Ganga,29.10305556,78.09861111,14-05-2026 02:00,12
430,Basantpur,CWC,9,Uttar Pradesh,132,BIJNOR,Chandpur,-,-,Ganga,Ganga,-,-,-,Ganga,29.10305556,78.09861111,15-05-2026 10:00,12.5
431,Basantpur,CWC,9,Uttar Pradesh,132,BIJNOR,Chandpur,-,-,Ganga,Ganga,-,-,-,Ganga,29.10305556,78.09861111,15-05-2026 11:00,12.5
432,Basantpur,CWC,9,Uttar Pradesh,132,BIJNOR,Chandpur,-,-,Ganga,Ganga,-,-,-,Ganga,29.10305556,78.09861111,15-05-2026 12:00,13
433,Basantpur,CWC,9,Uttar Pradesh,132,BIJNOR,Chandpur,-,-,Ganga,Ganga,-,-,-,Ganga,29.10305556,78.09861111,15-05-2026 14:00,13
434,Basantpur,CWC,9,Uttar Pradesh,132,BIJNOR,Chandpur,-,-,Ganga,Ganga,-,-,-,Ganga,29.10305556,78.09861111,15-05-2026 15:00,13
435,Basantpur,CWC,9,Uttar Pradesh,132,BIJNOR,Chandpur,-,-,Ganga,Ganga,-,-,-,Ganga,29.10305556,78.09861111,15-05-2026 16:00,13
436,Basantpur,CWC,9,Uttar Pradesh,132,BIJNOR,Chandpur,-,-,Ganga,Ganga,-,-,-,Ganga,29.10305556,78.09861111,15-05-2026 17:00,13
437,Basantpur,CWC,9,Uttar Pradesh,132,BIJNOR,Chandpur,-,-,Ganga,Ganga,-,-,-,Ganga,29.10305556,78.09861111,15-05-2026 18:00,13
438,Basantpur,CWC,9,Uttar Pradesh,132,BIJNOR,Chandpur,-,-,Ganga,Ganga,-,-,-,Ganga,29.10305556,78.09861111,15-05-2026 19:00,13
439,Basantpur,CWC,9,Uttar Pradesh,132,BIJNOR,Chandpur,-,-,Ganga,Ganga,-,-,-,Ganga,29.10305556,78.09861111,15-05-2026 20:00,13
440,Basantpur,CWC,9,Uttar Pradesh,132,BIJNOR,Chandpur,-,-,Ganga,Ganga,-,-,-,Ganga,29.10305556,78.09861111,15-05-2026 21:00,13
441,Basantpur,CWC,9,Uttar Pradesh,132,BIJNOR,Chandpur,-,-,Ganga,Ganga,-,-,-,Ganga,29.10305556,78.09861111,15-05-2026 22:00,13
442,Basantpur,CWC,9,Uttar Pradesh,132,BIJNOR,Chandpur,-,-,Ganga,Ganga,-,-,-,Ganga,29.10305556,78.09861111,15-05-2026 23:00,13
443,Basantpur,CWC,9,Uttar Pradesh,132,BIJNOR,Chandpur,-,-,Ganga,Ganga,-,-,-,Ganga,29.10305556,78.09861111,16-05-2026 00:00,13
444,Basantpur,CWC,9,Uttar Pradesh,132,BIJNOR,Chandpur,-,-,Ganga,Ganga,-,-,-,Ganga,29.10305556,78.09861111,16-05-2026 01:00,13
445,Basantpur,CWC,9,Uttar Pradesh,132,BIJNOR,Chandpur,-,-,Ganga,Ganga,-,-,-,Ganga,29.10305556,78.09861111,16-05-2026 02:00,13
446,Basantpur,CWC,9,Uttar Pradesh,132,BIJNOR,Chandpur,-,-,Ganga,Ganga,-,-,-,Ganga,29.10305556,78.09861111,27-05-2026 10:00,15
447,Basantpur,CWC,9,Uttar Pradesh,132,BIJNOR,Chandpur,-,-,Ganga,Ganga,-,-,-,Ganga,29.10305556,78.09861111,27-05-2026 11:00,15.5
448,Basantpur,CWC,9,Uttar Pradesh,132,BIJNOR,Chandpur,-,-,Ganga,Ganga,-,-,-,Ganga,29.10305556,78.09861111,27-05-2026 12:00,15.5
449,Basantpur,CWC,9,Uttar Pradesh,132,BIJNOR,Chandpur,-,-,Ganga,Ganga,-,-,-,Ganga,29.10305556,78.09861111,27-05-2026 13:00,15.5
450,Basantpur,CWC,9,Uttar Pradesh,132,BIJNOR,Chandpur,-,-,Ganga,Ganga,-,-,-,Ganga,29.10305556,78.09861111,27-05-2026 14:00,15.5
451,Basantpur,CWC,9,Uttar Pradesh,132,BIJNOR,Chandpur,-,-,Ganga,Ganga,-,-,-,Ganga,29.10305556,78.09861111,27-05-2026 15:00,15.5
452,Basantpur,CWC,9,Uttar Pradesh,132,BIJNOR,Chandpur,-,-,Ganga,Ganga,-,-,-,Ganga,29.10305556,78.09861111,27-05-2026 16:00,15.5
453,Basantpur,CWC,9,Uttar Pradesh,132,BIJNOR,Chandpur,-,-,Ganga,Ganga,-,-,-,Ganga,29.10305556,78.09861111,27-05-2026 17:00,15.5
454,Basantpur,CWC,9,Uttar Pradesh,132,BIJNOR,Chandpur,-,-,Ganga,Ganga,-,-,-,Ganga,29.10305556,78.09861111,27-05-2026 18:00,15.5
455,Basantpur,CWC,9,Uttar Pradesh,132,BIJNOR,Chandpur,-,-,Ganga,Ganga,-,-,-,Ganga,29.10305556,78.09861111,27-05-2026 19:00,15.5
456,Basantpur,CWC,9,Uttar Pradesh,132,BIJNOR,Chandpur,-,-,Ganga,Ganga,-,-,-,Ganga,29.10305556,78.09861111,27-05-2026 20:00,15.5
457,Basantpur,CWC,9,Uttar Pradesh,132,BIJNOR,Chandpur,-,-,Ganga,Ganga,-,-,-,Ganga,29.10305556,78.09861111,27-05-2026 21:00,15.5
458,Basantpur,CWC,9,Uttar Pradesh,132,BIJNOR,Chandpur,-,-,Ganga,Ganga,-,-,-,Ganga,29.10305556,78.09861111,27-05-2026 22:00,15.5
459,Basantpur,CWC,9,Uttar Pradesh,132,BIJNOR,Chandpur,-,-,Ganga,Ganga,-,-,-,Ganga,29.10305556,78.09861111,27-05-2026 23:00,15.5
460,Basantpur,CWC,9,Uttar Pradesh,132,BIJNOR,Chandpur,-,-,Ganga,Ganga,-,-,-,Ganga,29.10305556,78.09861111,28-05-2026 00:00,15.5
461,Basantpur,CWC,9,Uttar Pradesh,132,BIJNOR,Chandpur,-,-,Ganga,Ganga,-,-,-,Ganga,29.10305556,78.09861111,28-05-2026 01:00,15.5
462,Basantpur,CWC,9,Uttar Pradesh,132,BIJNOR,Chandpur,-,-,Ganga,Ganga,-,-,-,Ganga,29.10305556,78.09861111,28-05-2026 02:00,15.5
463,Basantpur,CWC,9,Uttar Pradesh,132,BIJNOR,Chandpur,-,-,Ganga,Ganga,-,-,-,Ganga,29.10305556,78.09861111,29-05-2026 04:00,3
464,Basantpur,CWC,9,Uttar Pradesh,132,BIJNOR,Chandpur,-,-,Ganga,Ganga,-,-,-,Ganga,29.10305556,78.09861111,29-05-2026 05:00,3.5
465,Basantpur,CWC,9,Uttar Pradesh,132,BIJNOR,Chandpur,-,-,Ganga,Ganga,-,-,-,Ganga,29.10305556,78.09861111,29-05-2026 06:00,3.5
466,Basantpur,CWC,9,Uttar Pradesh,132,BIJNOR,Chandpur,-,-,Ganga,Ganga,-,-,-,Ganga,29.10305556,78.09861111,29-05-2026 07:00,3.5
467,Basantpur,CWC,9,Uttar Pradesh,132,BIJNOR,Chandpur,-,-,Ganga,Ganga,-,-,-,Ganga,29.10305556,78.09861111,29-05-2026 08:00,3.5
468,Basantpur,CWC,9,Uttar Pradesh,132,BIJNOR,Chandpur,-,-,Ganga,Ganga,-,-,-,Ganga,29.10305556,78.09861111,29-05-2026 09:00,3.5
469,Basantpur,CWC,9,Uttar Pradesh,132,BIJNOR,Chandpur,-,-,Ganga,Ganga,-,-,-,Ganga,29.10305556,78.09861111,29-05-2026 10:00,3.5
470,Basantpur,CWC,9,Uttar Pradesh,132,BIJNOR,Chandpur,-,-,Ganga,Ganga,-,-,-,Ganga,29.10305556,78.09861111,29-05-2026 11:00,3.5
471,Basantpur,CWC,9,Uttar Pradesh,132,BIJNOR,Chandpur,-,-,Ganga,Ganga,-,-,-,Ganga,29.10305556,78.09861111,29-05-2026 12:00,3.5
472,Basantpur,CWC,9,Uttar Pradesh,132,BIJNOR,Chandpur,-,-,Ganga,Ganga,-,-,-,Ganga,29.10305556,78.09861111,29-05-2026 13:00,3.5
473,Basantpur,CWC,9,Uttar Pradesh,132,BIJNOR,Chandpur,-,-,Ganga,Ganga,-,-,-,Ganga,29.10305556,78.09861111,29-05-2026 14:00,3.5
474,Basantpur,CWC,9,Uttar Pradesh,132,BIJNOR,Chandpur,-,-,Ganga,Ganga,-,-,-,Ganga,29.10305556,78.09861111,29-05-2026 15:00,3.5
475,Basantpur,CWC,9,Uttar Pradesh,132,BIJNOR,Chandpur,-,-,Ganga,Ganga,-,-,-,Ganga,29.10305556,78.09861111,29-05-2026 16:00,3.5
476,Basantpur,CWC,9,Uttar Pradesh,132,BIJNOR,Chandpur,-,-,Ganga,Ganga,-,-,-,Ganga,29.10305556,78.09861111,29-05-2026 17:00,3.5
477,Basantpur,CWC,9,Uttar Pradesh,132,BIJNOR,Chandpur,-,-,Ganga,Ganga,-,-,-,Ganga,29.10305556,78.09861111,29-05-2026 18:00,3.5
478,Basantpur,CWC,9,Uttar Pradesh,132,BIJNOR,Chandpur,-,-,Ganga,Ganga,-,-,-,Ganga,29.10305556,78.09861111,29-05-2026 19:00,3.5
479,Basantpur,CWC,9,Uttar Pradesh,132,BIJNOR,Chandpur,-,-,Ganga,Ganga,-,-,-,Ganga,29.10305556,78.09861111,29-05-2026 20:00,3.5
480,Basantpur,CWC,9,Uttar Pradesh,132,BIJNOR,Chandpur,-,-,Ganga,Ganga,-,-,-,Ganga,29.10305556,78.09861111,29-05-2026 21:00,3.5
481,Basantpur,CWC,9,Uttar Pradesh,132,BIJNOR,Chandpur,-,-,Ganga,Ganga,-,-,-,Ganga,29.10305556,78.09861111,29-05-2026 22:00,3.5
482,Basantpur,CWC,9,Uttar Pradesh,132,BIJNOR,Chandpur,-,-,Ganga,Ganga,-,-,-,Ganga,29.10305556,78.09861111,29-05-2026 23:00,3.5
483,Basantpur,CWC,9,Uttar Pradesh,132,BIJNOR,Chandpur,-,-,Ganga,Ganga,-,-,-,Ganga,29.10305556,78.09861111,30-05-2026 00:00,3.5
484,Basantpur,CWC,9,Uttar Pradesh,132,BIJNOR,Chandpur,-,-,Ganga,Ganga,-,-,-,Ganga,29.10305556,78.09861111,30-05-2026 01:00,3.5
485,Basantpur,CWC,9,Uttar Pradesh,132,BIJNOR,Chandpur,-,-,Ganga,Ganga,-,-,-,Ganga,29.10305556,78.09861111,30-05-2026 02:00,3.5
486,Basantpur,CWC,9,Uttar Pradesh,132,BIJNOR,Chandpur,-,-,Ganga,Ganga,-,-,-,Ganga,29.10305556,78.09861111,30-05-2026 03:00,26.5
487,Basantpur,CWC,9,Uttar Pradesh,132,BIJNOR,Chandpur,-,-,Ganga,Ganga,-,-,-,Ganga,29.10305556,78.09861111,30-05-2026 04:00,27.5
488,Basantpur,CWC,9,Uttar Pradesh,132,BIJNOR,Chandpur,-,-,Ganga,Ganga,-,-,-,Ganga,29.10305556,78.09861111,30-05-2026 05:00,27.5
489,Basantpur,CWC,9,Uttar Pradesh,132,BIJNOR,Chandpur,-,-,Ganga,Ganga,-,-,-,Ganga,29.10305556,78.09861111,30-05-2026 06:00,39
490,Basantpur,CWC,9,Uttar Pradesh,132,BIJNOR,Chandpur,-,-,Ganga,Ganga,-,-,-,Ganga,29.10305556,78.09861111,30-05-2026 07:00,39
491,Basantpur,CWC,9,Uttar Pradesh,132,BIJNOR,Chandpur,-,-,Ganga,Ganga,-,-,-,Ganga,29.10305556,78.09861111,30-05-2026 08:00,39
492,Basantpur,CWC,9,Uttar Pradesh,132,BIJNOR,Chandpur,-,-,Ganga,Ganga,-,-,-,Ganga,29.10305556,78.09861111,30-05-2026 09:00,39
493,Basantpur,CWC,9,Uttar Pradesh,132,BIJNOR,Chandpur,-,-,Ganga,Ganga,-,-,-,Ganga,29.10305556,78.09861111,30-05-2026 10:00,39
494,Basantpur,CWC,9,Uttar Pradesh,132,BIJNOR,Chandpur,-,-,Ganga,Ganga,-,-,-,Ganga,29.10305556,78.09861111,30-05-2026 11:00,39
495,Basantpur,CWC,9,Uttar Pradesh,132,BIJNOR,Chandpur,-,-,Ganga,Ganga,-,-,-,Ganga,29.10305556,78.09861111,30-05-2026 12:00,39
496,Basantpur,CWC,9,Uttar Pradesh,132,BIJNOR,Chandpur,-,-,Ganga,Ganga,-,-,-,Ganga,29.10305556,78.09861111,30-05-2026 13:00,39
497,Basantpur,CWC,9,Uttar Pradesh,132,BIJNOR,Chandpur,-,-,Ganga,Ganga,-,-,-,Ganga,29.10305556,78.09861111,30-05-2026 14:00,39
498,Basantpur,CWC,9,Uttar Pradesh,132,BIJNOR,Chandpur,-,-,Ganga,Ganga,-,-,-,Ganga,29.10305556,78.09861111,30-05-2026 15:00,39
499,Basantpur,CWC,9,Uttar Pradesh,132,BIJNOR,Chandpur,-,-,Ganga,Ganga,-,-,-,Ganga,29.10305556,78.09861111,30-05-2026 16:00,39
500,Basantpur,CWC,9,Uttar Pradesh,132,BIJNOR,Chandpur,-,-,Ganga,Ganga,-,-,-,Ganga,29.10305556,78.09861111,30-05-2026 17:00,39
501,Basantpur,CWC,9,Uttar Pradesh,132,BIJNOR,Chandpur,-,-,Ganga,Ganga,-,-,-,Ganga,29.10305556,78.09861111,30-05-2026 18:00,39
502,Basantpur,CWC,9,Uttar Pradesh,132,BIJNOR,Chandpur,-,-,Ganga,Ganga,-,-,-,Ganga,29.10305556,78.09861111,30-05-2026 19:00,39
503,Basantpur,CWC,9,Uttar Pradesh,132,BIJNOR,Chandpur,-,-,Ganga,Ganga,-,-,-,Ganga,29.10305556,78.09861111,30-05-2026 20:00,39
504,Basantpur,CWC,9,Uttar Pradesh,132,BIJNOR,Chandpur,-,-,Ganga,Ganga,-,-,-,Ganga,29.10305556,78.09861111,30-05-2026 22:00,39
505,Basantpur,CWC,9,Uttar Pradesh,132,BIJNOR,Chandpur,-,-,Ganga,Ganga,-,-,-,Ganga,29.10305556,78.09861111,30-05-2026 23:00,39
506,Basantpur,CWC,9,Uttar Pradesh,132,BIJNOR,Chandpur,-,-,Ganga,Ganga,-,-,-,Ganga,29.10305556,78.09861111,31-05-2026 00:00,39
507,Basantpur,CWC,9,Uttar Pradesh,132,BIJNOR,Chandpur,-,-,Ganga,Ganga,-,-,-,Ganga,29.10305556,78.09861111,31-05-2026 01:00,39
508,Bhatpurwaghat,CWC,9,Uttar Pradesh,183,SITAPUR,SIDHAULI,SIDHAULI,Sidhauli,Ganga,Ganga,Gomti,-,-,Gomti,27.19111111,80.80000000,03-01-2026 23:00,510
509,Bhatpurwaghat,CWC,9,Uttar Pradesh,183,SITAPUR,SIDHAULI,SIDHAULI,Sidhauli,Ganga,Ganga,Gomti,-,-,Gomti,27.19111111,80.80000000,31-01-2026 21:00,0.5
510,Bhatpurwaghat,CWC,9,Uttar Pradesh,183,SITAPUR,SIDHAULI,SIDHAULI,Sidhauli,Ganga,Ganga,Gomti,-,-,Gomti,27.19111111,80.80000000,03-02-2026 05:00,2
511,Bhatpurwaghat,CWC,9,Uttar Pradesh,183,SITAPUR,SIDHAULI,SIDHAULI,Sidhauli,Ganga,Ganga,Gomti,-,-,Gomti,27.19111111,80.80000000,12-02-2026 21:00,80.5
512,Bhatpurwaghat,CWC,9,Uttar Pradesh,183,SITAPUR,SIDHAULI,SIDHAULI,Sidhauli,Ganga,Ganga,Gomti,-,-,Gomti,27.19111111,80.80000000,27-02-2026 16:00,3
513,Bhatpurwaghat,CWC,9,Uttar Pradesh,183,SITAPUR,SIDHAULI,SIDHAULI,Sidhauli,Ganga,Ganga,Gomti,-,-,Gomti,27.19111111,80.80000000,28-03-2026 23:00,80
514,Bhatpurwaghat,CWC,9,Uttar Pradesh,183,SITAPUR,SIDHAULI,SIDHAULI,Sidhauli,Ganga,Ganga,Gomti,-,-,Gomti,27.19111111,80.80000000,30-03-2026 15:00,5
515,Bhatpurwaghat,CWC,9,Uttar Pradesh,183,SITAPUR,SIDHAULI,SIDHAULI,Sidhauli,Ganga,Ganga,Gomti,-,-,Gomti,27.19111111,80.80000000,01-04-2026 00:00,1
516,Bhatpurwaghat,CWC,9,Uttar Pradesh,183,SITAPUR,SIDHAULI,SIDHAULI,Sidhauli,Ganga,Ganga,Gomti,-,-,Gomti,27.19111111,80.80000000,03-04-2026 15:00,0.5
517,Bhatpurwaghat,CWC,9,Uttar Pradesh,183,SITAPUR,SIDHAULI,SIDHAULI,Sidhauli,Ganga,Ganga,Gomti,-,-,Gomti,27.19111111,80.80000000,07-04-2026 17:00,140
518,Bhatpurwaghat,CWC,9,Uttar Pradesh,183,SITAPUR,SIDHAULI,SIDHAULI,Sidhauli,Ganga,Ganga,Gomti,-,-,Gomti,27.19111111,80.80000000,07-04-2026 21:00,0.5
519,Bhatpurwaghat,CWC,9,Uttar Pradesh,183,SITAPUR,SIDHAULI,SIDHAULI,Sidhauli,Ganga,Ganga,Gomti,-,-,Gomti,27.19111111,80.80000000,07-04-2026 23:00,0.5
520,Bhatpurwaghat,CWC,9,Uttar Pradesh,183,SITAPUR,SIDHAULI,SIDHAULI,Sidhauli,Ganga,Ganga,Gomti,-,-,Gomti,27.19111111,80.80000000,08-04-2026 00:00,0.5
521,Bhatpurwaghat,CWC,9,Uttar Pradesh,183,SITAPUR,SIDHAULI,SIDHAULI,Sidhauli,Ganga,Ganga,Gomti,-,-,Gomti,27.19111111,80.80000000,15-04-2026 19:00,156
522,Bhatpurwaghat,CWC,9,Uttar Pradesh,183,SITAPUR,SIDHAULI,SIDHAULI,Sidhauli,Ganga,Ganga,Gomti,-,-,Gomti,27.19111111,80.80000000,02-05-2026 23:00,13.5
523,Bhatpurwaghat,CWC,9,Uttar Pradesh,183,SITAPUR,SIDHAULI,SIDHAULI,Sidhauli,Ganga,Ganga,Gomti,-,-,Gomti,27.19111111,80.80000000,25-05-2026 08:00,2
524,Bhatpurwaghat,CWC,9,Uttar Pradesh,183,SITAPUR,SIDHAULI,SIDHAULI,Sidhauli,Ganga,Ganga,Gomti,-,-,Gomti,27.19111111,80.80000000,28-05-2026 22:00,2
525,Bhatpurwaghat,CWC,9,Uttar Pradesh,183,SITAPUR,SIDHAULI,SIDHAULI,Sidhauli,Ganga,Ganga,Gomti,-,-,Gomti,27.19111111,80.80000000,02-06-2026 12:00,156
526,Bhinga,CWC,9,Uttar Pradesh,181,SHRAWASTI,Bhinga,-,-,Ganga,Ganga,Ghaghra,Rapti,-,Rapti,27.68638889,81.82555556,12-01-2026 11:30,0.5
527,Bhinga,CWC,9,Uttar Pradesh,181,SHRAWASTI,Bhinga,-,-,Ganga,Ganga,Ghaghra,Rapti,-,Rapti,27.68638889,81.82555556,30-01-2026 10:30,18
528,Bhinga,CWC,9,Uttar Pradesh,181,SHRAWASTI,Bhinga,-,-,Ganga,Ganga,Ghaghra,Rapti,-,Rapti,27.68638889,81.82555556,30-01-2026 15:30,3
529,Bhinga,CWC,9,Uttar Pradesh,181,SHRAWASTI,Bhinga,-,-,Ganga,Ganga,Ghaghra,Rapti,-,Rapti,27.68638889,81.82555556,05-02-2026 13:30,128
530,Bhinga,CWC,9,Uttar Pradesh,181,SHRAWASTI,Bhinga,-,-,Ganga,Ganga,Ghaghra,Rapti,-,Rapti,27.68638889,81.82555556,06-02-2026 02:30,126.5
531,Bhinga,CWC,9,Uttar Pradesh,181,SHRAWASTI,Bhinga,-,-,Ganga,Ganga,Ghaghra,Rapti,-,Rapti,27.68638889,81.82555556,07-02-2026 22:30,1
532,Bhinga,CWC,9,Uttar Pradesh,181,SHRAWASTI,Bhinga,-,-,Ganga,Ganga,Ghaghra,Rapti,-,Rapti,27.68638889,81.82555556,08-02-2026 07:30,5.5
533,Bhinga,CWC,9,Uttar Pradesh,181,SHRAWASTI,Bhinga,-,-,Ganga,Ganga,Ghaghra,Rapti,-,Rapti,27.68638889,81.82555556,10-02-2026 06:30,5
534,Bhinga,CWC,9,Uttar Pradesh,181,SHRAWASTI,Bhinga,-,-,Ganga,Ganga,Ghaghra,Rapti,-,Rapti,27.68638889,81.82555556,20-02-2026 06:30,161
535,Bhinga,CWC,9,Uttar Pradesh,181,SHRAWASTI,Bhinga,-,-,Ganga,Ganga,Ghaghra,Rapti,-,Rapti,27.68638889,81.82555556,20-02-2026 19:30,484.5
536,Bhinga,CWC,9,Uttar Pradesh,181,SHRAWASTI,Bhinga,-,-,Ganga,Ganga,Ghaghra,Rapti,-,Rapti,27.68638889,81.82555556,22-02-2026 12:30,192
537,Bhinga,CWC,9,Uttar Pradesh,181,SHRAWASTI,Bhinga,-,-,Ganga,Ganga,Ghaghra,Rapti,-,Rapti,27.68638889,81.82555556,23-02-2026 04:30,144
538,Bhinga,CWC,9,Uttar Pradesh,181,SHRAWASTI,Bhinga,-,-,Ganga,Ganga,Ghaghra,Rapti,-,Rapti,27.68638889,81.82555556,24-02-2026 08:30,8.5
539,Bhinga,CWC,9,Uttar Pradesh,181,SHRAWASTI,Bhinga,-,-,Ganga,Ganga,Ghaghra,Rapti,-,Rapti,27.68638889,81.82555556,24-02-2026 12:30,433.5
540,Bhinga,CWC,9,Uttar Pradesh,181,SHRAWASTI,Bhinga,-,-,Ganga,Ganga,Ghaghra,Rapti,-,Rapti,27.68638889,81.82555556,26-02-2026 21:30,0.5
541,Bhinga,CWC,9,Uttar Pradesh,181,SHRAWASTI,Bhinga,-,-,Ganga,Ganga,Ghaghra,Rapti,-,Rapti,27.68638889,81.82555556,27-02-2026 23:30,257
542,Bhinga,CWC,9,Uttar Pradesh,181,SHRAWASTI,Bhinga,-,-,Ganga,Ganga,Ghaghra,Rapti,-,Rapti,27.68638889,81.82555556,17-03-2026 16:30,20
543,Bhinga,CWC,9,Uttar Pradesh,181,SHRAWASTI,Bhinga,-,-,Ganga,Ganga,Ghaghra,Rapti,-,Rapti,27.68638889,81.82555556,23-03-2026 13:30,1.5
544,Bhinga,CWC,9,Uttar Pradesh,181,SHRAWASTI,Bhinga,-,-,Ganga,Ganga,Ghaghra,Rapti,-,Rapti,27.68638889,81.82555556,25-03-2026 09:30,0.5
545,Bhinga,CWC,9,Uttar Pradesh,181,SHRAWASTI,Bhinga,-,-,Ganga,Ganga,Ghaghra,Rapti,-,Rapti,27.68638889,81.82555556,20-04-2026 00:30,16
546,Bhinga,CWC,9,Uttar Pradesh,181,SHRAWASTI,Bhinga,-,-,Ganga,Ganga,Ghaghra,Rapti,-,Rapti,27.68638889,81.82555556,27-05-2026 20:30,248
547,Bhitaura,CWC,9,Uttar Pradesh,142,FATEHPUR,BHITAURA,-,-,Ganga,Ganga,-,-,-,Ganga,26.04194444,80.85944444,03-01-2026 21:30,48
548,Bhitaura,CWC,9,Uttar Pradesh,142,FATEHPUR,BHITAURA,-,-,Ganga,Ganga,-,-,-,Ganga,26.04194444,80.85944444,01-04-2026 13:30,0.5
549,Bhitaura,CWC,9,Uttar Pradesh,142,FATEHPUR,BHITAURA,-,-,Ganga,Ganga,-,-,-,Ganga,26.04194444,80.85944444,02-04-2026 21:30,1
550,Bhitaura,CWC,9,Uttar Pradesh,142,FATEHPUR,BHITAURA,-,-,Ganga,Ganga,-,-,-,Ganga,26.04194444,80.85944444,03-04-2026 20:30,2.5
551,Bhitaura,CWC,9,Uttar Pradesh,142,FATEHPUR,BHITAURA,-,-,Ganga,Ganga,-,-,-,Ganga,26.04194444,80.85944444,04-04-2026 07:30,0.5
552,Bhitaura,CWC,9,Uttar Pradesh,142,FATEHPUR,BHITAURA,-,-,Ganga,Ganga,-,-,-,Ganga,26.04194444,80.85944444,04-04-2026 09:30,0.5
553,Bhitaura,CWC,9,Uttar Pradesh,142,FATEHPUR,BHITAURA,-,-,Ganga,Ganga,-,-,-,Ganga,26.04194444,80.85944444,04-04-2026 11:30,2
554,Bhitaura,CWC,9,Uttar Pradesh,142,FATEHPUR,BHITAURA,-,-,Ganga,Ganga,-,-,-,Ganga,26.04194444,80.85944444,04-04-2026 14:30,2.5
555,Bhitaura,CWC,9,Uttar Pradesh,142,FATEHPUR,BHITAURA,-,-,Ganga,Ganga,-,-,-,Ganga,26.04194444,80.85944444,04-04-2026 16:30,3.5
556,Bhitaura,CWC,9,Uttar Pradesh,142,FATEHPUR,BHITAURA,-,-,Ganga,Ganga,-,-,-,Ganga,26.04194444,80.85944444,04-04-2026 21:30,1.5
557,Bhitaura,CWC,9,Uttar Pradesh,142,FATEHPUR,BHITAURA,-,-,Ganga,Ganga,-,-,-,Ganga,26.04194444,80.85944444,05-04-2026 13:30,4
558,Bhitaura,CWC,9,Uttar Pradesh,142,FATEHPUR,BHITAURA,-,-,Ganga,Ganga,-,-,-,Ganga,26.04194444,80.85944444,05-04-2026 16:30,1.5
559,Bhitaura,CWC,9,Uttar Pradesh,142,FATEHPUR,BHITAURA,-,-,Ganga,Ganga,-,-,-,Ganga,26.04194444,80.85944444,07-04-2026 15:30,1.5
560,Bhitaura,CWC,9,Uttar Pradesh,142,FATEHPUR,BHITAURA,-,-,Ganga,Ganga,-,-,-,Ganga,26.04194444,80.85944444,08-04-2026 12:30,1
561,Bhitaura,CWC,9,Uttar Pradesh,142,FATEHPUR,BHITAURA,-,-,Ganga,Ganga,-,-,-,Ganga,26.04194444,80.85944444,11-04-2026 14:30,0.5
562,Bhitaura,CWC,9,Uttar Pradesh,142,FATEHPUR,BHITAURA,-,-,Ganga,Ganga,-,-,-,Ganga,26.04194444,80.85944444,15-04-2026 22:30,144
563,Bhitaura,CWC,9,Uttar Pradesh,142,FATEHPUR,BHITAURA,-,-,Ganga,Ganga,-,-,-,Ganga,26.04194444,80.85944444,16-04-2026 11:30,1
564,Bhitaura,CWC,9,Uttar Pradesh,142,FATEHPUR,BHITAURA,-,-,Ganga,Ganga,-,-,-,Ganga,26.04194444,80.85944444,24-04-2026 10:30,0.5
565,Bhitaura,CWC,9,Uttar Pradesh,142,FATEHPUR,BHITAURA,-,-,Ganga,Ganga,-,-,-,Ganga,26.04194444,80.85944444,25-04-2026 10:30,0.5
566,Bhitaura,CWC,9,Uttar Pradesh,142,FATEHPUR,BHITAURA,-,-,Ganga,Ganga,-,-,-,Ganga,26.04194444,80.85944444,10-05-2026 13:30,40.5
567,Bhitaura,CWC,9,Uttar Pradesh,142,FATEHPUR,BHITAURA,-,-,Ganga,Ganga,-,-,-,Ganga,26.04194444,80.85944444,17-05-2026 00:30,1
568,Bhitaura,CWC,9,Uttar Pradesh,142,FATEHPUR,BHITAURA,-,-,Ganga,Ganga,-,-,-,Ganga,26.04194444,80.85944444,17-05-2026 10:30,0.5
569,Bhitaura,CWC,9,Uttar Pradesh,142,FATEHPUR,BHITAURA,-,-,Ganga,Ganga,-,-,-,Ganga,26.04194444,80.85944444,18-05-2026 05:30,1
570,Bhitaura,CWC,9,Uttar Pradesh,142,FATEHPUR,BHITAURA,-,-,Ganga,Ganga,-,-,-,Ganga,26.04194444,80.85944444,25-05-2026 23:30,3.5
571,Bhitaura,CWC,9,Uttar Pradesh,142,FATEHPUR,BHITAURA,-,-,Ganga,Ganga,-,-,-,Ganga,26.04194444,80.85944444,26-05-2026 01:30,113.5
572,Bhitaura,CWC,9,Uttar Pradesh,142,FATEHPUR,BHITAURA,-,-,Ganga,Ganga,-,-,-,Ganga,26.04194444,80.85944444,27-05-2026 11:30,1.5
573,Bhitaura,CWC,9,Uttar Pradesh,142,FATEHPUR,BHITAURA,-,-,Ganga,Ganga,-,-,-,Ganga,26.04194444,80.85944444,27-05-2026 15:30,1.5
574,Bhitaura,CWC,9,Uttar Pradesh,142,FATEHPUR,BHITAURA,-,-,Ganga,Ganga,-,-,-,Ganga,26.04194444,80.85944444,29-05-2026 06:30,21
575,Bhitaura,CWC,9,Uttar Pradesh,142,FATEHPUR,BHITAURA,-,-,Ganga,Ganga,-,-,-,Ganga,26.04194444,80.85944444,29-05-2026 23:30,1
576,Bhitaura,CWC,9,Uttar Pradesh,142,FATEHPUR,BHITAURA,-,-,Ganga,Ganga,-,-,-,Ganga,26.04194444,80.85944444,30-05-2026 04:30,0.5
577,Bhitaura,CWC,9,Uttar Pradesh,142,FATEHPUR,BHITAURA,-,-,Ganga,Ganga,-,-,-,Ganga,26.04194444,80.85944444,30-05-2026 18:30,1.5
578,Chandradeepghat,CWC,9,Uttar Pradesh,147,GONDA,MANKAPUR,-,-,Ganga,Ganga,Ghaghra,Kwano,-,Kwano,27.13555556,82.50083333,03-01-2026 01:30,66
579,Chandradeepghat,CWC,9,Uttar Pradesh,147,GONDA,MANKAPUR,-,-,Ganga,Ganga,Ghaghra,Kwano,-,Kwano,27.13555556,82.50083333,03-01-2026 06:30,9
580,Chandradeepghat,CWC,9,Uttar Pradesh,147,GONDA,MANKAPUR,-,-,Ganga,Ganga,Ghaghra,Kwano,-,Kwano,27.13555556,82.50083333,05-01-2026 15:30,160
581,Chandradeepghat,CWC,9,Uttar Pradesh,147,GONDA,MANKAPUR,-,-,Ganga,Ganga,Ghaghra,Kwano,-,Kwano,27.13555556,82.50083333,12-01-2026 08:30,60
582,Chandradeepghat,CWC,9,Uttar Pradesh,147,GONDA,MANKAPUR,-,-,Ganga,Ganga,Ghaghra,Kwano,-,Kwano,27.13555556,82.50083333,12-01-2026 11:00,160.5
583,Chandradeepghat,CWC,9,Uttar Pradesh,147,GONDA,MANKAPUR,-,-,Ganga,Ganga,Ghaghra,Kwano,-,Kwano,27.13555556,82.50083333,17-01-2026 12:00,0.5
584,Chandradeepghat,CWC,9,Uttar Pradesh,147,GONDA,MANKAPUR,-,-,Ganga,Ganga,Ghaghra,Kwano,-,Kwano,27.13555556,82.50083333,30-01-2026 10:30,257
585,Chandradeepghat,CWC,9,Uttar Pradesh,147,GONDA,MANKAPUR,-,-,Ganga,Ganga,Ghaghra,Kwano,-,Kwano,27.13555556,82.50083333,30-01-2026 12:30,113
586,Chandradeepghat,CWC,9,Uttar Pradesh,147,GONDA,MANKAPUR,-,-,Ganga,Ganga,Ghaghra,Kwano,-,Kwano,27.13555556,82.50083333,31-01-2026 15:30,39
587,Chandradeepghat,CWC,9,Uttar Pradesh,147,GONDA,MANKAPUR,-,-,Ganga,Ganga,Ghaghra,Kwano,-,Kwano,27.13555556,82.50083333,02-02-2026 14:30,84.5
588,Chandradeepghat,CWC,9,Uttar Pradesh,147,GONDA,MANKAPUR,-,-,Ganga,Ganga,Ghaghra,Kwano,-,Kwano,27.13555556,82.50083333,03-02-2026 17:30,0.5
589,Chandradeepghat,CWC,9,Uttar Pradesh,147,GONDA,MANKAPUR,-,-,Ganga,Ganga,Ghaghra,Kwano,-,Kwano,27.13555556,82.50083333,05-02-2026 00:30,1.5
590,Chandradeepghat,CWC,9,Uttar Pradesh,147,GONDA,MANKAPUR,-,-,Ganga,Ganga,Ghaghra,Kwano,-,Kwano,27.13555556,82.50083333,07-02-2026 18:30,0.5
591,Chandradeepghat,CWC,9,Uttar Pradesh,147,GONDA,MANKAPUR,-,-,Ganga,Ganga,Ghaghra,Kwano,-,Kwano,27.13555556,82.50083333,08-02-2026 09:30,48.5
592,Chandradeepghat,CWC,9,Uttar Pradesh,147,GONDA,MANKAPUR,-,-,Ganga,Ganga,Ghaghra,Kwano,-,Kwano,27.13555556,82.50083333,15-02-2026 08:30,480
593,Chandradeepghat,CWC,9,Uttar Pradesh,147,GONDA,MANKAPUR,-,-,Ganga,Ganga,Ghaghra,Kwano,-,Kwano,27.13555556,82.50083333,15-02-2026 10:30,105
594,Chandradeepghat,CWC,9,Uttar Pradesh,147,GONDA,MANKAPUR,-,-,Ganga,Ganga,Ghaghra,Kwano,-,Kwano,27.13555556,82.50083333,26-03-2026 06:30,1.5
595,Chandradeepghat,CWC,9,Uttar Pradesh,147,GONDA,MANKAPUR,-,-,Ganga,Ganga,Ghaghra,Kwano,-,Kwano,27.13555556,82.50083333,26-03-2026 07:30,0.5
596,Chandradeepghat,CWC,9,Uttar Pradesh,147,GONDA,MANKAPUR,-,-,Ganga,Ganga,Ghaghra,Kwano,-,Kwano,27.13555556,82.50083333,28-03-2026 01:30,5
597,Chandradeepghat,CWC,9,Uttar Pradesh,147,GONDA,MANKAPUR,-,-,Ganga,Ganga,Ghaghra,Kwano,-,Kwano,27.13555556,82.50083333,28-03-2026 05:30,1
598,Chandradeepghat,CWC,9,Uttar Pradesh,147,GONDA,MANKAPUR,-,-,Ganga,Ganga,Ghaghra,Kwano,-,Kwano,27.13555556,82.50083333,28-03-2026 06:30,1
599,Chandradeepghat,CWC,9,Uttar Pradesh,147,GONDA,MANKAPUR,-,-,Ganga,Ganga,Ghaghra,Kwano,-,Kwano,27.13555556,82.50083333,28-03-2026 16:30,2.5
600,Chandradeepghat,CWC,9,Uttar Pradesh,147,GONDA,MANKAPUR,-,-,Ganga,Ganga,Ghaghra,Kwano,-,Kwano,27.13555556,82.50083333,28-03-2026 17:00,148.5
601,Chandradeepghat,CWC,9,Uttar Pradesh,147,GONDA,MANKAPUR,-,-,Ganga,Ganga,Ghaghra,Kwano,-,Kwano,27.13555556,82.50083333,02-04-2026 13:30,57
602,Chandradeepghat,CWC,9,Uttar Pradesh,147,GONDA,MANKAPUR,-,-,Ganga,Ganga,Ghaghra,Kwano,-,Kwano,27.13555556,82.50083333,05-04-2026 05:30,1.5
603,Chandradeepghat,CWC,9,Uttar Pradesh,147,GONDA,MANKAPUR,-,-,Ganga,Ganga,Ghaghra,Kwano,-,Kwano,27.13555556,82.50083333,05-04-2026 07:30,1.5
604,Chandradeepghat,CWC,9,Uttar Pradesh,147,GONDA,MANKAPUR,-,-,Ganga,Ganga,Ghaghra,Kwano,-,Kwano,27.13555556,82.50083333,08-04-2026 09:30,0.5
605,Chandradeepghat,CWC,9,Uttar Pradesh,147,GONDA,MANKAPUR,-,-,Ganga,Ganga,Ghaghra,Kwano,-,Kwano,27.13555556,82.50083333,08-04-2026 10:30,1.5
606,Chandradeepghat,CWC,9,Uttar Pradesh,147,GONDA,MANKAPUR,-,-,Ganga,Ganga,Ghaghra,Kwano,-,Kwano,27.13555556,82.50083333,08-04-2026 11:30,1.5
607,Chandradeepghat,CWC,9,Uttar Pradesh,147,GONDA,MANKAPUR,-,-,Ganga,Ganga,Ghaghra,Kwano,-,Kwano,27.13555556,82.50083333,08-04-2026 12:30,1.5
608,Chandradeepghat,CWC,9,Uttar Pradesh,147,GONDA,MANKAPUR,-,-,Ganga,Ganga,Ghaghra,Kwano,-,Kwano,27.13555556,82.50083333,08-04-2026 13:30,1.5
609,Chandradeepghat,CWC,9,Uttar Pradesh,147,GONDA,MANKAPUR,-,-,Ganga,Ganga,Ghaghra,Kwano,-,Kwano,27.13555556,82.50083333,08-04-2026 14:30,1.5
610,Chandradeepghat,CWC,9,Uttar Pradesh,147,GONDA,MANKAPUR,-,-,Ganga,Ganga,Ghaghra,Kwano,-,Kwano,27.13555556,82.50083333,08-04-2026 16:30,1.5
611,Chandradeepghat,CWC,9,Uttar Pradesh,147,GONDA,MANKAPUR,-,-,Ganga,Ganga,Ghaghra,Kwano,-,Kwano,27.13555556,82.50083333,08-04-2026 17:30,1.5
612,Chandradeepghat,CWC,9,Uttar Pradesh,147,GONDA,MANKAPUR,-,-,Ganga,Ganga,Ghaghra,Kwano,-,Kwano,27.13555556,82.50083333,08-04-2026 18:30,1.5
613,Chandradeepghat,CWC,9,Uttar Pradesh,147,GONDA,MANKAPUR,-,-,Ganga,Ganga,Ghaghra,Kwano,-,Kwano,27.13555556,82.50083333,08-04-2026 19:30,1.5
614,Chandradeepghat,CWC,9,Uttar Pradesh,147,GONDA,MANKAPUR,-,-,Ganga,Ganga,Ghaghra,Kwano,-,Kwano,27.13555556,82.50083333,08-04-2026 22:30,1.5
615,Chandradeepghat,CWC,9,Uttar Pradesh,147,GONDA,MANKAPUR,-,-,Ganga,Ganga,Ghaghra,Kwano,-,Kwano,27.13555556,82.50083333,09-04-2026 05:30,1.5
616,Chandradeepghat,CWC,9,Uttar Pradesh,147,GONDA,MANKAPUR,-,-,Ganga,Ganga,Ghaghra,Kwano,-,Kwano,27.13555556,82.50083333,09-04-2026 13:00,7
617,Chandradeepghat,CWC,9,Uttar Pradesh,147,GONDA,MANKAPUR,-,-,Ganga,Ganga,Ghaghra,Kwano,-,Kwano,27.13555556,82.50083333,09-04-2026 14:00,0.5
618,Chandradeepghat,CWC,9,Uttar Pradesh,147,GONDA,MANKAPUR,-,-,Ganga,Ganga,Ghaghra,Kwano,-,Kwano,27.13555556,82.50083333,12-04-2026 18:30,243.5
619,Chandradeepghat,CWC,9,Uttar Pradesh,147,GONDA,MANKAPUR,-,-,Ganga,Ganga,Ghaghra,Kwano,-,Kwano,27.13555556,82.50083333,15-04-2026 20:30,192
620,Chandradeepghat,CWC,9,Uttar Pradesh,147,GONDA,MANKAPUR,-,-,Ganga,Ganga,Ghaghra,Kwano,-,Kwano,27.13555556,82.50083333,02-05-2026 07:30,0.5
621,Chandradeepghat,CWC,9,Uttar Pradesh,147,GONDA,MANKAPUR,-,-,Ganga,Ganga,Ghaghra,Kwano,-,Kwano,27.13555556,82.50083333,13-05-2026 16:30,1
622,Chandradeepghat,CWC,9,Uttar Pradesh,147,GONDA,MANKAPUR,-,-,Ganga,Ganga,Ghaghra,Kwano,-,Kwano,27.13555556,82.50083333,14-05-2026 05:30,1
623,Chandradeepghat,CWC,9,Uttar Pradesh,147,GONDA,MANKAPUR,-,-,Ganga,Ganga,Ghaghra,Kwano,-,Kwano,27.13555556,82.50083333,14-05-2026 06:30,1
624,Chandradeepghat,CWC,9,Uttar Pradesh,147,GONDA,MANKAPUR,-,-,Ganga,Ganga,Ghaghra,Kwano,-,Kwano,27.13555556,82.50083333,14-05-2026 07:30,1
625,Chandradeepghat,CWC,9,Uttar Pradesh,147,GONDA,MANKAPUR,-,-,Ganga,Ganga,Ghaghra,Kwano,-,Kwano,27.13555556,82.50083333,29-05-2026 11:30,0.5
626,Chandradeepghat,CWC,9,Uttar Pradesh,147,GONDA,MANKAPUR,-,-,Ganga,Ganga,Ghaghra,Kwano,-,Kwano,27.13555556,82.50083333,30-05-2026 05:30,0.5
627,Chandradeepghat,CWC,9,Uttar Pradesh,147,GONDA,MANKAPUR,-,-,Ganga,Ganga,Ghaghra,Kwano,-,Kwano,27.13555556,82.50083333,30-05-2026 06:30,0.5
628,Chandradeepghat,CWC,9,Uttar Pradesh,147,GONDA,MANKAPUR,-,-,Ganga,Ganga,Ghaghra,Kwano,-,Kwano,27.13555556,82.50083333,30-05-2026 15:30,4.5
629,Chandradeepghat,CWC,9,Uttar Pradesh,147,GONDA,MANKAPUR,-,-,Ganga,Ganga,Ghaghra,Kwano,-,Kwano,27.13555556,82.50083333,31-05-2026 05:30,12
630,Chandradeepghat,CWC,9,Uttar Pradesh,147,GONDA,MANKAPUR,-,-,Ganga,Ganga,Ghaghra,Kwano,-,Kwano,27.13555556,82.50083333,31-05-2026 06:30,12
631,Chandradeepghat,CWC,9,Uttar Pradesh,147,GONDA,MANKAPUR,-,-,Ganga,Ganga,Ghaghra,Kwano,-,Kwano,27.13555556,82.50083333,31-05-2026 07:30,12
632,Chandradeepghat,CWC,9,Uttar Pradesh,147,GONDA,MANKAPUR,-,-,Ganga,Ganga,Ghaghra,Kwano,-,Kwano,27.13555556,82.50083333,31-05-2026 16:30,11.5
633,Chandradeepghat,CWC,9,Uttar Pradesh,147,GONDA,MANKAPUR,-,-,Ganga,Ganga,Ghaghra,Kwano,-,Kwano,27.13555556,82.50083333,31-05-2026 17:30,11.5
634,Chandradeepghat,CWC,9,Uttar Pradesh,147,GONDA,MANKAPUR,-,-,Ganga,Ganga,Ghaghra,Kwano,-,Kwano,27.13555556,82.50083333,01-06-2026 05:30,11.5
635,Chandradeepghat,CWC,9,Uttar Pradesh,147,GONDA,MANKAPUR,-,-,Ganga,Ganga,Ghaghra,Kwano,-,Kwano,27.13555556,82.50083333,01-06-2026 06:30,11.5
636,Chandradeepghat,CWC,9,Uttar Pradesh,147,GONDA,MANKAPUR,-,-,Ganga,Ganga,Ghaghra,Kwano,-,Kwano,27.13555556,82.50083333,01-06-2026 07:30,11.5
637,Chandradeepghat,CWC,9,Uttar Pradesh,147,GONDA,MANKAPUR,-,-,Ganga,Ganga,Ghaghra,Kwano,-,Kwano,27.13555556,82.50083333,02-06-2026 14:30,0.5
638,Chandradeepghat,CWC,9,Uttar Pradesh,147,GONDA,MANKAPUR,-,-,Ganga,Ganga,Ghaghra,Kwano,-,Kwano,27.13555556,82.50083333,03-06-2026 05:30,0.5
639,Chandradeepghat,CWC,9,Uttar Pradesh,147,GONDA,MANKAPUR,-,-,Ganga,Ganga,Ghaghra,Kwano,-,Kwano,27.13555556,82.50083333,03-06-2026 06:30,0.5
640,Chandradeepghat,CWC,9,Uttar Pradesh,147,GONDA,MANKAPUR,-,-,Ganga,Ganga,Ghaghra,Kwano,-,Kwano,27.13555556,82.50083333,03-06-2026 07:30,0.5
641,Fatehgarh,CWC,9,Uttar Pradesh,141,FARRUKHABAD,Farrukhabad ,-,-,Ganga,Ganga,-,-,-,Ganga,27.40138889,79.62305556,01-01-2026 00:00,NaN
642,Fatehgarh,CWC,9,Uttar Pradesh,141,FARRUKHABAD,Farrukhabad ,-,-,Ganga,Ganga,-,-,-,Ganga,27.40138889,79.62305556,01-01-2026 01:00,NaN
643,Fatehgarh,CWC,9,Uttar Pradesh,141,FARRUKHABAD,Farrukhabad ,-,-,Ganga,Ganga,-,-,-,Ganga,27.40138889,79.62305556,01-01-2026 02:00,NaN
644,Fatehgarh,CWC,9,Uttar Pradesh,141,FARRUKHABAD,Farrukhabad ,-,-,Ganga,Ganga,-,-,-,Ganga,27.40138889,79.62305556,01-01-2026 03:00,NaN
645,Fatehgarh,CWC,9,Uttar Pradesh,141,FARRUKHABAD,Farrukhabad ,-,-,Ganga,Ganga,-,-,-,Ganga,27.40138889,79.62305556,01-01-2026 04:00,NaN
646,Fatehgarh,CWC,9,Uttar Pradesh,141,FARRUKHABAD,Farrukhabad ,-,-,Ganga,Ganga,-,-,-,Ganga,27.40138889,79.62305556,01-01-2026 05:00,NaN
647,Fatehgarh,CWC,9,Uttar Pradesh,141,FARRUKHABAD,Farrukhabad ,-,-,Ganga,Ganga,-,-,-,Ganga,27.40138889,79.62305556,01-01-2026 06:00,NaN
648,Fatehgarh,CWC,9,Uttar Pradesh,141,FARRUKHABAD,Farrukhabad ,-,-,Ganga,Ganga,-,-,-,Ganga,27.40138889,79.62305556,01-01-2026 07:00,NaN
649,Fatehgarh,CWC,9,Uttar Pradesh,141,FARRUKHABAD,Farrukhabad ,-,-,Ganga,Ganga,-,-,-,Ganga,27.40138889,79.62305556,01-01-2026 10:00,NaN
650,Fatehgarh,CWC,9,Uttar Pradesh,141,FARRUKHABAD,Farrukhabad ,-,-,Ganga,Ganga,-,-,-,Ganga,27.40138889,79.62305556,01-01-2026 11:00,NaN
651,Fatehgarh,CWC,9,Uttar Pradesh,141,FARRUKHABAD,Farrukhabad ,-,-,Ganga,Ganga,-,-,-,Ganga,27.40138889,79.62305556,01-01-2026 14:00,NaN
652,Fatehgarh,CWC,9,Uttar Pradesh,141,FARRUKHABAD,Farrukhabad ,-,-,Ganga,Ganga,-,-,-,Ganga,27.40138889,79.62305556,01-01-2026 19:00,NaN
653,Fatehgarh,CWC,9,Uttar Pradesh,141,FARRUKHABAD,Farrukhabad ,-,-,Ganga,Ganga,-,-,-,Ganga,27.40138889,79.62305556,01-01-2026 20:00,NaN
654,Fatehgarh,CWC,9,Uttar Pradesh,141,FARRUKHABAD,Farrukhabad ,-,-,Ganga,Ganga,-,-,-,Ganga,27.40138889,79.62305556,01-01-2026 21:00,NaN
655,Fatehgarh,CWC,9,Uttar Pradesh,141,FARRUKHABAD,Farrukhabad ,-,-,Ganga,Ganga,-,-,-,Ganga,27.40138889,79.62305556,01-01-2026 22:00,NaN
656,Fatehgarh,CWC,9,Uttar Pradesh,141,FARRUKHABAD,Farrukhabad ,-,-,Ganga,Ganga,-,-,-,Ganga,27.40138889,79.62305556,01-01-2026 23:00,NaN
657,Fatehgarh,CWC,9,Uttar Pradesh,141,FARRUKHABAD,Farrukhabad ,-,-,Ganga,Ganga,-,-,-,Ganga,27.40138889,79.62305556,02-01-2026 00:00,NaN
658,Fatehgarh,CWC,9,Uttar Pradesh,141,FARRUKHABAD,Farrukhabad ,-,-,Ganga,Ganga,-,-,-,Ganga,27.40138889,79.62305556,02-01-2026 01:00,NaN
659,Fatehgarh,CWC,9,Uttar Pradesh,141,FARRUKHABAD,Farrukhabad ,-,-,Ganga,Ganga,-,-,-,Ganga,27.40138889,79.62305556,02-01-2026 02:00,NaN
660,Fatehgarh,CWC,9,Uttar Pradesh,141,FARRUKHABAD,Farrukhabad ,-,-,Ganga,Ganga,-,-,-,Ganga,27.40138889,79.62305556,02-01-2026 03:00,NaN
661,Fatehgarh,CWC,9,Uttar Pradesh,141,FARRUKHABAD,Farrukhabad ,-,-,Ganga,Ganga,-,-,-,Ganga,27.40138889,79.62305556,02-01-2026 04:00,NaN
662,Fatehgarh,CWC,9,Uttar Pradesh,141,FARRUKHABAD,Farrukhabad ,-,-,Ganga,Ganga,-,-,-,Ganga,27.40138889,79.62305556,02-01-2026 10:00,NaN
663,Fatehgarh,CWC,9,Uttar Pradesh,141,FARRUKHABAD,Farrukhabad ,-,-,Ganga,Ganga,-,-,-,Ganga,27.40138889,79.62305556,02-01-2026 11:00,NaN
664,Fatehgarh,CWC,9,Uttar Pradesh,141,FARRUKHABAD,Farrukhabad ,-,-,Ganga,Ganga,-,-,-,Ganga,27.40138889,79.62305556,02-01-2026 12:00,NaN
665,Fatehgarh,CWC,9,Uttar Pradesh,141,FARRUKHABAD,Farrukhabad ,-,-,Ganga,Ganga,-,-,-,Ganga,27.40138889,79.62305556,02-01-2026 14:00,NaN
666,Fatehgarh,CWC,9,Uttar Pradesh,141,FARRUKHABAD,Farrukhabad ,-,-,Ganga,Ganga,-,-,-,Ganga,27.40138889,79.62305556,02-01-2026 15:00,NaN
667,Fatehgarh,CWC,9,Uttar Pradesh,141,FARRUKHABAD,Farrukhabad ,-,-,Ganga,Ganga,-,-,-,Ganga,27.40138889,79.62305556,02-01-2026 16:00,NaN
668,Fatehgarh,CWC,9,Uttar Pradesh,141,FARRUKHABAD,Farrukhabad ,-,-,Ganga,Ganga,-,-,-,Ganga,27.40138889,79.62305556,02-01-2026 17:00,NaN
669,Fatehgarh,CWC,9,Uttar Pradesh,141,FARRUKHABAD,Farrukhabad ,-,-,Ganga,Ganga,-,-,-,Ganga,27.40138889,79.62305556,02-01-2026 20:00,NaN
670,Fatehgarh,CWC,9,Uttar Pradesh,141,FARRUKHABAD,Farrukhabad ,-,-,Ganga,Ganga,-,-,-,Ganga,27.40138889,79.62305556,02-01-2026 21:00,NaN
671,Fatehgarh,CWC,9,Uttar Pradesh,141,FARRUKHABAD,Farrukhabad ,-,-,Ganga,Ganga,-,-,-,Ganga,27.40138889,79.62305556,02-01-2026 22:00,NaN
672,Fatehgarh,CWC,9,Uttar Pradesh,141,FARRUKHABAD,Farrukhabad ,-,-,Ganga,Ganga,-,-,-,Ganga,27.40138889,79.62305556,02-01-2026 23:00,NaN
673,Fatehgarh,CWC,9,Uttar Pradesh,141,FARRUKHABAD,Farrukhabad ,-,-,Ganga,Ganga,-,-,-,Ganga,27.40138889,79.62305556,03-01-2026 00:00,NaN
674,Fatehgarh,CWC,9,Uttar Pradesh,141,FARRUKHABAD,Farrukhabad ,-,-,Ganga,Ganga,-,-,-,Ganga,27.40138889,79.62305556,03-01-2026 01:00,NaN
675,Fatehgarh,CWC,9,Uttar Pradesh,141,FARRUKHABAD,Farrukhabad ,-,-,Ganga,Ganga,-,-,-,Ganga,27.40138889,79.62305556,03-01-2026 02:00,NaN
676,Fatehgarh,CWC,9,Uttar Pradesh,141,FARRUKHABAD,Farrukhabad ,-,-,Ganga,Ganga,-,-,-,Ganga,27.40138889,79.62305556,03-01-2026 03:00,NaN
677,Fatehgarh,CWC,9,Uttar Pradesh,141,FARRUKHABAD,Farrukhabad ,-,-,Ganga,Ganga,-,-,-,Ganga,27.40138889,79.62305556,03-01-2026 04:00,NaN
678,Fatehgarh,CWC,9,Uttar Pradesh,141,FARRUKHABAD,Farrukhabad ,-,-,Ganga,Ganga,-,-,-,Ganga,27.40138889,79.62305556,03-01-2026 08:00,NaN
679,Fatehgarh,CWC,9,Uttar Pradesh,141,FARRUKHABAD,Farrukhabad ,-,-,Ganga,Ganga,-,-,-,Ganga,27.40138889,79.62305556,03-01-2026 09:00,NaN
680,Fatehgarh,CWC,9,Uttar Pradesh,141,FARRUKHABAD,Farrukhabad ,-,-,Ganga,Ganga,-,-,-,Ganga,27.40138889,79.62305556,03-01-2026 11:00,NaN
681,Fatehgarh,CWC,9,Uttar Pradesh,141,FARRUKHABAD,Farrukhabad ,-,-,Ganga,Ganga,-,-,-,Ganga,27.40138889,79.62305556,03-01-2026 12:00,NaN
682,Fatehgarh,CWC,9,Uttar Pradesh,141,FARRUKHABAD,Farrukhabad ,-,-,Ganga,Ganga,-,-,-,Ganga,27.40138889,79.62305556,03-01-2026 13:00,NaN
683,Fatehgarh,CWC,9,Uttar Pradesh,141,FARRUKHABAD,Farrukhabad ,-,-,Ganga,Ganga,-,-,-,Ganga,27.40138889,79.62305556,03-01-2026 14:00,NaN
684,Fatehgarh,CWC,9,Uttar Pradesh,141,FARRUKHABAD,Farrukhabad ,-,-,Ganga,Ganga,-,-,-,Ganga,27.40138889,79.62305556,03-01-2026 15:00,NaN
685,Fatehgarh,CWC,9,Uttar Pradesh,141,FARRUKHABAD,Farrukhabad ,-,-,Ganga,Ganga,-,-,-,Ganga,27.40138889,79.62305556,03-01-2026 17:00,NaN
686,Fatehgarh,CWC,9,Uttar Pradesh,141,FARRUKHABAD,Farrukhabad ,-,-,Ganga,Ganga,-,-,-,Ganga,27.40138889,79.62305556,03-01-2026 18:00,NaN
687,Fatehgarh,CWC,9,Uttar Pradesh,141,FARRUKHABAD,Farrukhabad ,-,-,Ganga,Ganga,-,-,-,Ganga,27.40138889,79.62305556,03-01-2026 19:00,NaN
688,Fatehgarh,CWC,9,Uttar Pradesh,141,FARRUKHABAD,Farrukhabad ,-,-,Ganga,Ganga,-,-,-,Ganga,27.40138889,79.62305556,03-01-2026 20:00,NaN
689,Fatehgarh,CWC,9,Uttar Pradesh,141,FARRUKHABAD,Farrukhabad ,-,-,Ganga,Ganga,-,-,-,Ganga,27.40138889,79.62305556,03-01-2026 22:00,NaN
690,Fatehgarh,CWC,9,Uttar Pradesh,141,FARRUKHABAD,Farrukhabad ,-,-,Ganga,Ganga,-,-,-,Ganga,27.40138889,79.62305556,03-01-2026 23:00,NaN
691,Fatehgarh,CWC,9,Uttar Pradesh,141,FARRUKHABAD,Farrukhabad ,-,-,Ganga,Ganga,-,-,-,Ganga,27.40138889,79.62305556,04-01-2026 03:00,NaN
692,Fatehgarh,CWC,9,Uttar Pradesh,141,FARRUKHABAD,Farrukhabad ,-,-,Ganga,Ganga,-,-,-,Ganga,27.40138889,79.62305556,04-01-2026 04:00,NaN
693,Fatehgarh,CWC,9,Uttar Pradesh,141,FARRUKHABAD,Farrukhabad ,-,-,Ganga,Ganga,-,-,-,Ganga,27.40138889,79.62305556,04-01-2026 07:00,NaN
694,Fatehgarh,CWC,9,Uttar Pradesh,141,FARRUKHABAD,Farrukhabad ,-,-,Ganga,Ganga,-,-,-,Ganga,27.40138889,79.62305556,04-01-2026 14:00,NaN
695,Fatehgarh,CWC,9,Uttar Pradesh,141,FARRUKHABAD,Farrukhabad ,-,-,Ganga,Ganga,-,-,-,Ganga,27.40138889,79.62305556,04-01-2026 16:00,NaN
696,Fatehgarh,CWC,9,Uttar Pradesh,141,FARRUKHABAD,Farrukhabad ,-,-,Ganga,Ganga,-,-,-,Ganga,27.40138889,79.62305556,04-01-2026 17:00,NaN
697,Fatehgarh,CWC,9,Uttar Pradesh,141,FARRUKHABAD,Farrukhabad ,-,-,Ganga,Ganga,-,-,-,Ganga,27.40138889,79.62305556,04-01-2026 18:00,NaN
698,Fatehgarh,CWC,9,Uttar Pradesh,141,FARRUKHABAD,Farrukhabad ,-,-,Ganga,Ganga,-,-,-,Ganga,27.40138889,79.62305556,04-01-2026 19:00,NaN
699,Fatehgarh,CWC,9,Uttar Pradesh,141,FARRUKHABAD,Farrukhabad ,-,-,Ganga,Ganga,-,-,-,Ganga,27.40138889,79.62305556,04-01-2026 20:00,NaN
700,Fatehgarh,CWC,9,Uttar Pradesh,141,FARRUKHABAD,Farrukhabad ,-,-,Ganga,Ganga,-,-,-,Ganga,27.40138889,79.62305556,04-01-2026 21:00,NaN
701,Fatehgarh,CWC,9,Uttar Pradesh,141,FARRUKHABAD,Farrukhabad ,-,-,Ganga,Ganga,-,-,-,Ganga,27.40138889,79.62305556,04-01-2026 22:00,NaN
702,Fatehgarh,CWC,9,Uttar Pradesh,141,FARRUKHABAD,Farrukhabad ,-,-,Ganga,Ganga,-,-,-,Ganga,27.40138889,79.62305556,04-01-2026 23:00,NaN
703,Fatehgarh,CWC,9,Uttar Pradesh,141,FARRUKHABAD,Farrukhabad ,-,-,Ganga,Ganga,-,-,-,Ganga,27.40138889,79.62305556,05-01-2026 00:00,NaN
704,Fatehgarh,CWC,9,Uttar Pradesh,141,FARRUKHABAD,Farrukhabad ,-,-,Ganga,Ganga,-,-,-,Ganga,27.40138889,79.62305556,05-01-2026 01:00,NaN
705,Fatehgarh,CWC,9,Uttar Pradesh,141,FARRUKHABAD,Farrukhabad ,-,-,Ganga,Ganga,-,-,-,Ganga,27.40138889,79.62305556,05-01-2026 02:00,NaN
706,Fatehgarh,CWC,9,Uttar Pradesh,141,FARRUKHABAD,Farrukhabad ,-,-,Ganga,Ganga,-,-,-,Ganga,27.40138889,79.62305556,05-01-2026 03:00,NaN
707,Fatehgarh,CWC,9,Uttar Pradesh,141,FARRUKHABAD,Farrukhabad ,-,-,Ganga,Ganga,-,-,-,Ganga,27.40138889,79.62305556,05-01-2026 05:00,NaN
708,Fatehgarh,CWC,9,Uttar Pradesh,141,FARRUKHABAD,Farrukhabad ,-,-,Ganga,Ganga,-,-,-,Ganga,27.40138889,79.62305556,05-01-2026 15:00,NaN
709,Fatehgarh,CWC,9,Uttar Pradesh,141,FARRUKHABAD,Farrukhabad ,-,-,Ganga,Ganga,-,-,-,Ganga,27.40138889,79.62305556,05-01-2026 16:00,NaN
710,Fatehgarh,CWC,9,Uttar Pradesh,141,FARRUKHABAD,Farrukhabad ,-,-,Ganga,Ganga,-,-,-,Ganga,27.40138889,79.62305556,05-01-2026 17:00,NaN
711,Fatehgarh,CWC,9,Uttar Pradesh,141,FARRUKHABAD,Farrukhabad ,-,-,Ganga,Ganga,-,-,-,Ganga,27.40138889,79.62305556,05-01-2026 18:00,NaN
712,Fatehgarh,CWC,9,Uttar Pradesh,141,FARRUKHABAD,Farrukhabad ,-,-,Ganga,Ganga,-,-,-,Ganga,27.40138889,79.62305556,05-01-2026 19:00,NaN
713,Fatehgarh,CWC,9,Uttar Pradesh,141,FARRUKHABAD,Farrukhabad ,-,-,Ganga,Ganga,-,-,-,Ganga,27.40138889,79.62305556,05-01-2026 21:00,NaN
714,Fatehgarh,CWC,9,Uttar Pradesh,141,FARRUKHABAD,Farrukhabad ,-,-,Ganga,Ganga,-,-,-,Ganga,27.40138889,79.62305556,05-01-2026 22:00,NaN
715,Fatehgarh,CWC,9,Uttar Pradesh,141,FARRUKHABAD,Farrukhabad ,-,-,Ganga,Ganga,-,-,-,Ganga,27.40138889,79.62305556,05-01-2026 23:00,NaN
716,Fatehgarh,CWC,9,Uttar Pradesh,141,FARRUKHABAD,Farrukhabad ,-,-,Ganga,Ganga,-,-,-,Ganga,27.40138889,79.62305556,06-01-2026 00:00,NaN
717,Fatehgarh,CWC,9,Uttar Pradesh,141,FARRUKHABAD,Farrukhabad ,-,-,Ganga,Ganga,-,-,-,Ganga,27.40138889,79.62305556,06-01-2026 01:00,NaN
718,Fatehgarh,CWC,9,Uttar Pradesh,141,FARRUKHABAD,Farrukhabad ,-,-,Ganga,Ganga,-,-,-,Ganga,27.40138889,79.62305556,06-01-2026 02:00,NaN
719,Fatehgarh,CWC,9,Uttar Pradesh,141,FARRUKHABAD,Farrukhabad ,-,-,Ganga,Ganga,-,-,-,Ganga,27.40138889,79.62305556,06-01-2026 03:00,NaN
720,Fatehgarh,CWC,9,Uttar Pradesh,141,FARRUKHABAD,Farrukhabad ,-,-,Ganga,Ganga,-,-,-,Ganga,27.40138889,79.62305556,06-01-2026 04:00,NaN
721,Fatehgarh,CWC,9,Uttar Pradesh,141,FARRUKHABAD,Farrukhabad ,-,-,Ganga,Ganga,-,-,-,Ganga,27.40138889,79.62305556,06-01-2026 12:00,NaN
722,Fatehgarh,CWC,9,Uttar Pradesh,141,FARRUKHABAD,Farrukhabad ,-,-,Ganga,Ganga,-,-,-,Ganga,27.40138889,79.62305556,06-01-2026 13:00,NaN
723,Fatehgarh,CWC,9,Uttar Pradesh,141,FARRUKHABAD,Farrukhabad ,-,-,Ganga,Ganga,-,-,-,Ganga,27.40138889,79.62305556,06-01-2026 14:00,NaN
724,Fatehgarh,CWC,9,Uttar Pradesh,141,FARRUKHABAD,Farrukhabad ,-,-,Ganga,Ganga,-,-,-,Ganga,27.40138889,79.62305556,07-01-2026 00:00,NaN
725,Fatehgarh,CWC,9,Uttar Pradesh,141,FARRUKHABAD,Farrukhabad ,-,-,Ganga,Ganga,-,-,-,Ganga,27.40138889,79.62305556,07-01-2026 01:00,NaN
726,Fatehgarh,CWC,9,Uttar Pradesh,141,FARRUKHABAD,Farrukhabad ,-,-,Ganga,Ganga,-,-,-,Ganga,27.40138889,79.62305556,07-01-2026 02:00,NaN
727,Fatehgarh,CWC,9,Uttar Pradesh,141,FARRUKHABAD,Farrukhabad ,-,-,Ganga,Ganga,-,-,-,Ganga,27.40138889,79.62305556,07-01-2026 03:00,NaN
728,Fatehgarh,CWC,9,Uttar Pradesh,141,FARRUKHABAD,Farrukhabad ,-,-,Ganga,Ganga,-,-,-,Ganga,27.40138889,79.62305556,07-01-2026 04:00,NaN
729,Fatehgarh,CWC,9,Uttar Pradesh,141,FARRUKHABAD,Farrukhabad ,-,-,Ganga,Ganga,-,-,-,Ganga,27.40138889,79.62305556,07-01-2026 09:00,NaN
730,Fatehgarh,CWC,9,Uttar Pradesh,141,FARRUKHABAD,Farrukhabad ,-,-,Ganga,Ganga,-,-,-,Ganga,27.40138889,79.62305556,07-01-2026 11:00,NaN
731,Fatehgarh,CWC,9,Uttar Pradesh,141,FARRUKHABAD,Farrukhabad ,-,-,Ganga,Ganga,-,-,-,Ganga,27.40138889,79.62305556,07-01-2026 12:00,NaN
732,Fatehgarh,CWC,9,Uttar Pradesh,141,FARRUKHABAD,Farrukhabad ,-,-,Ganga,Ganga,-,-,-,Ganga,27.40138889,79.62305556,07-01-2026 14:00,NaN
733,Fatehgarh,CWC,9,Uttar Pradesh,141,FARRUKHABAD,Farrukhabad ,-,-,Ganga,Ganga,-,-,-,Ganga,27.40138889,79.62305556,07-01-2026 16:00,NaN
734,Fatehgarh,CWC,9,Uttar Pradesh,141,FARRUKHABAD,Farrukhabad ,-,-,Ganga,Ganga,-,-,-,Ganga,27.40138889,79.62305556,07-01-2026 17:00,NaN
735,Fatehgarh,CWC,9,Uttar Pradesh,141,FARRUKHABAD,Farrukhabad ,-,-,Ganga,Ganga,-,-,-,Ganga,27.40138889,79.62305556,07-01-2026 18:00,NaN
736,Fatehgarh,CWC,9,Uttar Pradesh,141,FARRUKHABAD,Farrukhabad ,-,-,Ganga,Ganga,-,-,-,Ganga,27.40138889,79.62305556,07-01-2026 19:00,NaN
737,Fatehgarh,CWC,9,Uttar Pradesh,141,FARRUKHABAD,Farrukhabad ,-,-,Ganga,Ganga,-,-,-,Ganga,27.40138889,79.62305556,07-01-2026 20:00,NaN
738,Fatehgarh,CWC,9,Uttar Pradesh,141,FARRUKHABAD,Farrukhabad ,-,-,Ganga,Ganga,-,-,-,Ganga,27.40138889,79.62305556,07-01-2026 21:00,NaN
739,Fatehgarh,CWC,9,Uttar Pradesh,141,FARRUKHABAD,Farrukhabad ,-,-,Ganga,Ganga,-,-,-,Ganga,27.40138889,79.62305556,07-01-2026 22:00,NaN
740,Fatehgarh,CWC,9,Uttar Pradesh,141,FARRUKHABAD,Farrukhabad ,-,-,Ganga,Ganga,-,-,-,Ganga,27.40138889,79.62305556,07-01-2026 23:00,NaN
741,Fatehgarh,CWC,9,Uttar Pradesh,141,FARRUKHABAD,Farrukhabad ,-,-,Ganga,Ganga,-,-,-,Ganga,27.40138889,79.62305556,08-01-2026 00:00,NaN
742,Fatehgarh,CWC,9,Uttar Pradesh,141,FARRUKHABAD,Farrukhabad ,-,-,Ganga,Ganga,-,-,-,Ganga,27.40138889,79.62305556,08-01-2026 01:00,NaN
743,Fatehgarh,CWC,9,Uttar Pradesh,141,FARRUKHABAD,Farrukhabad ,-,-,Ganga,Ganga,-,-,-,Ganga,27.40138889,79.62305556,08-01-2026 02:00,NaN
744,Fatehgarh,CWC,9,Uttar Pradesh,141,FARRUKHABAD,Farrukhabad ,-,-,Ganga,Ganga,-,-,-,Ganga,27.40138889,79.62305556,08-01-2026 13:00,NaN
745,Fatehgarh,CWC,9,Uttar Pradesh,141,FARRUKHABAD,Farrukhabad ,-,-,Ganga,Ganga,-,-,-,Ganga,27.40138889,79.62305556,08-01-2026 14:00,NaN
746,Fatehgarh,CWC,9,Uttar Pradesh,141,FARRUKHABAD,Farrukhabad ,-,-,Ganga,Ganga,-,-,-,Ganga,27.40138889,79.62305556,08-01-2026 15:00,NaN
747,Fatehgarh,CWC,9,Uttar Pradesh,141,FARRUKHABAD,Farrukhabad ,-,-,Ganga,Ganga,-,-,-,Ganga,27.40138889,79.62305556,08-01-2026 16:00,NaN
748,Fatehgarh,CWC,9,Uttar Pradesh,141,FARRUKHABAD,Farrukhabad ,-,-,Ganga,Ganga,-,-,-,Ganga,27.40138889,79.62305556,08-01-2026 17:00,NaN
749,Fatehgarh,CWC,9,Uttar Pradesh,141,FARRUKHABAD,Farrukhabad ,-,-,Ganga,Ganga,-,-,-,Ganga,27.40138889,79.62305556,08-01-2026 18:00,NaN
750,Fatehgarh,CWC,9,Uttar Pradesh,141,FARRUKHABAD,Farrukhabad ,-,-,Ganga,Ganga,-,-,-,Ganga,27.40138889,79.62305556,08-01-2026 19:00,NaN
751,Fatehgarh,CWC,9,Uttar Pradesh,141,FARRUKHABAD,Farrukhabad ,-,-,Ganga,Ganga,-,-,-,Ganga,27.40138889,79.62305556,08-01-2026 20:00,NaN
752,Fatehgarh,CWC,9,Uttar Pradesh,141,FARRUKHABAD,Farrukhabad ,-,-,Ganga,Ganga,-,-,-,Ganga,27.40138889,79.62305556,08-01-2026 21:00,NaN
753,Fatehgarh,CWC,9,Uttar Pradesh,141,FARRUKHABAD,Farrukhabad ,-,-,Ganga,Ganga,-,-,-,Ganga,27.40138889,79.62305556,08-01-2026 22:00,NaN
754,Fatehgarh,CWC,9,Uttar Pradesh,141,FARRUKHABAD,Farrukhabad ,-,-,Ganga,Ganga,-,-,-,Ganga,27.40138889,79.62305556,08-01-2026 23:00,NaN
755,Fatehgarh,CWC,9,Uttar Pradesh,141,FARRUKHABAD,Farrukhabad ,-,-,Ganga,Ganga,-,-,-,Ganga,27.40138889,79.62305556,09-01-2026 00:00,NaN
756,Fatehgarh,CWC,9,Uttar Pradesh,141,FARRUKHABAD,Farrukhabad ,-,-,Ganga,Ganga,-,-,-,Ganga,27.40138889,79.62305556,09-01-2026 01:00,NaN
757,Fatehgarh,CWC,9,Uttar Pradesh,141,FARRUKHABAD,Farrukhabad ,-,-,Ganga,Ganga,-,-,-,Ganga,27.40138889,79.62305556,09-01-2026 02:00,NaN
758,Fatehgarh,CWC,9,Uttar Pradesh,141,FARRUKHABAD,Farrukhabad ,-,-,Ganga,Ganga,-,-,-,Ganga,27.40138889,79.62305556,09-01-2026 04:00,NaN
759,Fatehgarh,CWC,9,Uttar Pradesh,141,FARRUKHABAD,Farrukhabad ,-,-,Ganga,Ganga,-,-,-,Ganga,27.40138889,79.62305556,09-01-2026 05:00,NaN
760,Fatehgarh,CWC,9,Uttar Pradesh,141,FARRUKHABAD,Farrukhabad ,-,-,Ganga,Ganga,-,-,-,Ganga,27.40138889,79.62305556,10-01-2026 00:00,NaN
761,Fatehgarh,CWC,9,Uttar Pradesh,141,FARRUKHABAD,Farrukhabad ,-,-,Ganga,Ganga,-,-,-,Ganga,27.40138889,79.62305556,10-01-2026 01:00,NaN
762,Fatehgarh,CWC,9,Uttar Pradesh,141,FARRUKHABAD,Farrukhabad ,-,-,Ganga,Ganga,-,-,-,Ganga,27.40138889,79.62305556,10-01-2026 02:00,NaN
763,Fatehgarh,CWC,9,Uttar Pradesh,141,FARRUKHABAD,Farrukhabad ,-,-,Ganga,Ganga,-,-,-,Ganga,27.40138889,79.62305556,10-01-2026 03:00,NaN
764,Fatehgarh,CWC,9,Uttar Pradesh,141,FARRUKHABAD,Farrukhabad ,-,-,Ganga,Ganga,-,-,-,Ganga,27.40138889,79.62305556,10-01-2026 04:00,NaN
765,Fatehgarh,CWC,9,Uttar Pradesh,141,FARRUKHABAD,Farrukhabad ,-,-,Ganga,Ganga,-,-,-,Ganga,27.40138889,79.62305556,10-01-2026 05:00,NaN
766,Fatehgarh,CWC,9,Uttar Pradesh,141,FARRUKHABAD,Farrukhabad ,-,-,Ganga,Ganga,-,-,-,Ganga,27.40138889,79.62305556,10-01-2026 06:00,NaN
767,Fatehgarh,CWC,9,Uttar Pradesh,141,FARRUKHABAD,Farrukhabad ,-,-,Ganga,Ganga,-,-,-,Ganga,27.40138889,79.62305556,10-01-2026 09:00,NaN
768,Fatehgarh,CWC,9,Uttar Pradesh,141,FARRUKHABAD,Farrukhabad ,-,-,Ganga,Ganga,-,-,-,Ganga,27.40138889,79.62305556,10-01-2026 10:00,NaN
769,Fatehgarh,CWC,9,Uttar Pradesh,141,FARRUKHABAD,Farrukhabad ,-,-,Ganga,Ganga,-,-,-,Ganga,27.40138889,79.62305556,10-01-2026 11:00,NaN
770,Fatehgarh,CWC,9,Uttar Pradesh,141,FARRUKHABAD,Farrukhabad ,-,-,Ganga,Ganga,-,-,-,Ganga,27.40138889,79.62305556,10-01-2026 12:00,NaN
771,Fatehgarh,CWC,9,Uttar Pradesh,141,FARRUKHABAD,Farrukhabad ,-,-,Ganga,Ganga,-,-,-,Ganga,27.40138889,79.62305556,10-01-2026 14:00,NaN
772,Fatehgarh,CWC,9,Uttar Pradesh,141,FARRUKHABAD,Farrukhabad ,-,-,Ganga,Ganga,-,-,-,Ganga,27.40138889,79.62305556,10-01-2026 15:00,NaN
773,Fatehgarh,CWC,9,Uttar Pradesh,141,FARRUKHABAD,Farrukhabad ,-,-,Ganga,Ganga,-,-,-,Ganga,27.40138889,79.62305556,10-01-2026 18:00,NaN
774,Fatehgarh,CWC,9,Uttar Pradesh,141,FARRUKHABAD,Farrukhabad ,-,-,Ganga,Ganga,-,-,-,Ganga,27.40138889,79.62305556,10-01-2026 19:00,NaN
775,Fatehgarh,CWC,9,Uttar Pradesh,141,FARRUKHABAD,Farrukhabad ,-,-,Ganga,Ganga,-,-,-,Ganga,27.40138889,79.62305556,10-01-2026 20:00,NaN
776,Fatehgarh,CWC,9,Uttar Pradesh,141,FARRUKHABAD,Farrukhabad ,-,-,Ganga,Ganga,-,-,-,Ganga,27.40138889,79.62305556,10-01-2026 21:00,NaN
777,Fatehgarh,CWC,9,Uttar Pradesh,141,FARRUKHABAD,Farrukhabad ,-,-,Ganga,Ganga,-,-,-,Ganga,27.40138889,79.62305556,10-01-2026 22:00,NaN
778,Fatehgarh,CWC,9,Uttar Pradesh,141,FARRUKHABAD,Farrukhabad ,-,-,Ganga,Ganga,-,-,-,Ganga,27.40138889,79.62305556,10-01-2026 23:00,NaN
779,Fatehgarh,CWC,9,Uttar Pradesh,141,FARRUKHABAD,Farrukhabad ,-,-,Ganga,Ganga,-,-,-,Ganga,27.40138889,79.62305556,11-01-2026 00:00,NaN
780,Fatehgarh,CWC,9,Uttar Pradesh,141,FARRUKHABAD,Farrukhabad ,-,-,Ganga,Ganga,-,-,-,Ganga,27.40138889,79.62305556,11-01-2026 01:00,NaN
781,Fatehgarh,CWC,9,Uttar Pradesh,141,FARRUKHABAD,Farrukhabad ,-,-,Ganga,Ganga,-,-,-,Ganga,27.40138889,79.62305556,11-01-2026 02:00,NaN
782,Fatehgarh,CWC,9,Uttar Pradesh,141,FARRUKHABAD,Farrukhabad ,-,-,Ganga,Ganga,-,-,-,Ganga,27.40138889,79.62305556,11-01-2026 03:00,NaN
783,Fatehgarh,CWC,9,Uttar Pradesh,141,FARRUKHABAD,Farrukhabad ,-,-,Ganga,Ganga,-,-,-,Ganga,27.40138889,79.62305556,11-01-2026 06:00,NaN
784,Fatehgarh,CWC,9,Uttar Pradesh,141,FARRUKHABAD,Farrukhabad ,-,-,Ganga,Ganga,-,-,-,Ganga,27.40138889,79.62305556,11-01-2026 10:00,NaN
785,Fatehgarh,CWC,9,Uttar Pradesh,141,FARRUKHABAD,Farrukhabad ,-,-,Ganga,Ganga,-,-,-,Ganga,27.40138889,79.62305556,11-01-2026 12:00,NaN
786,Fatehgarh,CWC,9,Uttar Pradesh,141,FARRUKHABAD,Farrukhabad ,-,-,Ganga,Ganga,-,-,-,Ganga,27.40138889,79.62305556,11-01-2026 13:00,NaN
787,Fatehgarh,CWC,9,Uttar Pradesh,141,FARRUKHABAD,Farrukhabad ,-,-,Ganga,Ganga,-,-,-,Ganga,27.40138889,79.62305556,11-01-2026 14:00,NaN
788,Fatehgarh,CWC,9,Uttar Pradesh,141,FARRUKHABAD,Farrukhabad ,-,-,Ganga,Ganga,-,-,-,Ganga,27.40138889,79.62305556,11-01-2026 15:00,NaN
789,Fatehgarh,CWC,9,Uttar Pradesh,141,FARRUKHABAD,Farrukhabad ,-,-,Ganga,Ganga,-,-,-,Ganga,27.40138889,79.62305556,11-01-2026 16:00,NaN
790,Fatehgarh,CWC,9,Uttar Pradesh,141,FARRUKHABAD,Farrukhabad ,-,-,Ganga,Ganga,-,-,-,Ganga,27.40138889,79.62305556,11-01-2026 17:00,NaN
791,Fatehgarh,CWC,9,Uttar Pradesh,141,FARRUKHABAD,Farrukhabad ,-,-,Ganga,Ganga,-,-,-,Ganga,27.40138889,79.62305556,11-01-2026 18:00,NaN
792,Fatehgarh,CWC,9,Uttar Pradesh,141,FARRUKHABAD,Farrukhabad ,-,-,Ganga,Ganga,-,-,-,Ganga,27.40138889,79.62305556,11-01-2026 19:00,NaN
793,Fatehgarh,CWC,9,Uttar Pradesh,141,FARRUKHABAD,Farrukhabad ,-,-,Ganga,Ganga,-,-,-,Ganga,27.40138889,79.62305556,11-01-2026 20:00,NaN
794,Fatehgarh,CWC,9,Uttar Pradesh,141,FARRUKHABAD,Farrukhabad ,-,-,Ganga,Ganga,-,-,-,Ganga,27.40138889,79.62305556,11-01-2026 21:00,NaN
795,Fatehgarh,CWC,9,Uttar Pradesh,141,FARRUKHABAD,Farrukhabad ,-,-,Ganga,Ganga,-,-,-,Ganga,27.40138889,79.62305556,11-01-2026 22:00,NaN
796,Fatehgarh,CWC,9,Uttar Pradesh,141,FARRUKHABAD,Farrukhabad ,-,-,Ganga,Ganga,-,-,-,Ganga,27.40138889,79.62305556,11-01-2026 23:00,NaN
797,Fatehgarh,CWC,9,Uttar Pradesh,141,FARRUKHABAD,Farrukhabad ,-,-,Ganga,Ganga,-,-,-,Ganga,27.40138889,79.62305556,12-01-2026 00:00,NaN
798,Fatehgarh,CWC,9,Uttar Pradesh,141,FARRUKHABAD,Farrukhabad ,-,-,Ganga,Ganga,-,-,-,Ganga,27.40138889,79.62305556,12-01-2026 01:00,NaN
799,Fatehgarh,CWC,9,Uttar Pradesh,141,FARRUKHABAD,Farrukhabad ,-,-,Ganga,Ganga,-,-,-,Ganga,27.40138889,79.62305556,12-01-2026 02:00,NaN
800,Fatehgarh,CWC,9,Uttar Pradesh,141,FARRUKHABAD,Farrukhabad ,-,-,Ganga,Ganga,-,-,-,Ganga,27.40138889,79.62305556,12-01-2026 03:00,NaN
801,Fatehgarh,CWC,9,Uttar Pradesh,141,FARRUKHABAD,Farrukhabad ,-,-,Ganga,Ganga,-,-,-,Ganga,27.40138889,79.62305556,12-01-2026 04:00,NaN
802,Fatehgarh,CWC,9,Uttar Pradesh,141,FARRUKHABAD,Farrukhabad ,-,-,Ganga,Ganga,-,-,-,Ganga,27.40138889,79.62305556,12-01-2026 18:00,NaN
803,Fatehgarh,CWC,9,Uttar Pradesh,141,FARRUKHABAD,Farrukhabad ,-,-,Ganga,Ganga,-,-,-,Ganga,27.40138889,79.62305556,12-01-2026 19:00,NaN
804,Fatehgarh,CWC,9,Uttar Pradesh,141,FARRUKHABAD,Farrukhabad ,-,-,Ganga,Ganga,-,-,-,Ganga,27.40138889,79.62305556,12-01-2026 21:00,NaN
805,Fatehgarh,CWC,9,Uttar Pradesh,141,FARRUKHABAD,Farrukhabad ,-,-,Ganga,Ganga,-,-,-,Ganga,27.40138889,79.62305556,12-01-2026 22:00,NaN
806,Fatehgarh,CWC,9,Uttar Pradesh,141,FARRUKHABAD,Farrukhabad ,-,-,Ganga,Ganga,-,-,-,Ganga,27.40138889,79.62305556,12-01-2026 23:00,NaN
807,Fatehgarh,CWC,9,Uttar Pradesh,141,FARRUKHABAD,Farrukhabad ,-,-,Ganga,Ganga,-,-,-,Ganga,27.40138889,79.62305556,13-01-2026 00:00,NaN
808,Fatehgarh,CWC,9,Uttar Pradesh,141,FARRUKHABAD,Farrukhabad ,-,-,Ganga,Ganga,-,-,-,Ganga,27.40138889,79.62305556,13-01-2026 01:00,NaN
809,Fatehgarh,CWC,9,Uttar Pradesh,141,FARRUKHABAD,Farrukhabad ,-,-,Ganga,Ganga,-,-,-,Ganga,27.40138889,79.62305556,13-01-2026 02:00,NaN
810,Fatehgarh,CWC,9,Uttar Pradesh,141,FARRUKHABAD,Farrukhabad ,-,-,Ganga,Ganga,-,-,-,Ganga,27.40138889,79.62305556,13-01-2026 03:00,NaN
811,Fatehgarh,CWC,9,Uttar Pradesh,141,FARRUKHABAD,Farrukhabad ,-,-,Ganga,Ganga,-,-,-,Ganga,27.40138889,79.62305556,13-01-2026 13:00,NaN
812,Fatehgarh,CWC,9,Uttar Pradesh,141,FARRUKHABAD,Farrukhabad ,-,-,Ganga,Ganga,-,-,-,Ganga,27.40138889,79.62305556,13-01-2026 20:00,NaN
813,Fatehgarh,CWC,9,Uttar Pradesh,141,FARRUKHABAD,Farrukhabad ,-,-,Ganga,Ganga,-,-,-,Ganga,27.40138889,79.62305556,13-01-2026 21:00,NaN
814,Fatehgarh,CWC,9,Uttar Pradesh,141,FARRUKHABAD,Farrukhabad ,-,-,Ganga,Ganga,-,-,-,Ganga,27.40138889,79.62305556,13-01-2026 22:00,NaN
815,Fatehgarh,CWC,9,Uttar Pradesh,141,FARRUKHABAD,Farrukhabad ,-,-,Ganga,Ganga,-,-,-,Ganga,27.40138889,79.62305556,13-01-2026 23:00,NaN
816,Fatehgarh,CWC,9,Uttar Pradesh,141,FARRUKHABAD,Farrukhabad ,-,-,Ganga,Ganga,-,-,-,Ganga,27.40138889,79.62305556,14-01-2026 00:00,NaN
817,Fatehgarh,CWC,9,Uttar Pradesh,141,FARRUKHABAD,Farrukhabad ,-,-,Ganga,Ganga,-,-,-,Ganga,27.40138889,79.62305556,14-01-2026 01:00,NaN
818,Fatehgarh,CWC,9,Uttar Pradesh,141,FARRUKHABAD,Farrukhabad ,-,-,Ganga,Ganga,-,-,-,Ganga,27.40138889,79.62305556,14-01-2026 02:00,NaN
819,Fatehgarh,CWC,9,Uttar Pradesh,141,FARRUKHABAD,Farrukhabad ,-,-,Ganga,Ganga,-,-,-,Ganga,27.40138889,79.62305556,14-01-2026 13:00,NaN
820,Fatehgarh,CWC,9,Uttar Pradesh,141,FARRUKHABAD,Farrukhabad ,-,-,Ganga,Ganga,-,-,-,Ganga,27.40138889,79.62305556,14-01-2026 22:00,NaN
821,Fatehgarh,CWC,9,Uttar Pradesh,141,FARRUKHABAD,Farrukhabad ,-,-,Ganga,Ganga,-,-,-,Ganga,27.40138889,79.62305556,14-01-2026 23:00,NaN
822,Fatehgarh,CWC,9,Uttar Pradesh,141,FARRUKHABAD,Farrukhabad ,-,-,Ganga,Ganga,-,-,-,Ganga,27.40138889,79.62305556,15-01-2026 00:00,NaN
823,Fatehgarh,CWC,9,Uttar Pradesh,141,FARRUKHABAD,Farrukhabad ,-,-,Ganga,Ganga,-,-,-,Ganga,27.40138889,79.62305556,15-01-2026 01:00,NaN
824,Fatehgarh,CWC,9,Uttar Pradesh,141,FARRUKHABAD,Farrukhabad ,-,-,Ganga,Ganga,-,-,-,Ganga,27.40138889,79.62305556,15-01-2026 02:00,NaN
825,Fatehgarh,CWC,9,Uttar Pradesh,141,FARRUKHABAD,Farrukhabad ,-,-,Ganga,Ganga,-,-,-,Ganga,27.40138889,79.62305556,15-01-2026 03:00,NaN
826,Fatehgarh,CWC,9,Uttar Pradesh,141,FARRUKHABAD,Farrukhabad ,-,-,Ganga,Ganga,-,-,-,Ganga,27.40138889,79.62305556,15-01-2026 14:00,NaN
827,Fatehgarh,CWC,9,Uttar Pradesh,141,FARRUKHABAD,Farrukhabad ,-,-,Ganga,Ganga,-,-,-,Ganga,27.40138889,79.62305556,15-01-2026 17:00,NaN
828,Fatehgarh,CWC,9,Uttar Pradesh,141,FARRUKHABAD,Farrukhabad ,-,-,Ganga,Ganga,-,-,-,Ganga,27.40138889,79.62305556,15-01-2026 18:00,NaN
829,Fatehgarh,CWC,9,Uttar Pradesh,141,FARRUKHABAD,Farrukhabad ,-,-,Ganga,Ganga,-,-,-,Ganga,27.40138889,79.62305556,15-01-2026 19:00,NaN
830,Fatehgarh,CWC,9,Uttar Pradesh,141,FARRUKHABAD,Farrukhabad ,-,-,Ganga,Ganga,-,-,-,Ganga,27.40138889,79.62305556,15-01-2026 20:00,NaN
831,Fatehgarh,CWC,9,Uttar Pradesh,141,FARRUKHABAD,Farrukhabad ,-,-,Ganga,Ganga,-,-,-,Ganga,27.40138889,79.62305556,15-01-2026 21:00,NaN
832,Fatehgarh,CWC,9,Uttar Pradesh,141,FARRUKHABAD,Farrukhabad ,-,-,Ganga,Ganga,-,-,-,Ganga,27.40138889,79.62305556,15-01-2026 22:00,NaN
833,Fatehgarh,CWC,9,Uttar Pradesh,141,FARRUKHABAD,Farrukhabad ,-,-,Ganga,Ganga,-,-,-,Ganga,27.40138889,79.62305556,15-01-2026 23:00,NaN
834,Fatehgarh,CWC,9,Uttar Pradesh,141,FARRUKHABAD,Farrukhabad ,-,-,Ganga,Ganga,-,-,-,Ganga,27.40138889,79.62305556,16-01-2026 00:00,NaN
835,Fatehgarh,CWC,9,Uttar Pradesh,141,FARRUKHABAD,Farrukhabad ,-,-,Ganga,Ganga,-,-,-,Ganga,27.40138889,79.62305556,16-01-2026 01:00,NaN
836,Fatehgarh,CWC,9,Uttar Pradesh,141,FARRUKHABAD,Farrukhabad ,-,-,Ganga,Ganga,-,-,-,Ganga,27.40138889,79.62305556,16-01-2026 02:00,NaN
837,Fatehgarh,CWC,9,Uttar Pradesh,141,FARRUKHABAD,Farrukhabad ,-,-,Ganga,Ganga,-,-,-,Ganga,27.40138889,79.62305556,16-01-2026 03:00,NaN
838,Fatehgarh,CWC,9,Uttar Pradesh,141,FARRUKHABAD,Farrukhabad ,-,-,Ganga,Ganga,-,-,-,Ganga,27.40138889,79.62305556,16-01-2026 11:00,NaN
839,Fatehgarh,CWC,9,Uttar Pradesh,141,FARRUKHABAD,Farrukhabad ,-,-,Ganga,Ganga,-,-,-,Ganga,27.40138889,79.62305556,16-01-2026 13:00,NaN
840,Fatehgarh,CWC,9,Uttar Pradesh,141,FARRUKHABAD,Farrukhabad ,-,-,Ganga,Ganga,-,-,-,Ganga,27.40138889,79.62305556,16-01-2026 16:00,NaN
841,Fatehgarh,CWC,9,Uttar Pradesh,141,FARRUKHABAD,Farrukhabad ,-,-,Ganga,Ganga,-,-,-,Ganga,27.40138889,79.62305556,16-01-2026 17:00,NaN
842,Fatehgarh,CWC,9,Uttar Pradesh,141,FARRUKHABAD,Farrukhabad ,-,-,Ganga,Ganga,-,-,-,Ganga,27.40138889,79.62305556,16-01-2026 18:00,NaN
843,Fatehgarh,CWC,9,Uttar Pradesh,141,FARRUKHABAD,Farrukhabad ,-,-,Ganga,Ganga,-,-,-,Ganga,27.40138889,79.62305556,16-01-2026 19:00,NaN
844,Fatehgarh,CWC,9,Uttar Pradesh,141,FARRUKHABAD,Farrukhabad ,-,-,Ganga,Ganga,-,-,-,Ganga,27.40138889,79.62305556,16-01-2026 20:00,NaN
845,Fatehgarh,CWC,9,Uttar Pradesh,141,FARRUKHABAD,Farrukhabad ,-,-,Ganga,Ganga,-,-,-,Ganga,27.40138889,79.62305556,16-01-2026 21:00,NaN
846,Fatehgarh,CWC,9,Uttar Pradesh,141,FARRUKHABAD,Farrukhabad ,-,-,Ganga,Ganga,-,-,-,Ganga,27.40138889,79.62305556,16-01-2026 22:00,NaN
847,Fatehgarh,CWC,9,Uttar Pradesh,141,FARRUKHABAD,Farrukhabad ,-,-,Ganga,Ganga,-,-,-,Ganga,27.40138889,79.62305556,16-01-2026 23:00,NaN
848,Fatehgarh,CWC,9,Uttar Pradesh,141,FARRUKHABAD,Farrukhabad ,-,-,Ganga,Ganga,-,-,-,Ganga,27.40138889,79.62305556,17-01-2026 00:00,NaN
849,Fatehgarh,CWC,9,Uttar Pradesh,141,FARRUKHABAD,Farrukhabad ,-,-,Ganga,Ganga,-,-,-,Ganga,27.40138889,79.62305556,17-01-2026 01:00,NaN
850,Fatehgarh,CWC,9,Uttar Pradesh,141,FARRUKHABAD,Farrukhabad ,-,-,Ganga,Ganga,-,-,-,Ganga,27.40138889,79.62305556,17-01-2026 02:00,NaN
851,Fatehgarh,CWC,9,Uttar Pradesh,141,FARRUKHABAD,Farrukhabad ,-,-,Ganga,Ganga,-,-,-,Ganga,27.40138889,79.62305556,17-01-2026 03:00,NaN
852,Fatehgarh,CWC,9,Uttar Pradesh,141,FARRUKHABAD,Farrukhabad ,-,-,Ganga,Ganga,-,-,-,Ganga,27.40138889,79.62305556,17-01-2026 04:00,NaN
853,Fatehgarh,CWC,9,Uttar Pradesh,141,FARRUKHABAD,Farrukhabad ,-,-,Ganga,Ganga,-,-,-,Ganga,27.40138889,79.62305556,17-01-2026 05:00,NaN
854,Fatehgarh,CWC,9,Uttar Pradesh,141,FARRUKHABAD,Farrukhabad ,-,-,Ganga,Ganga,-,-,-,Ganga,27.40138889,79.62305556,17-01-2026 06:00,NaN
855,Fatehgarh,CWC,9,Uttar Pradesh,141,FARRUKHABAD,Farrukhabad ,-,-,Ganga,Ganga,-,-,-,Ganga,27.40138889,79.62305556,17-01-2026 07:00,NaN
856,Fatehgarh,CWC,9,Uttar Pradesh,141,FARRUKHABAD,Farrukhabad ,-,-,Ganga,Ganga,-,-,-,Ganga,27.40138889,79.62305556,17-01-2026 10:00,NaN
857,Fatehgarh,CWC,9,Uttar Pradesh,141,FARRUKHABAD,Farrukhabad ,-,-,Ganga,Ganga,-,-,-,Ganga,27.40138889,79.62305556,17-01-2026 11:00,NaN
858,Fatehgarh,CWC,9,Uttar Pradesh,141,FARRUKHABAD,Farrukhabad ,-,-,Ganga,Ganga,-,-,-,Ganga,27.40138889,79.62305556,29-01-2026 00:00,NaN
859,Fatehgarh,CWC,9,Uttar Pradesh,141,FARRUKHABAD,Farrukhabad ,-,-,Ganga,Ganga,-,-,-,Ganga,27.40138889,79.62305556,29-01-2026 01:00,NaN
860,Fatehgarh,CWC,9,Uttar Pradesh,141,FARRUKHABAD,Farrukhabad ,-,-,Ganga,Ganga,-,-,-,Ganga,27.40138889,79.62305556,29-01-2026 02:00,NaN
861,Fatehgarh,CWC,9,Uttar Pradesh,141,FARRUKHABAD,Farrukhabad ,-,-,Ganga,Ganga,-,-,-,Ganga,27.40138889,79.62305556,29-01-2026 19:00,NaN
862,Fatehgarh,CWC,9,Uttar Pradesh,141,FARRUKHABAD,Farrukhabad ,-,-,Ganga,Ganga,-,-,-,Ganga,27.40138889,79.62305556,29-01-2026 22:00,NaN
863,Fatehgarh,CWC,9,Uttar Pradesh,141,FARRUKHABAD,Farrukhabad ,-,-,Ganga,Ganga,-,-,-,Ganga,27.40138889,79.62305556,29-01-2026 23:00,NaN
864,Fatehgarh,CWC,9,Uttar Pradesh,141,FARRUKHABAD,Farrukhabad ,-,-,Ganga,Ganga,-,-,-,Ganga,27.40138889,79.62305556,30-01-2026 00:00,NaN
865,Fatehgarh,CWC,9,Uttar Pradesh,141,FARRUKHABAD,Farrukhabad ,-,-,Ganga,Ganga,-,-,-,Ganga,27.40138889,79.62305556,30-01-2026 01:00,NaN
866,Fatehgarh,CWC,9,Uttar Pradesh,141,FARRUKHABAD,Farrukhabad ,-,-,Ganga,Ganga,-,-,-,Ganga,27.40138889,79.62305556,30-01-2026 02:00,NaN
867,Fatehgarh,CWC,9,Uttar Pradesh,141,FARRUKHABAD,Farrukhabad ,-,-,Ganga,Ganga,-,-,-,Ganga,27.40138889,79.62305556,30-01-2026 18:00,NaN
868,Fatehgarh,CWC,9,Uttar Pradesh,141,FARRUKHABAD,Farrukhabad ,-,-,Ganga,Ganga,-,-,-,Ganga,27.40138889,79.62305556,30-01-2026 19:00,NaN
869,Fatehgarh,CWC,9,Uttar Pradesh,141,FARRUKHABAD,Farrukhabad ,-,-,Ganga,Ganga,-,-,-,Ganga,27.40138889,79.62305556,30-01-2026 20:00,NaN
870,Fatehgarh,CWC,9,Uttar Pradesh,141,FARRUKHABAD,Farrukhabad ,-,-,Ganga,Ganga,-,-,-,Ganga,27.40138889,79.62305556,30-01-2026 21:00,NaN
871,Fatehgarh,CWC,9,Uttar Pradesh,141,FARRUKHABAD,Farrukhabad ,-,-,Ganga,Ganga,-,-,-,Ganga,27.40138889,79.62305556,30-01-2026 22:00,NaN
872,Fatehgarh,CWC,9,Uttar Pradesh,141,FARRUKHABAD,Farrukhabad ,-,-,Ganga,Ganga,-,-,-,Ganga,27.40138889,79.62305556,30-01-2026 23:00,NaN
873,Fatehgarh,CWC,9,Uttar Pradesh,141,FARRUKHABAD,Farrukhabad ,-,-,Ganga,Ganga,-,-,-,Ganga,27.40138889,79.62305556,31-01-2026 00:00,NaN
874,Fatehgarh,CWC,9,Uttar Pradesh,141,FARRUKHABAD,Farrukhabad ,-,-,Ganga,Ganga,-,-,-,Ganga,27.40138889,79.62305556,31-01-2026 01:00,NaN
875,Fatehgarh,CWC,9,Uttar Pradesh,141,FARRUKHABAD,Farrukhabad ,-,-,Ganga,Ganga,-,-,-,Ganga,27.40138889,79.62305556,31-01-2026 02:00,NaN
876,Fatehgarh,CWC,9,Uttar Pradesh,141,FARRUKHABAD,Farrukhabad ,-,-,Ganga,Ganga,-,-,-,Ganga,27.40138889,79.62305556,31-01-2026 03:00,NaN
877,Fatehgarh,CWC,9,Uttar Pradesh,141,FARRUKHABAD,Farrukhabad ,-,-,Ganga,Ganga,-,-,-,Ganga,27.40138889,79.62305556,31-01-2026 04:00,NaN
878,Fatehgarh,CWC,9,Uttar Pradesh,141,FARRUKHABAD,Farrukhabad ,-,-,Ganga,Ganga,-,-,-,Ganga,27.40138889,79.62305556,31-01-2026 05:00,NaN
879,Fatehgarh,CWC,9,Uttar Pradesh,141,FARRUKHABAD,Farrukhabad ,-,-,Ganga,Ganga,-,-,-,Ganga,27.40138889,79.62305556,31-01-2026 06:00,NaN
880,Fatehgarh,CWC,9,Uttar Pradesh,141,FARRUKHABAD,Farrukhabad ,-,-,Ganga,Ganga,-,-,-,Ganga,27.40138889,79.62305556,31-01-2026 10:00,NaN
881,Fatehgarh,CWC,9,Uttar Pradesh,141,FARRUKHABAD,Farrukhabad ,-,-,Ganga,Ganga,-,-,-,Ganga,27.40138889,79.62305556,31-01-2026 11:00,NaN
882,Fatehgarh,CWC,9,Uttar Pradesh,141,FARRUKHABAD,Farrukhabad ,-,-,Ganga,Ganga,-,-,-,Ganga,27.40138889,79.62305556,31-01-2026 18:00,NaN
883,Fatehgarh,CWC,9,Uttar Pradesh,141,FARRUKHABAD,Farrukhabad ,-,-,Ganga,Ganga,-,-,-,Ganga,27.40138889,79.62305556,31-01-2026 20:00,NaN
884,Fatehgarh,CWC,9,Uttar Pradesh,141,FARRUKHABAD,Farrukhabad ,-,-,Ganga,Ganga,-,-,-,Ganga,27.40138889,79.62305556,31-01-2026 21:00,NaN
885,Fatehgarh,CWC,9,Uttar Pradesh,141,FARRUKHABAD,Farrukhabad ,-,-,Ganga,Ganga,-,-,-,Ganga,27.40138889,79.62305556,31-01-2026 22:00,NaN
886,Fatehgarh,CWC,9,Uttar Pradesh,141,FARRUKHABAD,Farrukhabad ,-,-,Ganga,Ganga,-,-,-,Ganga,27.40138889,79.62305556,31-01-2026 23:00,NaN
887,Fatehgarh,CWC,9,Uttar Pradesh,141,FARRUKHABAD,Farrukhabad ,-,-,Ganga,Ganga,-,-,-,Ganga,27.40138889,79.62305556,01-02-2026 00:00,NaN
888,Fatehgarh,CWC,9,Uttar Pradesh,141,FARRUKHABAD,Farrukhabad ,-,-,Ganga,Ganga,-,-,-,Ganga,27.40138889,79.62305556,01-02-2026 01:00,NaN
889,Fatehgarh,CWC,9,Uttar Pradesh,141,FARRUKHABAD,Farrukhabad ,-,-,Ganga,Ganga,-,-,-,Ganga,27.40138889,79.62305556,01-02-2026 03:00,NaN
890,Fatehgarh,CWC,9,Uttar Pradesh,141,FARRUKHABAD,Farrukhabad ,-,-,Ganga,Ganga,-,-,-,Ganga,27.40138889,79.62305556,01-02-2026 04:00,NaN
891,Fatehgarh,CWC,9,Uttar Pradesh,141,FARRUKHABAD,Farrukhabad ,-,-,Ganga,Ganga,-,-,-,Ganga,27.40138889,79.62305556,01-02-2026 05:00,NaN
892,Fatehgarh,CWC,9,Uttar Pradesh,141,FARRUKHABAD,Farrukhabad ,-,-,Ganga,Ganga,-,-,-,Ganga,27.40138889,79.62305556,01-02-2026 11:00,NaN
893,Fatehgarh,CWC,9,Uttar Pradesh,141,FARRUKHABAD,Farrukhabad ,-,-,Ganga,Ganga,-,-,-,Ganga,27.40138889,79.62305556,01-02-2026 16:00,NaN
894,Fatehgarh,CWC,9,Uttar Pradesh,141,FARRUKHABAD,Farrukhabad ,-,-,Ganga,Ganga,-,-,-,Ganga,27.40138889,79.62305556,01-02-2026 18:00,NaN
895,Fatehgarh,CWC,9,Uttar Pradesh,141,FARRUKHABAD,Farrukhabad ,-,-,Ganga,Ganga,-,-,-,Ganga,27.40138889,79.62305556,01-02-2026 21:00,NaN
896,Fatehgarh,CWC,9,Uttar Pradesh,141,FARRUKHABAD,Farrukhabad ,-,-,Ganga,Ganga,-,-,-,Ganga,27.40138889,79.62305556,01-02-2026 22:00,NaN
897,Fatehgarh,CWC,9,Uttar Pradesh,141,FARRUKHABAD,Farrukhabad ,-,-,Ganga,Ganga,-,-,-,Ganga,27.40138889,79.62305556,01-02-2026 23:00,NaN
898,Fatehgarh,CWC,9,Uttar Pradesh,141,FARRUKHABAD,Farrukhabad ,-,-,Ganga,Ganga,-,-,-,Ganga,27.40138889,79.62305556,02-02-2026 00:00,NaN
899,Fatehgarh,CWC,9,Uttar Pradesh,141,FARRUKHABAD,Farrukhabad ,-,-,Ganga,Ganga,-,-,-,Ganga,27.40138889,79.62305556,02-02-2026 01:00,NaN
900,Fatehgarh,CWC,9,Uttar Pradesh,141,FARRUKHABAD,Farrukhabad ,-,-,Ganga,Ganga,-,-,-,Ganga,27.40138889,79.62305556,02-02-2026 02:00,NaN
901,Fatehgarh,CWC,9,Uttar Pradesh,141,FARRUKHABAD,Farrukhabad ,-,-,Ganga,Ganga,-,-,-,Ganga,27.40138889,79.62305556,02-02-2026 17:00,NaN
902,Fatehgarh,CWC,9,Uttar Pradesh,141,FARRUKHABAD,Farrukhabad ,-,-,Ganga,Ganga,-,-,-,Ganga,27.40138889,79.62305556,02-02-2026 19:00,NaN
903,Fatehgarh,CWC,9,Uttar Pradesh,141,FARRUKHABAD,Farrukhabad ,-,-,Ganga,Ganga,-,-,-,Ganga,27.40138889,79.62305556,02-02-2026 20:00,NaN
904,Fatehgarh,CWC,9,Uttar Pradesh,141,FARRUKHABAD,Farrukhabad ,-,-,Ganga,Ganga,-,-,-,Ganga,27.40138889,79.62305556,02-02-2026 21:00,NaN
905,Fatehgarh,CWC,9,Uttar Pradesh,141,FARRUKHABAD,Farrukhabad ,-,-,Ganga,Ganga,-,-,-,Ganga,27.40138889,79.62305556,02-02-2026 22:00,NaN
906,Fatehgarh,CWC,9,Uttar Pradesh,141,FARRUKHABAD,Farrukhabad ,-,-,Ganga,Ganga,-,-,-,Ganga,27.40138889,79.62305556,02-02-2026 23:00,NaN
907,Fatehgarh,CWC,9,Uttar Pradesh,141,FARRUKHABAD,Farrukhabad ,-,-,Ganga,Ganga,-,-,-,Ganga,27.40138889,79.62305556,03-02-2026 00:00,NaN
908,Fatehgarh,CWC,9,Uttar Pradesh,141,FARRUKHABAD,Farrukhabad ,-,-,Ganga,Ganga,-,-,-,Ganga,27.40138889,79.62305556,03-02-2026 01:00,NaN
909,Fatehgarh,CWC,9,Uttar Pradesh,141,FARRUKHABAD,Farrukhabad ,-,-,Ganga,Ganga,-,-,-,Ganga,27.40138889,79.62305556,03-02-2026 02:00,NaN
910,Fatehgarh,CWC,9,Uttar Pradesh,141,FARRUKHABAD,Farrukhabad ,-,-,Ganga,Ganga,-,-,-,Ganga,27.40138889,79.62305556,03-02-2026 03:00,NaN
911,Fatehgarh,CWC,9,Uttar Pradesh,141,FARRUKHABAD,Farrukhabad ,-,-,Ganga,Ganga,-,-,-,Ganga,27.40138889,79.62305556,03-02-2026 04:00,NaN
912,Fatehgarh,CWC,9,Uttar Pradesh,141,FARRUKHABAD,Farrukhabad ,-,-,Ganga,Ganga,-,-,-,Ganga,27.40138889,79.62305556,03-02-2026 14:00,NaN
913,Fatehgarh,CWC,9,Uttar Pradesh,141,FARRUKHABAD,Farrukhabad ,-,-,Ganga,Ganga,-,-,-,Ganga,27.40138889,79.62305556,03-02-2026 17:00,NaN
914,Fatehgarh,CWC,9,Uttar Pradesh,141,FARRUKHABAD,Farrukhabad ,-,-,Ganga,Ganga,-,-,-,Ganga,27.40138889,79.62305556,03-02-2026 19:00,NaN
915,Fatehgarh,CWC,9,Uttar Pradesh,141,FARRUKHABAD,Farrukhabad ,-,-,Ganga,Ganga,-,-,-,Ganga,27.40138889,79.62305556,03-02-2026 20:00,NaN
916,Fatehgarh,CWC,9,Uttar Pradesh,141,FARRUKHABAD,Farrukhabad ,-,-,Ganga,Ganga,-,-,-,Ganga,27.40138889,79.62305556,03-02-2026 21:00,NaN
917,Fatehgarh,CWC,9,Uttar Pradesh,141,FARRUKHABAD,Farrukhabad ,-,-,Ganga,Ganga,-,-,-,Ganga,27.40138889,79.62305556,03-02-2026 22:00,NaN
918,Fatehgarh,CWC,9,Uttar Pradesh,141,FARRUKHABAD,Farrukhabad ,-,-,Ganga,Ganga,-,-,-,Ganga,27.40138889,79.62305556,03-02-2026 23:00,NaN
919,Fatehgarh,CWC,9,Uttar Pradesh,141,FARRUKHABAD,Farrukhabad ,-,-,Ganga,Ganga,-,-,-,Ganga,27.40138889,79.62305556,04-02-2026 00:00,NaN
920,Fatehgarh,CWC,9,Uttar Pradesh,141,FARRUKHABAD,Farrukhabad ,-,-,Ganga,Ganga,-,-,-,Ganga,27.40138889,79.62305556,04-02-2026 01:00,NaN
921,Fatehgarh,CWC,9,Uttar Pradesh,141,FARRUKHABAD,Farrukhabad ,-,-,Ganga,Ganga,-,-,-,Ganga,27.40138889,79.62305556,04-02-2026 02:00,NaN
922,Fatehgarh,CWC,9,Uttar Pradesh,141,FARRUKHABAD,Farrukhabad ,-,-,Ganga,Ganga,-,-,-,Ganga,27.40138889,79.62305556,04-02-2026 18:00,NaN
923,Fatehgarh,CWC,9,Uttar Pradesh,141,FARRUKHABAD,Farrukhabad ,-,-,Ganga,Ganga,-,-,-,Ganga,27.40138889,79.62305556,04-02-2026 19:00,NaN
924,Fatehgarh,CWC,9,Uttar Pradesh,141,FARRUKHABAD,Farrukhabad ,-,-,Ganga,Ganga,-,-,-,Ganga,27.40138889,79.62305556,04-02-2026 21:00,NaN
925,Fatehgarh,CWC,9,Uttar Pradesh,141,FARRUKHABAD,Farrukhabad ,-,-,Ganga,Ganga,-,-,-,Ganga,27.40138889,79.62305556,04-02-2026 22:00,NaN
926,Fatehgarh,CWC,9,Uttar Pradesh,141,FARRUKHABAD,Farrukhabad ,-,-,Ganga,Ganga,-,-,-,Ganga,27.40138889,79.62305556,04-02-2026 23:00,NaN
927,Fatehgarh,CWC,9,Uttar Pradesh,141,FARRUKHABAD,Farrukhabad ,-,-,Ganga,Ganga,-,-,-,Ganga,27.40138889,79.62305556,05-02-2026 00:00,NaN
928,Fatehgarh,CWC,9,Uttar Pradesh,141,FARRUKHABAD,Farrukhabad ,-,-,Ganga,Ganga,-,-,-,Ganga,27.40138889,79.62305556,05-02-2026 01:00,NaN
929,Fatehgarh,CWC,9,Uttar Pradesh,141,FARRUKHABAD,Farrukhabad ,-,-,Ganga,Ganga,-,-,-,Ganga,27.40138889,79.62305556,05-02-2026 02:00,NaN
930,Fatehgarh,CWC,9,Uttar Pradesh,141,FARRUKHABAD,Farrukhabad ,-,-,Ganga,Ganga,-,-,-,Ganga,27.40138889,79.62305556,05-02-2026 20:00,NaN
931,Fatehgarh,CWC,9,Uttar Pradesh,141,FARRUKHABAD,Farrukhabad ,-,-,Ganga,Ganga,-,-,-,Ganga,27.40138889,79.62305556,05-02-2026 21:00,NaN
932,Fatehgarh,CWC,9,Uttar Pradesh,141,FARRUKHABAD,Farrukhabad ,-,-,Ganga,Ganga,-,-,-,Ganga,27.40138889,79.62305556,05-02-2026 22:00,NaN
933,Fatehgarh,CWC,9,Uttar Pradesh,141,FARRUKHABAD,Farrukhabad ,-,-,Ganga,Ganga,-,-,-,Ganga,27.40138889,79.62305556,05-02-2026 23:00,NaN
934,Fatehgarh,CWC,9,Uttar Pradesh,141,FARRUKHABAD,Farrukhabad ,-,-,Ganga,Ganga,-,-,-,Ganga,27.40138889,79.62305556,06-02-2026 00:00,NaN
935,Fatehgarh,CWC,9,Uttar Pradesh,141,FARRUKHABAD,Farrukhabad ,-,-,Ganga,Ganga,-,-,-,Ganga,27.40138889,79.62305556,06-02-2026 01:00,NaN
936,Fatehgarh,CWC,9,Uttar Pradesh,141,FARRUKHABAD,Farrukhabad ,-,-,Ganga,Ganga,-,-,-,Ganga,27.40138889,79.62305556,06-02-2026 02:00,NaN
937,Fatehgarh,CWC,9,Uttar Pradesh,141,FARRUKHABAD,Farrukhabad ,-,-,Ganga,Ganga,-,-,-,Ganga,27.40138889,79.62305556,06-02-2026 02:30,NaN
938,Fatehgarh,CWC,9,Uttar Pradesh,141,FARRUKHABAD,Farrukhabad ,-,-,Ganga,Ganga,-,-,-,Ganga,27.40138889,79.62305556,06-02-2026 20:00,NaN
939,Fatehgarh,CWC,9,Uttar Pradesh,141,FARRUKHABAD,Farrukhabad ,-,-,Ganga,Ganga,-,-,-,Ganga,27.40138889,79.62305556,06-02-2026 21:00,NaN
940,Fatehgarh,CWC,9,Uttar Pradesh,141,FARRUKHABAD,Farrukhabad ,-,-,Ganga,Ganga,-,-,-,Ganga,27.40138889,79.62305556,06-02-2026 22:00,NaN
941,Fatehgarh,CWC,9,Uttar Pradesh,141,FARRUKHABAD,Farrukhabad ,-,-,Ganga,Ganga,-,-,-,Ganga,27.40138889,79.62305556,06-02-2026 23:00,NaN
942,Fatehgarh,CWC,9,Uttar Pradesh,141,FARRUKHABAD,Farrukhabad ,-,-,Ganga,Ganga,-,-,-,Ganga,27.40138889,79.62305556,07-02-2026 00:00,NaN
943,Fatehgarh,CWC,9,Uttar Pradesh,141,FARRUKHABAD,Farrukhabad ,-,-,Ganga,Ganga,-,-,-,Ganga,27.40138889,79.62305556,07-02-2026 01:00,NaN
944,Fatehgarh,CWC,9,Uttar Pradesh,141,FARRUKHABAD,Farrukhabad ,-,-,Ganga,Ganga,-,-,-,Ganga,27.40138889,79.62305556,07-02-2026 02:00,NaN
945,Fatehgarh,CWC,9,Uttar Pradesh,141,FARRUKHABAD,Farrukhabad ,-,-,Ganga,Ganga,-,-,-,Ganga,27.40138889,79.62305556,07-02-2026 22:00,NaN
946,Fatehgarh,CWC,9,Uttar Pradesh,141,FARRUKHABAD,Farrukhabad ,-,-,Ganga,Ganga,-,-,-,Ganga,27.40138889,79.62305556,07-02-2026 23:00,NaN
947,Fatehgarh,CWC,9,Uttar Pradesh,141,FARRUKHABAD,Farrukhabad ,-,-,Ganga,Ganga,-,-,-,Ganga,27.40138889,79.62305556,08-02-2026 00:00,NaN
948,Fatehgarh,CWC,9,Uttar Pradesh,141,FARRUKHABAD,Farrukhabad ,-,-,Ganga,Ganga,-,-,-,Ganga,27.40138889,79.62305556,08-02-2026 01:00,NaN
949,Fatehgarh,CWC,9,Uttar Pradesh,141,FARRUKHABAD,Farrukhabad ,-,-,Ganga,Ganga,-,-,-,Ganga,27.40138889,79.62305556,08-02-2026 21:00,NaN
950,Fatehgarh,CWC,9,Uttar Pradesh,141,FARRUKHABAD,Farrukhabad ,-,-,Ganga,Ganga,-,-,-,Ganga,27.40138889,79.62305556,08-02-2026 23:00,NaN
951,Fatehgarh,CWC,9,Uttar Pradesh,141,FARRUKHABAD,Farrukhabad ,-,-,Ganga,Ganga,-,-,-,Ganga,27.40138889,79.62305556,09-02-2026 00:00,NaN
952,Fatehgarh,CWC,9,Uttar Pradesh,141,FARRUKHABAD,Farrukhabad ,-,-,Ganga,Ganga,-,-,-,Ganga,27.40138889,79.62305556,09-02-2026 01:00,NaN
953,Fatehgarh,CWC,9,Uttar Pradesh,141,FARRUKHABAD,Farrukhabad ,-,-,Ganga,Ganga,-,-,-,Ganga,27.40138889,79.62305556,09-02-2026 18:00,NaN
954,Fatehgarh,CWC,9,Uttar Pradesh,141,FARRUKHABAD,Farrukhabad ,-,-,Ganga,Ganga,-,-,-,Ganga,27.40138889,79.62305556,09-02-2026 22:00,NaN
955,Fatehgarh,CWC,9,Uttar Pradesh,141,FARRUKHABAD,Farrukhabad ,-,-,Ganga,Ganga,-,-,-,Ganga,27.40138889,79.62305556,09-02-2026 23:00,NaN
956,Fatehgarh,CWC,9,Uttar Pradesh,141,FARRUKHABAD,Farrukhabad ,-,-,Ganga,Ganga,-,-,-,Ganga,27.40138889,79.62305556,10-02-2026 00:00,NaN
957,Fatehgarh,CWC,9,Uttar Pradesh,141,FARRUKHABAD,Farrukhabad ,-,-,Ganga,Ganga,-,-,-,Ganga,27.40138889,79.62305556,10-02-2026 21:00,NaN
958,Fatehgarh,CWC,9,Uttar Pradesh,141,FARRUKHABAD,Farrukhabad ,-,-,Ganga,Ganga,-,-,-,Ganga,27.40138889,79.62305556,10-02-2026 22:00,NaN
959,Fatehgarh,CWC,9,Uttar Pradesh,141,FARRUKHABAD,Farrukhabad ,-,-,Ganga,Ganga,-,-,-,Ganga,27.40138889,79.62305556,10-02-2026 23:00,NaN
960,Fatehgarh,CWC,9,Uttar Pradesh,141,FARRUKHABAD,Farrukhabad ,-,-,Ganga,Ganga,-,-,-,Ganga,27.40138889,79.62305556,11-02-2026 00:00,NaN
961,Fatehgarh,CWC,9,Uttar Pradesh,141,FARRUKHABAD,Farrukhabad ,-,-,Ganga,Ganga,-,-,-,Ganga,27.40138889,79.62305556,11-02-2026 01:00,NaN
962,Fatehgarh,CWC,9,Uttar Pradesh,141,FARRUKHABAD,Farrukhabad ,-,-,Ganga,Ganga,-,-,-,Ganga,27.40138889,79.62305556,11-02-2026 02:00,NaN
963,Fatehgarh,CWC,9,Uttar Pradesh,141,FARRUKHABAD,Farrukhabad ,-,-,Ganga,Ganga,-,-,-,Ganga,27.40138889,79.62305556,12-02-2026 21:00,NaN
964,Fatehgarh,CWC,9,Uttar Pradesh,141,FARRUKHABAD,Farrukhabad ,-,-,Ganga,Ganga,-,-,-,Ganga,27.40138889,79.62305556,12-02-2026 22:00,NaN
965,Fatehgarh,CWC,9,Uttar Pradesh,141,FARRUKHABAD,Farrukhabad ,-,-,Ganga,Ganga,-,-,-,Ganga,27.40138889,79.62305556,12-02-2026 23:00,NaN
966,Fatehgarh,CWC,9,Uttar Pradesh,141,FARRUKHABAD,Farrukhabad ,-,-,Ganga,Ganga,-,-,-,Ganga,27.40138889,79.62305556,13-02-2026 00:00,NaN
967,Fatehgarh,CWC,9,Uttar Pradesh,141,FARRUKHABAD,Farrukhabad ,-,-,Ganga,Ganga,-,-,-,Ganga,27.40138889,79.62305556,13-02-2026 01:00,NaN
968,Fatehgarh,CWC,9,Uttar Pradesh,141,FARRUKHABAD,Farrukhabad ,-,-,Ganga,Ganga,-,-,-,Ganga,27.40138889,79.62305556,13-02-2026 02:00,NaN
969,Fatehgarh,CWC,9,Uttar Pradesh,141,FARRUKHABAD,Farrukhabad ,-,-,Ganga,Ganga,-,-,-,Ganga,27.40138889,79.62305556,13-02-2026 20:00,NaN
970,Fatehgarh,CWC,9,Uttar Pradesh,141,FARRUKHABAD,Farrukhabad ,-,-,Ganga,Ganga,-,-,-,Ganga,27.40138889,79.62305556,13-02-2026 21:00,NaN
971,Fatehgarh,CWC,9,Uttar Pradesh,141,FARRUKHABAD,Farrukhabad ,-,-,Ganga,Ganga,-,-,-,Ganga,27.40138889,79.62305556,13-02-2026 22:00,NaN
972,Fatehgarh,CWC,9,Uttar Pradesh,141,FARRUKHABAD,Farrukhabad ,-,-,Ganga,Ganga,-,-,-,Ganga,27.40138889,79.62305556,13-02-2026 23:00,NaN
973,Fatehgarh,CWC,9,Uttar Pradesh,141,FARRUKHABAD,Farrukhabad ,-,-,Ganga,Ganga,-,-,-,Ganga,27.40138889,79.62305556,14-02-2026 23:00,NaN
974,Fatehgarh,CWC,9,Uttar Pradesh,141,FARRUKHABAD,Farrukhabad ,-,-,Ganga,Ganga,-,-,-,Ganga,27.40138889,79.62305556,15-02-2026 00:00,NaN
975,Fatehgarh,CWC,9,Uttar Pradesh,141,FARRUKHABAD,Farrukhabad ,-,-,Ganga,Ganga,-,-,-,Ganga,27.40138889,79.62305556,15-02-2026 01:00,NaN
976,Fatehgarh,CWC,9,Uttar Pradesh,141,FARRUKHABAD,Farrukhabad ,-,-,Ganga,Ganga,-,-,-,Ganga,27.40138889,79.62305556,15-02-2026 02:00,NaN
977,Fatehgarh,CWC,9,Uttar Pradesh,141,FARRUKHABAD,Farrukhabad ,-,-,Ganga,Ganga,-,-,-,Ganga,27.40138889,79.62305556,15-02-2026 20:00,NaN
978,Fatehgarh,CWC,9,Uttar Pradesh,141,FARRUKHABAD,Farrukhabad ,-,-,Ganga,Ganga,-,-,-,Ganga,27.40138889,79.62305556,15-02-2026 21:00,NaN
979,Fatehgarh,CWC,9,Uttar Pradesh,141,FARRUKHABAD,Farrukhabad ,-,-,Ganga,Ganga,-,-,-,Ganga,27.40138889,79.62305556,15-02-2026 23:00,NaN
980,Fatehgarh,CWC,9,Uttar Pradesh,141,FARRUKHABAD,Farrukhabad ,-,-,Ganga,Ganga,-,-,-,Ganga,27.40138889,79.62305556,16-02-2026 20:00,NaN
981,Fatehgarh,CWC,9,Uttar Pradesh,141,FARRUKHABAD,Farrukhabad ,-,-,Ganga,Ganga,-,-,-,Ganga,27.40138889,79.62305556,16-02-2026 23:00,NaN
982,Fatehgarh,CWC,9,Uttar Pradesh,141,FARRUKHABAD,Farrukhabad ,-,-,Ganga,Ganga,-,-,-,Ganga,27.40138889,79.62305556,17-02-2026 00:00,NaN
983,Fatehgarh,CWC,9,Uttar Pradesh,141,FARRUKHABAD,Farrukhabad ,-,-,Ganga,Ganga,-,-,-,Ganga,27.40138889,79.62305556,17-02-2026 01:00,NaN
984,Fatehgarh,CWC,9,Uttar Pradesh,141,FARRUKHABAD,Farrukhabad ,-,-,Ganga,Ganga,-,-,-,Ganga,27.40138889,79.62305556,17-02-2026 21:00,NaN
985,Fatehgarh,CWC,9,Uttar Pradesh,141,FARRUKHABAD,Farrukhabad ,-,-,Ganga,Ganga,-,-,-,Ganga,27.40138889,79.62305556,17-02-2026 22:00,NaN
986,Fatehgarh,CWC,9,Uttar Pradesh,141,FARRUKHABAD,Farrukhabad ,-,-,Ganga,Ganga,-,-,-,Ganga,27.40138889,79.62305556,18-02-2026 00:00,NaN
987,Fatehgarh,CWC,9,Uttar Pradesh,141,FARRUKHABAD,Farrukhabad ,-,-,Ganga,Ganga,-,-,-,Ganga,27.40138889,79.62305556,18-02-2026 01:00,NaN
988,Fatehgarh,CWC,9,Uttar Pradesh,141,FARRUKHABAD,Farrukhabad ,-,-,Ganga,Ganga,-,-,-,Ganga,27.40138889,79.62305556,18-02-2026 02:00,NaN
989,Fatehgarh,CWC,9,Uttar Pradesh,141,FARRUKHABAD,Farrukhabad ,-,-,Ganga,Ganga,-,-,-,Ganga,27.40138889,79.62305556,18-02-2026 03:00,NaN
990,Fatehgarh,CWC,9,Uttar Pradesh,141,FARRUKHABAD,Farrukhabad ,-,-,Ganga,Ganga,-,-,-,Ganga,27.40138889,79.62305556,18-02-2026 19:00,NaN
991,Fatehgarh,CWC,9,Uttar Pradesh,141,FARRUKHABAD,Farrukhabad ,-,-,Ganga,Ganga,-,-,-,Ganga,27.40138889,79.62305556,18-02-2026 20:00,NaN
992,Fatehgarh,CWC,9,Uttar Pradesh,141,FARRUKHABAD,Farrukhabad ,-,-,Ganga,Ganga,-,-,-,Ganga,27.40138889,79.62305556,18-02-2026 22:00,NaN
993,Fatehgarh,CWC,9,Uttar Pradesh,141,FARRUKHABAD,Farrukhabad ,-,-,Ganga,Ganga,-,-,-,Ganga,27.40138889,79.62305556,19-02-2026 19:00,NaN
994,Fatehgarh,CWC,9,Uttar Pradesh,141,FARRUKHABAD,Farrukhabad ,-,-,Ganga,Ganga,-,-,-,Ganga,27.40138889,79.62305556,19-02-2026 20:00,NaN
995,Fatehgarh,CWC,9,Uttar Pradesh,141,FARRUKHABAD,Farrukhabad ,-,-,Ganga,Ganga,-,-,-,Ganga,27.40138889,79.62305556,19-02-2026 21:00,NaN
996,Fatehgarh,CWC,9,Uttar Pradesh,141,FARRUKHABAD,Farrukhabad ,-,-,Ganga,Ganga,-,-,-,Ganga,27.40138889,79.62305556,19-02-2026 22:00,NaN
997,Fatehgarh,CWC,9,Uttar Pradesh,141,FARRUKHABAD,Farrukhabad ,-,-,Ganga,Ganga,-,-,-,Ganga,27.40138889,79.62305556,19-02-2026 23:00,NaN
998,Fatehgarh,CWC,9,Uttar Pradesh,141,FARRUKHABAD,Farrukhabad ,-,-,Ganga,Ganga,-,-,-,Ganga,27.40138889,79.62305556,20-02-2026 00:00,NaN
999,Fatehgarh,CWC,9,Uttar Pradesh,141,FARRUKHABAD,Farrukhabad ,-,-,Ganga,Ganga,-,-,-,Ganga,27.40138889,79.62305556,20-02-2026 02:00,NaN
1000,Fatehgarh,CWC,9,Uttar Pradesh,141,FARRUKHABAD,Farrukhabad ,-,-,Ganga,Ganga,-,-,-,Ganga,27.40138889,79.62305556,20-02-2026 21:00,NaN
1001,Fatehgarh,CWC,9,Uttar Pradesh,141,FARRUKHABAD,Farrukhabad ,-,-,Ganga,Ganga,-,-,-,Ganga,27.40138889,79.62305556,20-02-2026 22:00,NaN
1002,Fatehgarh,CWC,9,Uttar Pradesh,141,FARRUKHABAD,Farrukhabad ,-,-,Ganga,Ganga,-,-,-,Ganga,27.40138889,79.62305556,20-02-2026 23:00,NaN
1003,Fatehgarh,CWC,9,Uttar Pradesh,141,FARRUKHABAD,Farrukhabad ,-,-,Ganga,Ganga,-,-,-,Ganga,27.40138889,79.62305556,21-02-2026 00:00,NaN
1004,Fatehgarh,CWC,9,Uttar Pradesh,141,FARRUKHABAD,Farrukhabad ,-,-,Ganga,Ganga,-,-,-,Ganga,27.40138889,79.62305556,21-02-2026 01:00,NaN
1005,Fatehgarh,CWC,9,Uttar Pradesh,141,FARRUKHABAD,Farrukhabad ,-,-,Ganga,Ganga,-,-,-,Ganga,27.40138889,79.62305556,21-02-2026 22:00,NaN
1006,Fatehgarh,CWC,9,Uttar Pradesh,141,FARRUKHABAD,Farrukhabad ,-,-,Ganga,Ganga,-,-,-,Ganga,27.40138889,79.62305556,21-02-2026 23:00,NaN
1007,Fatehgarh,CWC,9,Uttar Pradesh,141,FARRUKHABAD,Farrukhabad ,-,-,Ganga,Ganga,-,-,-,Ganga,27.40138889,79.62305556,22-02-2026 01:00,NaN
1008,Fatehgarh,CWC,9,Uttar Pradesh,141,FARRUKHABAD,Farrukhabad ,-,-,Ganga,Ganga,-,-,-,Ganga,27.40138889,79.62305556,22-02-2026 20:00,NaN
1009,Fatehgarh,CWC,9,Uttar Pradesh,141,FARRUKHABAD,Farrukhabad ,-,-,Ganga,Ganga,-,-,-,Ganga,27.40138889,79.62305556,22-02-2026 23:00,NaN
1010,Fatehgarh,CWC,9,Uttar Pradesh,141,FARRUKHABAD,Farrukhabad ,-,-,Ganga,Ganga,-,-,-,Ganga,27.40138889,79.62305556,23-02-2026 21:00,NaN
1011,Fatehgarh,CWC,9,Uttar Pradesh,141,FARRUKHABAD,Farrukhabad ,-,-,Ganga,Ganga,-,-,-,Ganga,27.40138889,79.62305556,23-02-2026 22:00,NaN
1012,Fatehgarh,CWC,9,Uttar Pradesh,141,FARRUKHABAD,Farrukhabad ,-,-,Ganga,Ganga,-,-,-,Ganga,27.40138889,79.62305556,23-02-2026 23:00,NaN
1013,Fatehgarh,CWC,9,Uttar Pradesh,141,FARRUKHABAD,Farrukhabad ,-,-,Ganga,Ganga,-,-,-,Ganga,27.40138889,79.62305556,24-02-2026 00:00,NaN
1014,Fatehgarh,CWC,9,Uttar Pradesh,141,FARRUKHABAD,Farrukhabad ,-,-,Ganga,Ganga,-,-,-,Ganga,27.40138889,79.62305556,24-02-2026 06:00,NaN
1015,Fatehgarh,CWC,9,Uttar Pradesh,141,FARRUKHABAD,Farrukhabad ,-,-,Ganga,Ganga,-,-,-,Ganga,27.40138889,79.62305556,24-02-2026 23:00,NaN
1016,Fatehgarh,CWC,9,Uttar Pradesh,141,FARRUKHABAD,Farrukhabad ,-,-,Ganga,Ganga,-,-,-,Ganga,27.40138889,79.62305556,25-02-2026 00:00,NaN
1017,Fatehgarh,CWC,9,Uttar Pradesh,141,FARRUKHABAD,Farrukhabad ,-,-,Ganga,Ganga,-,-,-,Ganga,27.40138889,79.62305556,25-02-2026 01:00,NaN
1018,Fatehgarh,CWC,9,Uttar Pradesh,141,FARRUKHABAD,Farrukhabad ,-,-,Ganga,Ganga,-,-,-,Ganga,27.40138889,79.62305556,25-02-2026 02:00,NaN
1019,Garhmukteshwar,CWC,9,Uttar Pradesh,661,Hapur,Hapur,-,-,Ganga,Ganga,-,-,-,Ganga,28.76638889,78.14166667,25-02-2026 14:30,144
1020,Gonda sub-division,CWC,9,Uttar Pradesh,147,GONDA,JHANJHARI,JHANJHARI,Gonda,-,-,-,-,-,-,27.12222222,81.94361111,01-01-2026 16:30,149
1021,Gonda sub-division,CWC,9,Uttar Pradesh,147,GONDA,JHANJHARI,JHANJHARI,Gonda,-,-,-,-,-,-,27.12222222,81.94361111,05-01-2026 11:30,3
1022,Gonda sub-division,CWC,9,Uttar Pradesh,147,GONDA,JHANJHARI,JHANJHARI,Gonda,-,-,-,-,-,-,27.12222222,81.94361111,05-01-2026 17:30,0.5
1023,Gonda sub-division,CWC,9,Uttar Pradesh,147,GONDA,JHANJHARI,JHANJHARI,Gonda,-,-,-,-,-,-,27.12222222,81.94361111,11-01-2026 20:30,114
1024,Gonda sub-division,CWC,9,Uttar Pradesh,147,GONDA,JHANJHARI,JHANJHARI,Gonda,-,-,-,-,-,-,27.12222222,81.94361111,12-01-2026 14:30,0.5
1025,Gonda sub-division,CWC,9,Uttar Pradesh,147,GONDA,JHANJHARI,JHANJHARI,Gonda,-,-,-,-,-,-,27.12222222,81.94361111,14-01-2026 13:30,46
1026,Gonda sub-division,CWC,9,Uttar Pradesh,147,GONDA,JHANJHARI,JHANJHARI,Gonda,-,-,-,-,-,-,27.12222222,81.94361111,29-01-2026 19:30,5
1027,Gonda sub-division,CWC,9,Uttar Pradesh,147,GONDA,JHANJHARI,JHANJHARI,Gonda,-,-,-,-,-,-,27.12222222,81.94361111,30-01-2026 16:30,114
1028,Gonda sub-division,CWC,9,Uttar Pradesh,147,GONDA,JHANJHARI,JHANJHARI,Gonda,-,-,-,-,-,-,27.12222222,81.94361111,03-02-2026 13:30,3.5
1029,Gonda sub-division,CWC,9,Uttar Pradesh,147,GONDA,JHANJHARI,JHANJHARI,Gonda,-,-,-,-,-,-,27.12222222,81.94361111,03-02-2026 14:30,0.5
1030,Gonda sub-division,CWC,9,Uttar Pradesh,147,GONDA,JHANJHARI,JHANJHARI,Gonda,-,-,-,-,-,-,27.12222222,81.94361111,05-02-2026 06:30,0.5
1031,Gonda sub-division,CWC,9,Uttar Pradesh,147,GONDA,JHANJHARI,JHANJHARI,Gonda,-,-,-,-,-,-,27.12222222,81.94361111,07-02-2026 17:00,128.5
1032,Gonda sub-division,CWC,9,Uttar Pradesh,147,GONDA,JHANJHARI,JHANJHARI,Gonda,-,-,-,-,-,-,27.12222222,81.94361111,08-02-2026 00:30,48
1033,Gonda sub-division,CWC,9,Uttar Pradesh,147,GONDA,JHANJHARI,JHANJHARI,Gonda,-,-,-,-,-,-,27.12222222,81.94361111,08-02-2026 13:30,132.5
1034,Gonda sub-division,CWC,9,Uttar Pradesh,147,GONDA,JHANJHARI,JHANJHARI,Gonda,-,-,-,-,-,-,27.12222222,81.94361111,10-02-2026 04:00,184.5
1035,Gonda sub-division,CWC,9,Uttar Pradesh,147,GONDA,JHANJHARI,JHANJHARI,Gonda,-,-,-,-,-,-,27.12222222,81.94361111,11-02-2026 21:30,-0.5
1036,Gonda sub-division,CWC,9,Uttar Pradesh,147,GONDA,JHANJHARI,JHANJHARI,Gonda,-,-,-,-,-,-,27.12222222,81.94361111,13-02-2026 21:30,192
1037,Gonda sub-division,CWC,9,Uttar Pradesh,147,GONDA,JHANJHARI,JHANJHARI,Gonda,-,-,-,-,-,-,27.12222222,81.94361111,15-02-2026 21:30,20.5
1038,Gonda sub-division,CWC,9,Uttar Pradesh,147,GONDA,JHANJHARI,JHANJHARI,Gonda,-,-,-,-,-,-,27.12222222,81.94361111,16-02-2026 18:30,12
1039,Gonda sub-division,CWC,9,Uttar Pradesh,147,GONDA,JHANJHARI,JHANJHARI,Gonda,-,-,-,-,-,-,27.12222222,81.94361111,21-02-2026 10:30,258
1040,Gonda sub-division,CWC,9,Uttar Pradesh,147,GONDA,JHANJHARI,JHANJHARI,Gonda,-,-,-,-,-,-,27.12222222,81.94361111,22-02-2026 01:30,9
1041,Gonda sub-division,CWC,9,Uttar Pradesh,147,GONDA,JHANJHARI,JHANJHARI,Gonda,-,-,-,-,-,-,27.12222222,81.94361111,26-02-2026 17:30,51.5
1042,Gonda sub-division,CWC,9,Uttar Pradesh,147,GONDA,JHANJHARI,JHANJHARI,Gonda,-,-,-,-,-,-,27.12222222,81.94361111,27-02-2026 09:30,187
1043,Gonda sub-division,CWC,9,Uttar Pradesh,147,GONDA,JHANJHARI,JHANJHARI,Gonda,-,-,-,-,-,-,27.12222222,81.94361111,27-02-2026 21:30,192
1044,Gonda sub-division,CWC,9,Uttar Pradesh,147,GONDA,JHANJHARI,JHANJHARI,Gonda,-,-,-,-,-,-,27.12222222,81.94361111,02-03-2026 09:30,0.5
1045,Gonda sub-division,CWC,9,Uttar Pradesh,147,GONDA,JHANJHARI,JHANJHARI,Gonda,-,-,-,-,-,-,27.12222222,81.94361111,02-03-2026 19:30,136.5
1046,Gonda sub-division,CWC,9,Uttar Pradesh,147,GONDA,JHANJHARI,JHANJHARI,Gonda,-,-,-,-,-,-,27.12222222,81.94361111,18-03-2026 06:30,112.5
1047,Gonda sub-division,CWC,9,Uttar Pradesh,147,GONDA,JHANJHARI,JHANJHARI,Gonda,-,-,-,-,-,-,27.12222222,81.94361111,23-03-2026 06:30,28.5
1048,Gonda sub-division,CWC,9,Uttar Pradesh,147,GONDA,JHANJHARI,JHANJHARI,Gonda,-,-,-,-,-,-,27.12222222,81.94361111,04-04-2026 23:30,0.5
1049,Gonda sub-division,CWC,9,Uttar Pradesh,147,GONDA,JHANJHARI,JHANJHARI,Gonda,-,-,-,-,-,-,27.12222222,81.94361111,08-04-2026 08:30,0.5
1050,Gonda sub-division,CWC,9,Uttar Pradesh,147,GONDA,JHANJHARI,JHANJHARI,Gonda,-,-,-,-,-,-,27.12222222,81.94361111,09-04-2026 14:30,57
1051,Gonda sub-division,CWC,9,Uttar Pradesh,147,GONDA,JHANJHARI,JHANJHARI,Gonda,-,-,-,-,-,-,27.12222222,81.94361111,25-04-2026 23:30,36
1052,Gonda sub-division,CWC,9,Uttar Pradesh,147,GONDA,JHANJHARI,JHANJHARI,Gonda,-,-,-,-,-,-,27.12222222,81.94361111,01-05-2026 09:30,0.5
1053,Gonda sub-division,CWC,9,Uttar Pradesh,147,GONDA,JHANJHARI,JHANJHARI,Gonda,-,-,-,-,-,-,27.12222222,81.94361111,02-05-2026 23:30,3
1054,Gonda sub-division,CWC,9,Uttar Pradesh,147,GONDA,JHANJHARI,JHANJHARI,Gonda,-,-,-,-,-,-,27.12222222,81.94361111,03-05-2026 01:30,1
1055,Gonda sub-division,CWC,9,Uttar Pradesh,147,GONDA,JHANJHARI,JHANJHARI,Gonda,-,-,-,-,-,-,27.12222222,81.94361111,03-05-2026 04:30,1
1056,Gonda sub-division,CWC,9,Uttar Pradesh,147,GONDA,JHANJHARI,JHANJHARI,Gonda,-,-,-,-,-,-,27.12222222,81.94361111,13-05-2026 15:30,0.5
1057,Gonda sub-division,CWC,9,Uttar Pradesh,147,GONDA,JHANJHARI,JHANJHARI,Gonda,-,-,-,-,-,-,27.12222222,81.94361111,26-05-2026 12:30,27
1058,Gonda sub-division,CWC,9,Uttar Pradesh,147,GONDA,JHANJHARI,JHANJHARI,Gonda,-,-,-,-,-,-,27.12222222,81.94361111,26-05-2026 13:30,0.5
1059,Gonda sub-division,CWC,9,Uttar Pradesh,147,GONDA,JHANJHARI,JHANJHARI,Gonda,-,-,-,-,-,-,27.12222222,81.94361111,27-05-2026 18:30,136
1060,Gonda sub-division,CWC,9,Uttar Pradesh,147,GONDA,JHANJHARI,JHANJHARI,Gonda,-,-,-,-,-,-,27.12222222,81.94361111,31-05-2026 13:30,2.5
1061,Kachhla Bridge,CWC,9,Uttar Pradesh,133,BUDAUN,Budaun,-,-,Ganga,Ganga,-,-,-,Ganga,27.93194444,78.86250000,01-01-2026 22:00,192
1062,Kachhla Bridge,CWC,9,Uttar Pradesh,133,BUDAUN,Budaun,-,-,Ganga,Ganga,-,-,-,Ganga,27.93194444,78.86250000,05-01-2026 02:00,0.5
1063,Kachhla Bridge,CWC,9,Uttar Pradesh,133,BUDAUN,Budaun,-,-,Ganga,Ganga,-,-,-,Ganga,27.93194444,78.86250000,05-01-2026 02:30,214
1064,Kachhla Bridge,CWC,9,Uttar Pradesh,133,BUDAUN,Budaun,-,-,Ganga,Ganga,-,-,-,Ganga,27.93194444,78.86250000,12-01-2026 03:00,257
1065,Kachhla Bridge,CWC,9,Uttar Pradesh,133,BUDAUN,Budaun,-,-,Ganga,Ganga,-,-,-,Ganga,27.93194444,78.86250000,29-01-2026 00:00,0.5
1066,Kachhla Bridge,CWC,9,Uttar Pradesh,133,BUDAUN,Budaun,-,-,Ganga,Ganga,-,-,-,Ganga,27.93194444,78.86250000,29-01-2026 03:00,0.5
1067,Kachhla Bridge,CWC,9,Uttar Pradesh,133,BUDAUN,Budaun,-,-,Ganga,Ganga,-,-,-,Ganga,27.93194444,78.86250000,29-01-2026 04:00,257
1068,Kachhla Bridge,CWC,9,Uttar Pradesh,133,BUDAUN,Budaun,-,-,Ganga,Ganga,-,-,-,Ganga,27.93194444,78.86250000,29-01-2026 10:00,0.5
1069,Kachhla Bridge,CWC,9,Uttar Pradesh,133,BUDAUN,Budaun,-,-,Ganga,Ganga,-,-,-,Ganga,27.93194444,78.86250000,30-01-2026 11:00,0.5
1070,Kachhla Bridge,CWC,9,Uttar Pradesh,133,BUDAUN,Budaun,-,-,Ganga,Ganga,-,-,-,Ganga,27.93194444,78.86250000,30-01-2026 19:00,0.5
1071,Kachhla Bridge,CWC,9,Uttar Pradesh,133,BUDAUN,Budaun,-,-,Ganga,Ganga,-,-,-,Ganga,27.93194444,78.86250000,30-01-2026 20:00,0.5
1072,Kachhla Bridge,CWC,9,Uttar Pradesh,133,BUDAUN,Budaun,-,-,Ganga,Ganga,-,-,-,Ganga,27.93194444,78.86250000,31-01-2026 03:00,0.5
1073,Kachhla Bridge,CWC,9,Uttar Pradesh,133,BUDAUN,Budaun,-,-,Ganga,Ganga,-,-,-,Ganga,27.93194444,78.86250000,31-01-2026 04:00,0.5
1074,Kachhla Bridge,CWC,9,Uttar Pradesh,133,BUDAUN,Budaun,-,-,Ganga,Ganga,-,-,-,Ganga,27.93194444,78.86250000,31-01-2026 14:00,0.5
1075,Kachhla Bridge,CWC,9,Uttar Pradesh,133,BUDAUN,Budaun,-,-,Ganga,Ganga,-,-,-,Ganga,27.93194444,78.86250000,31-01-2026 15:00,1
1076,Kachhla Bridge,CWC,9,Uttar Pradesh,133,BUDAUN,Budaun,-,-,Ganga,Ganga,-,-,-,Ganga,27.93194444,78.86250000,01-02-2026 00:00,135
1077,Kachhla Bridge,CWC,9,Uttar Pradesh,133,BUDAUN,Budaun,-,-,Ganga,Ganga,-,-,-,Ganga,27.93194444,78.86250000,01-02-2026 02:00,0.5
1078,Kachhla Bridge,CWC,9,Uttar Pradesh,133,BUDAUN,Budaun,-,-,Ganga,Ganga,-,-,-,Ganga,27.93194444,78.86250000,01-02-2026 08:00,0.5
1079,Kachhla Bridge,CWC,9,Uttar Pradesh,133,BUDAUN,Budaun,-,-,Ganga,Ganga,-,-,-,Ganga,27.93194444,78.86250000,01-02-2026 20:00,0.5
1080,Kachhla Bridge,CWC,9,Uttar Pradesh,133,BUDAUN,Budaun,-,-,Ganga,Ganga,-,-,-,Ganga,27.93194444,78.86250000,01-02-2026 21:00,12
1081,Kachhla Bridge,CWC,9,Uttar Pradesh,133,BUDAUN,Budaun,-,-,Ganga,Ganga,-,-,-,Ganga,27.93194444,78.86250000,02-02-2026 02:00,257
1082,Kachhla Bridge,CWC,9,Uttar Pradesh,133,BUDAUN,Budaun,-,-,Ganga,Ganga,-,-,-,Ganga,27.93194444,78.86250000,02-02-2026 11:00,2.5
1083,Kachhla Bridge,CWC,9,Uttar Pradesh,133,BUDAUN,Budaun,-,-,Ganga,Ganga,-,-,-,Ganga,27.93194444,78.86250000,02-02-2026 17:00,0.5
1084,Kachhla Bridge,CWC,9,Uttar Pradesh,133,BUDAUN,Budaun,-,-,Ganga,Ganga,-,-,-,Ganga,27.93194444,78.86250000,02-02-2026 21:00,0.5
1085,Kachhla Bridge,CWC,9,Uttar Pradesh,133,BUDAUN,Budaun,-,-,Ganga,Ganga,-,-,-,Ganga,27.93194444,78.86250000,03-02-2026 00:00,4.5
1086,Kachhla Bridge,CWC,9,Uttar Pradesh,133,BUDAUN,Budaun,-,-,Ganga,Ganga,-,-,-,Ganga,27.93194444,78.86250000,03-02-2026 01:00,0.5
1087,Kachhla Bridge,CWC,9,Uttar Pradesh,133,BUDAUN,Budaun,-,-,Ganga,Ganga,-,-,-,Ganga,27.93194444,78.86250000,03-02-2026 18:00,192
1088,Kachhla Bridge,CWC,9,Uttar Pradesh,133,BUDAUN,Budaun,-,-,Ganga,Ganga,-,-,-,Ganga,27.93194444,78.86250000,03-02-2026 20:00,1
1089,Kachhla Bridge,CWC,9,Uttar Pradesh,133,BUDAUN,Budaun,-,-,Ganga,Ganga,-,-,-,Ganga,27.93194444,78.86250000,04-02-2026 01:00,1
1090,Kachhla Bridge,CWC,9,Uttar Pradesh,133,BUDAUN,Budaun,-,-,Ganga,Ganga,-,-,-,Ganga,27.93194444,78.86250000,04-02-2026 11:00,0.5
1091,Kachhla Bridge,CWC,9,Uttar Pradesh,133,BUDAUN,Budaun,-,-,Ganga,Ganga,-,-,-,Ganga,27.93194444,78.86250000,04-02-2026 20:00,257
1092,Kachhla Bridge,CWC,9,Uttar Pradesh,133,BUDAUN,Budaun,-,-,Ganga,Ganga,-,-,-,Ganga,27.93194444,78.86250000,05-02-2026 01:00,85
1093,Kachhla Bridge,CWC,9,Uttar Pradesh,133,BUDAUN,Budaun,-,-,Ganga,Ganga,-,-,-,Ganga,27.93194444,78.86250000,06-02-2026 08:00,192
1094,Kachhla Bridge,CWC,9,Uttar Pradesh,133,BUDAUN,Budaun,-,-,Ganga,Ganga,-,-,-,Ganga,27.93194444,78.86250000,08-02-2026 07:00,7
1095,Kachhla Bridge,CWC,9,Uttar Pradesh,133,BUDAUN,Budaun,-,-,Ganga,Ganga,-,-,-,Ganga,27.93194444,78.86250000,08-02-2026 09:00,72
1096,Kachhla Bridge,CWC,9,Uttar Pradesh,133,BUDAUN,Budaun,-,-,Ganga,Ganga,-,-,-,Ganga,27.93194444,78.86250000,28-02-2026 08:00,222
1097,Kachhla Bridge,CWC,9,Uttar Pradesh,133,BUDAUN,Budaun,-,-,Ganga,Ganga,-,-,-,Ganga,27.93194444,78.86250000,01-03-2026 03:00,184.5
1098,Kachhla Bridge,CWC,9,Uttar Pradesh,133,BUDAUN,Budaun,-,-,Ganga,Ganga,-,-,-,Ganga,27.93194444,78.86250000,23-03-2026 03:00,144
1099,Kachhla Bridge,CWC,9,Uttar Pradesh,133,BUDAUN,Budaun,-,-,Ganga,Ganga,-,-,-,Ganga,27.93194444,78.86250000,23-03-2026 04:00,160
1100,Kachhla Bridge,CWC,9,Uttar Pradesh,133,BUDAUN,Budaun,-,-,Ganga,Ganga,-,-,-,Ganga,27.93194444,78.86250000,30-03-2026 06:00,12.5
1101,Kachhla Bridge,CWC,9,Uttar Pradesh,133,BUDAUN,Budaun,-,-,Ganga,Ganga,-,-,-,Ganga,27.93194444,78.86250000,30-03-2026 07:00,128.5
1102,Kachhla Bridge,CWC,9,Uttar Pradesh,133,BUDAUN,Budaun,-,-,Ganga,Ganga,-,-,-,Ganga,27.93194444,78.86250000,31-03-2026 04:00,417
1103,Kachhla Bridge,CWC,9,Uttar Pradesh,133,BUDAUN,Budaun,-,-,Ganga,Ganga,-,-,-,Ganga,27.93194444,78.86250000,04-04-2026 10:00,0.5
1104,Kachhla Bridge,CWC,9,Uttar Pradesh,133,BUDAUN,Budaun,-,-,Ganga,Ganga,-,-,-,Ganga,27.93194444,78.86250000,05-04-2026 01:00,0.5
1105,Kachhla Bridge,CWC,9,Uttar Pradesh,133,BUDAUN,Budaun,-,-,Ganga,Ganga,-,-,-,Ganga,27.93194444,78.86250000,05-04-2026 02:00,0.5
1106,Kachhla Bridge,CWC,9,Uttar Pradesh,133,BUDAUN,Budaun,-,-,Ganga,Ganga,-,-,-,Ganga,27.93194444,78.86250000,07-04-2026 06:00,160
1107,Kachhla Bridge,CWC,9,Uttar Pradesh,133,BUDAUN,Budaun,-,-,Ganga,Ganga,-,-,-,Ganga,27.93194444,78.86250000,07-04-2026 07:00,128
1108,Kachhla Bridge,CWC,9,Uttar Pradesh,133,BUDAUN,Budaun,-,-,Ganga,Ganga,-,-,-,Ganga,27.93194444,78.86250000,09-04-2026 23:00,424
1109,Kachhla Bridge,CWC,9,Uttar Pradesh,133,BUDAUN,Budaun,-,-,Ganga,Ganga,-,-,-,Ganga,27.93194444,78.86250000,10-04-2026 00:00,126.5
1110,Kachhla Bridge,CWC,9,Uttar Pradesh,133,BUDAUN,Budaun,-,-,Ganga,Ganga,-,-,-,Ganga,27.93194444,78.86250000,22-04-2026 08:00,216
1111,Kachhla Bridge,CWC,9,Uttar Pradesh,133,BUDAUN,Budaun,-,-,Ganga,Ganga,-,-,-,Ganga,27.93194444,78.86250000,29-04-2026 08:00,1
1112,Kachhla Bridge,CWC,9,Uttar Pradesh,133,BUDAUN,Budaun,-,-,Ganga,Ganga,-,-,-,Ganga,27.93194444,78.86250000,29-04-2026 10:00,1
1113,Kachhla Bridge,CWC,9,Uttar Pradesh,133,BUDAUN,Budaun,-,-,Ganga,Ganga,-,-,-,Ganga,27.93194444,78.86250000,30-05-2026 07:00,3
1114,Kachhla Bridge,CWC,9,Uttar Pradesh,133,BUDAUN,Budaun,-,-,Ganga,Ganga,-,-,-,Ganga,27.93194444,78.86250000,30-05-2026 08:00,3
1115,Kachhla Bridge,CWC,9,Uttar Pradesh,133,BUDAUN,Budaun,-,-,Ganga,Ganga,-,-,-,Ganga,27.93194444,78.86250000,30-05-2026 09:00,0.5
1116,Kalanaur,CWC,9,Uttar Pradesh,177,SAHARANPUR,Saharanpur,-,-,Ganga,Ganga,Yamuna,-,-,Yamuna,30.06783333,77.35402222,22-08-2026 08:00,3.5
1117,Kalanaur,CWC,9,Uttar Pradesh,177,SAHARANPUR,Saharanpur,-,-,Ganga,Ganga,Yamuna,-,-,Yamuna,30.06783333,77.35402222,22-08-2026 09:00,0.5
1118,Kalanaur,CWC,9,Uttar Pradesh,177,SAHARANPUR,Saharanpur,-,-,Ganga,Ganga,Yamuna,-,-,Yamuna,30.06783333,77.35402222,22-08-2026 22:00,0.5
1119,Kalanaur,CWC,9,Uttar Pradesh,177,SAHARANPUR,Saharanpur,-,-,Ganga,Ganga,Yamuna,-,-,Yamuna,30.06783333,77.35402222,22-08-2026 23:00,6.5
1120,Kalanaur,CWC,9,Uttar Pradesh,177,SAHARANPUR,Saharanpur,-,-,Ganga,Ganga,Yamuna,-,-,Yamuna,30.06783333,77.35402222,23-08-2026 00:00,0.5
1121,Kalanaur,CWC,9,Uttar Pradesh,177,SAHARANPUR,Saharanpur,-,-,Ganga,Ganga,Yamuna,-,-,Yamuna,30.06783333,77.35402222,24-08-2026 18:00,1
1122,Kalanaur,CWC,9,Uttar Pradesh,177,SAHARANPUR,Saharanpur,-,-,Ganga,Ganga,Yamuna,-,-,Yamuna,30.06783333,77.35402222,24-08-2026 20:00,1
1123,Kalanaur,CWC,9,Uttar Pradesh,177,SAHARANPUR,Saharanpur,-,-,Ganga,Ganga,Yamuna,-,-,Yamuna,30.06783333,77.35402222,24-08-2026 22:00,0.5
1124,Khadda,CWC,9,Uttar Pradesh,160,KUSHINAGAR,KASYA,-,-,Ganga,Ganga,Gandak,-,-,Gandak,27.23078889,83.87617222,04-02-2026 23:00,54
1125,Khadda,CWC,9,Uttar Pradesh,160,KUSHINAGAR,KASYA,-,-,Ganga,Ganga,Gandak,-,-,Gandak,27.23078889,83.87617222,10-02-2026 22:00,3
1126,Khadda,CWC,9,Uttar Pradesh,160,KUSHINAGAR,KASYA,-,-,Ganga,Ganga,Gandak,-,-,Gandak,27.23078889,83.87617222,19-02-2026 07:00,299.5
1127,Khadda,CWC,9,Uttar Pradesh,160,KUSHINAGAR,KASYA,-,-,Ganga,Ganga,Gandak,-,-,Gandak,27.23078889,83.87617222,22-02-2026 01:00,257
1128,Khadda,CWC,9,Uttar Pradesh,160,KUSHINAGAR,KASYA,-,-,Ganga,Ganga,Gandak,-,-,Gandak,27.23078889,83.87617222,26-03-2026 00:00,224.5
1129,Khadda,CWC,9,Uttar Pradesh,160,KUSHINAGAR,KASYA,-,-,Ganga,Ganga,Gandak,-,-,Gandak,27.23078889,83.87617222,26-03-2026 01:00,0.5
1130,Khadda,CWC,9,Uttar Pradesh,160,KUSHINAGAR,KASYA,-,-,Ganga,Ganga,Gandak,-,-,Gandak,27.23078889,83.87617222,28-03-2026 02:00,24
1131,Khadda,CWC,9,Uttar Pradesh,160,KUSHINAGAR,KASYA,-,-,Ganga,Ganga,Gandak,-,-,Gandak,27.23078889,83.87617222,31-03-2026 15:00,144
1132,Khadda,CWC,9,Uttar Pradesh,160,KUSHINAGAR,KASYA,-,-,Ganga,Ganga,Gandak,-,-,Gandak,27.23078889,83.87617222,31-03-2026 16:00,416
1133,Khadda,CWC,9,Uttar Pradesh,160,KUSHINAGAR,KASYA,-,-,Ganga,Ganga,Gandak,-,-,Gandak,27.23078889,83.87617222,02-04-2026 20:00,152
1134,Khadda,CWC,9,Uttar Pradesh,160,KUSHINAGAR,KASYA,-,-,Ganga,Ganga,Gandak,-,-,Gandak,27.23078889,83.87617222,03-04-2026 10:00,24
1135,Khadda,CWC,9,Uttar Pradesh,160,KUSHINAGAR,KASYA,-,-,Ganga,Ganga,Gandak,-,-,Gandak,27.23078889,83.87617222,04-04-2026 04:00,192
1136,Khadda,CWC,9,Uttar Pradesh,160,KUSHINAGAR,KASYA,-,-,Ganga,Ganga,Gandak,-,-,Gandak,27.23078889,83.87617222,06-04-2026 03:00,48
1137,Khadda,CWC,9,Uttar Pradesh,160,KUSHINAGAR,KASYA,-,-,Ganga,Ganga,Gandak,-,-,Gandak,27.23078889,83.87617222,06-04-2026 04:00,40
1138,Khadda,CWC,9,Uttar Pradesh,160,KUSHINAGAR,KASYA,-,-,Ganga,Ganga,Gandak,-,-,Gandak,27.23078889,83.87617222,06-04-2026 09:00,8
1139,Khadda,CWC,9,Uttar Pradesh,160,KUSHINAGAR,KASYA,-,-,Ganga,Ganga,Gandak,-,-,Gandak,27.23078889,83.87617222,07-04-2026 07:00,192
1140,Khadda,CWC,9,Uttar Pradesh,160,KUSHINAGAR,KASYA,-,-,Ganga,Ganga,Gandak,-,-,Gandak,27.23078889,83.87617222,09-04-2026 06:00,48
1141,Khadda,CWC,9,Uttar Pradesh,160,KUSHINAGAR,KASYA,-,-,Ganga,Ganga,Gandak,-,-,Gandak,27.23078889,83.87617222,09-04-2026 08:00,128
1142,Khadda,CWC,9,Uttar Pradesh,160,KUSHINAGAR,KASYA,-,-,Ganga,Ganga,Gandak,-,-,Gandak,27.23078889,83.87617222,11-04-2026 11:00,1
1143,Khadda,CWC,9,Uttar Pradesh,160,KUSHINAGAR,KASYA,-,-,Ganga,Ganga,Gandak,-,-,Gandak,27.23078889,83.87617222,12-04-2026 14:00,0.5
1144,Khadda,CWC,9,Uttar Pradesh,160,KUSHINAGAR,KASYA,-,-,Ganga,Ganga,Gandak,-,-,Gandak,27.23078889,83.87617222,12-04-2026 22:00,2.5
1145,Khadda,CWC,9,Uttar Pradesh,160,KUSHINAGAR,KASYA,-,-,Ganga,Ganga,Gandak,-,-,Gandak,27.23078889,83.87617222,14-04-2026 23:30,149
1146,Khadda,CWC,9,Uttar Pradesh,160,KUSHINAGAR,KASYA,-,-,Ganga,Ganga,Gandak,-,-,Gandak,27.23078889,83.87617222,15-04-2026 00:30,0.5
1147,Khadda,CWC,9,Uttar Pradesh,160,KUSHINAGAR,KASYA,-,-,Ganga,Ganga,Gandak,-,-,Gandak,27.23078889,83.87617222,15-04-2026 18:00,6
1148,Khadda,CWC,9,Uttar Pradesh,160,KUSHINAGAR,KASYA,-,-,Ganga,Ganga,Gandak,-,-,Gandak,27.23078889,83.87617222,17-04-2026 05:00,7
1149,Khadda,CWC,9,Uttar Pradesh,160,KUSHINAGAR,KASYA,-,-,Ganga,Ganga,Gandak,-,-,Gandak,27.23078889,83.87617222,17-04-2026 20:30,445.5
1150,Khadda,CWC,9,Uttar Pradesh,160,KUSHINAGAR,KASYA,-,-,Ganga,Ganga,Gandak,-,-,Gandak,27.23078889,83.87617222,17-04-2026 21:30,16
1151,Khadda,CWC,9,Uttar Pradesh,160,KUSHINAGAR,KASYA,-,-,Ganga,Ganga,Gandak,-,-,Gandak,27.23078889,83.87617222,20-04-2026 01:00,136
1152,Khadda,CWC,9,Uttar Pradesh,160,KUSHINAGAR,KASYA,-,-,Ganga,Ganga,Gandak,-,-,Gandak,27.23078889,83.87617222,20-04-2026 11:00,2.5
1153,Khadda,CWC,9,Uttar Pradesh,160,KUSHINAGAR,KASYA,-,-,Ganga,Ganga,Gandak,-,-,Gandak,27.23078889,83.87617222,21-04-2026 09:00,40
1154,Khadda,CWC,9,Uttar Pradesh,160,KUSHINAGAR,KASYA,-,-,Ganga,Ganga,Gandak,-,-,Gandak,27.23078889,83.87617222,21-04-2026 10:00,80
1155,Khadda,CWC,9,Uttar Pradesh,160,KUSHINAGAR,KASYA,-,-,Ganga,Ganga,Gandak,-,-,Gandak,27.23078889,83.87617222,22-04-2026 00:00,501.5
1156,Khadda,CWC,9,Uttar Pradesh,160,KUSHINAGAR,KASYA,-,-,Ganga,Ganga,Gandak,-,-,Gandak,27.23078889,83.87617222,22-04-2026 01:00,194
1157,Khadda,CWC,9,Uttar Pradesh,160,KUSHINAGAR,KASYA,-,-,Ganga,Ganga,Gandak,-,-,Gandak,27.23078889,83.87617222,22-04-2026 21:00,1
1158,Khadda,CWC,9,Uttar Pradesh,160,KUSHINAGAR,KASYA,-,-,Ganga,Ganga,Gandak,-,-,Gandak,27.23078889,83.87617222,24-04-2026 06:00,40
1159,Khadda,CWC,9,Uttar Pradesh,160,KUSHINAGAR,KASYA,-,-,Ganga,Ganga,Gandak,-,-,Gandak,27.23078889,83.87617222,24-04-2026 11:00,9
1160,Khadda,CWC,9,Uttar Pradesh,160,KUSHINAGAR,KASYA,-,-,Ganga,Ganga,Gandak,-,-,Gandak,27.23078889,83.87617222,25-04-2026 03:00,7.5
1161,Khadda,CWC,9,Uttar Pradesh,160,KUSHINAGAR,KASYA,-,-,Ganga,Ganga,Gandak,-,-,Gandak,27.23078889,83.87617222,29-04-2026 08:00,8
1162,Khadda,CWC,9,Uttar Pradesh,160,KUSHINAGAR,KASYA,-,-,Ganga,Ganga,Gandak,-,-,Gandak,27.23078889,83.87617222,29-04-2026 13:00,0.5
1163,Khadda,CWC,9,Uttar Pradesh,160,KUSHINAGAR,KASYA,-,-,Ganga,Ganga,Gandak,-,-,Gandak,27.23078889,83.87617222,29-04-2026 16:00,0.5
1164,Khadda,CWC,9,Uttar Pradesh,160,KUSHINAGAR,KASYA,-,-,Ganga,Ganga,Gandak,-,-,Gandak,27.23078889,83.87617222,29-04-2026 18:00,0.5
1165,Khadda,CWC,9,Uttar Pradesh,160,KUSHINAGAR,KASYA,-,-,Ganga,Ganga,Gandak,-,-,Gandak,27.23078889,83.87617222,29-04-2026 19:00,0.5
1166,Khadda,CWC,9,Uttar Pradesh,160,KUSHINAGAR,KASYA,-,-,Ganga,Ganga,Gandak,-,-,Gandak,27.23078889,83.87617222,29-04-2026 21:00,0.5
1167,Khadda,CWC,9,Uttar Pradesh,160,KUSHINAGAR,KASYA,-,-,Ganga,Ganga,Gandak,-,-,Gandak,27.23078889,83.87617222,29-04-2026 22:00,0.5
1168,Khadda,CWC,9,Uttar Pradesh,160,KUSHINAGAR,KASYA,-,-,Ganga,Ganga,Gandak,-,-,Gandak,27.23078889,83.87617222,02-05-2026 10:00,160
1169,Khadda,CWC,9,Uttar Pradesh,160,KUSHINAGAR,KASYA,-,-,Ganga,Ganga,Gandak,-,-,Gandak,27.23078889,83.87617222,10-05-2026 12:00,305
1170,Khadda,CWC,9,Uttar Pradesh,160,KUSHINAGAR,KASYA,-,-,Ganga,Ganga,Gandak,-,-,Gandak,27.23078889,83.87617222,10-05-2026 17:00,85
1171,Khadda,CWC,9,Uttar Pradesh,160,KUSHINAGAR,KASYA,-,-,Ganga,Ganga,Gandak,-,-,Gandak,27.23078889,83.87617222,12-05-2026 10:30,133.5
1172,Khadda,CWC,9,Uttar Pradesh,160,KUSHINAGAR,KASYA,-,-,Ganga,Ganga,Gandak,-,-,Gandak,27.23078889,83.87617222,15-05-2026 08:00,138
1173,Khadda,CWC,9,Uttar Pradesh,160,KUSHINAGAR,KASYA,-,-,Ganga,Ganga,Gandak,-,-,Gandak,27.23078889,83.87617222,15-05-2026 17:00,2.5
1174,Khadda,CWC,9,Uttar Pradesh,160,KUSHINAGAR,KASYA,-,-,Ganga,Ganga,Gandak,-,-,Gandak,27.23078889,83.87617222,17-05-2026 01:00,1
1175,Khadda,CWC,9,Uttar Pradesh,160,KUSHINAGAR,KASYA,-,-,Ganga,Ganga,Gandak,-,-,Gandak,27.23078889,83.87617222,23-05-2026 04:00,80
1176,Khadda,CWC,9,Uttar Pradesh,160,KUSHINAGAR,KASYA,-,-,Ganga,Ganga,Gandak,-,-,Gandak,27.23078889,83.87617222,23-05-2026 12:00,472.5
1177,Khadda,CWC,9,Uttar Pradesh,160,KUSHINAGAR,KASYA,-,-,Ganga,Ganga,Gandak,-,-,Gandak,27.23078889,83.87617222,23-05-2026 16:00,224.5
1178,Khadda,CWC,9,Uttar Pradesh,160,KUSHINAGAR,KASYA,-,-,Ganga,Ganga,Gandak,-,-,Gandak,27.23078889,83.87617222,25-05-2026 04:00,102.5
1179,Khadda,CWC,9,Uttar Pradesh,160,KUSHINAGAR,KASYA,-,-,Ganga,Ganga,Gandak,-,-,Gandak,27.23078889,83.87617222,25-05-2026 15:00,0.5
1180,Khadda,CWC,9,Uttar Pradesh,160,KUSHINAGAR,KASYA,-,-,Ganga,Ganga,Gandak,-,-,Gandak,27.23078889,83.87617222,26-05-2026 05:00,192
1181,Khadda,CWC,9,Uttar Pradesh,160,KUSHINAGAR,KASYA,-,-,Ganga,Ganga,Gandak,-,-,Gandak,27.23078889,83.87617222,26-05-2026 13:00,5.5
1182,Khadda,CWC,9,Uttar Pradesh,160,KUSHINAGAR,KASYA,-,-,Ganga,Ganga,Gandak,-,-,Gandak,27.23078889,83.87617222,26-05-2026 16:00,5.5
1183,Khadda,CWC,9,Uttar Pradesh,160,KUSHINAGAR,KASYA,-,-,Ganga,Ganga,Gandak,-,-,Gandak,27.23078889,83.87617222,26-05-2026 17:00,5.5
1184,Khadda,CWC,9,Uttar Pradesh,160,KUSHINAGAR,KASYA,-,-,Ganga,Ganga,Gandak,-,-,Gandak,27.23078889,83.87617222,26-05-2026 19:00,5.5
1185,Khadda,CWC,9,Uttar Pradesh,160,KUSHINAGAR,KASYA,-,-,Ganga,Ganga,Gandak,-,-,Gandak,27.23078889,83.87617222,26-05-2026 23:00,5.5
1186,Khadda,CWC,9,Uttar Pradesh,160,KUSHINAGAR,KASYA,-,-,Ganga,Ganga,Gandak,-,-,Gandak,27.23078889,83.87617222,28-05-2026 10:00,85
1187,Khadda,CWC,9,Uttar Pradesh,160,KUSHINAGAR,KASYA,-,-,Ganga,Ganga,Gandak,-,-,Gandak,27.23078889,83.87617222,01-06-2026 09:00,192
1188,Khadda,CWC,9,Uttar Pradesh,160,KUSHINAGAR,KASYA,-,-,Ganga,Ganga,Gandak,-,-,Gandak,27.23078889,83.87617222,02-06-2026 02:00,136
1189,Matatila Reservoir,CWC,9,Uttar Pradesh,161,LALITPUR,TALBEHAT,-,-,Ganga,Ganga,Yamuna,Betwa,-,Betwa,25.10000000,78.36000000,03-02-2026 00:00,0.5
1190,Matatila Reservoir,CWC,9,Uttar Pradesh,161,LALITPUR,TALBEHAT,-,-,Ganga,Ganga,Yamuna,Betwa,-,Betwa,25.10000000,78.36000000,03-02-2026 01:00,1
1191,Matatila Reservoir,CWC,9,Uttar Pradesh,161,LALITPUR,TALBEHAT,-,-,Ganga,Ganga,Yamuna,Betwa,-,Betwa,25.10000000,78.36000000,03-02-2026 02:00,0.5
1192,Matatila Reservoir,CWC,9,Uttar Pradesh,161,LALITPUR,TALBEHAT,-,-,Ganga,Ganga,Yamuna,Betwa,-,Betwa,25.10000000,78.36000000,04-02-2026 02:00,0.5
1193,Matatila Reservoir,CWC,9,Uttar Pradesh,161,LALITPUR,TALBEHAT,-,-,Ganga,Ganga,Yamuna,Betwa,-,Betwa,25.10000000,78.36000000,04-02-2026 03:00,0.5
1194,Matatila Reservoir,CWC,9,Uttar Pradesh,161,LALITPUR,TALBEHAT,-,-,Ganga,Ganga,Yamuna,Betwa,-,Betwa,25.10000000,78.36000000,18-02-2026 23:00,0.5
1195,Matatila Reservoir,CWC,9,Uttar Pradesh,161,LALITPUR,TALBEHAT,-,-,Ganga,Ganga,Yamuna,Betwa,-,Betwa,25.10000000,78.36000000,23-02-2026 09:00,1
1196,Matatila Reservoir,CWC,9,Uttar Pradesh,161,LALITPUR,TALBEHAT,-,-,Ganga,Ganga,Yamuna,Betwa,-,Betwa,25.10000000,78.36000000,23-02-2026 10:00,1
1197,Matatila Reservoir,CWC,9,Uttar Pradesh,161,LALITPUR,TALBEHAT,-,-,Ganga,Ganga,Yamuna,Betwa,-,Betwa,25.10000000,78.36000000,23-02-2026 11:00,1
1198,Matatila Reservoir,CWC,9,Uttar Pradesh,161,LALITPUR,TALBEHAT,-,-,Ganga,Ganga,Yamuna,Betwa,-,Betwa,25.10000000,78.36000000,23-02-2026 12:00,1
1199,Matatila Reservoir,CWC,9,Uttar Pradesh,161,LALITPUR,TALBEHAT,-,-,Ganga,Ganga,Yamuna,Betwa,-,Betwa,25.10000000,78.36000000,23-02-2026 13:00,1
1200,Matatila Reservoir,CWC,9,Uttar Pradesh,161,LALITPUR,TALBEHAT,-,-,Ganga,Ganga,Yamuna,Betwa,-,Betwa,25.10000000,78.36000000,20-03-2026 10:00,0.5
1201,Matatila Reservoir,CWC,9,Uttar Pradesh,161,LALITPUR,TALBEHAT,-,-,Ganga,Ganga,Yamuna,Betwa,-,Betwa,25.10000000,78.36000000,20-03-2026 11:00,0.5
1202,Matatila Reservoir,CWC,9,Uttar Pradesh,161,LALITPUR,TALBEHAT,-,-,Ganga,Ganga,Yamuna,Betwa,-,Betwa,25.10000000,78.36000000,20-03-2026 12:00,0.5
1203,Matatila Reservoir,CWC,9,Uttar Pradesh,161,LALITPUR,TALBEHAT,-,-,Ganga,Ganga,Yamuna,Betwa,-,Betwa,25.10000000,78.36000000,20-03-2026 15:00,0.5
1204,Matatila Reservoir,CWC,9,Uttar Pradesh,161,LALITPUR,TALBEHAT,-,-,Ganga,Ganga,Yamuna,Betwa,-,Betwa,25.10000000,78.36000000,20-03-2026 16:00,0.5
1205,Matatila Reservoir,CWC,9,Uttar Pradesh,161,LALITPUR,TALBEHAT,-,-,Ganga,Ganga,Yamuna,Betwa,-,Betwa,25.10000000,78.36000000,20-03-2026 18:00,0.5
1206,Matatila Reservoir,CWC,9,Uttar Pradesh,161,LALITPUR,TALBEHAT,-,-,Ganga,Ganga,Yamuna,Betwa,-,Betwa,25.10000000,78.36000000,20-03-2026 19:00,0.5
1207,Matatila Reservoir,CWC,9,Uttar Pradesh,161,LALITPUR,TALBEHAT,-,-,Ganga,Ganga,Yamuna,Betwa,-,Betwa,25.10000000,78.36000000,20-03-2026 21:00,0.5
1208,Matatila Reservoir,CWC,9,Uttar Pradesh,161,LALITPUR,TALBEHAT,-,-,Ganga,Ganga,Yamuna,Betwa,-,Betwa,25.10000000,78.36000000,20-03-2026 23:00,0.5
1209,Matatila Reservoir,CWC,9,Uttar Pradesh,161,LALITPUR,TALBEHAT,-,-,Ganga,Ganga,Yamuna,Betwa,-,Betwa,25.10000000,78.36000000,21-03-2026 04:00,0.5
1210,Matatila Reservoir,CWC,9,Uttar Pradesh,161,LALITPUR,TALBEHAT,-,-,Ganga,Ganga,Yamuna,Betwa,-,Betwa,25.10000000,78.36000000,21-03-2026 09:00,0.5
1211,Matatila Reservoir,CWC,9,Uttar Pradesh,161,LALITPUR,TALBEHAT,-,-,Ganga,Ganga,Yamuna,Betwa,-,Betwa,25.10000000,78.36000000,21-03-2026 21:00,0.5
1212,Matatila Reservoir,CWC,9,Uttar Pradesh,161,LALITPUR,TALBEHAT,-,-,Ganga,Ganga,Yamuna,Betwa,-,Betwa,25.10000000,78.36000000,21-03-2026 23:00,1.5
1213,Matatila Reservoir,CWC,9,Uttar Pradesh,161,LALITPUR,TALBEHAT,-,-,Ganga,Ganga,Yamuna,Betwa,-,Betwa,25.10000000,78.36000000,22-03-2026 17:00,0.5
1214,Matatila Reservoir,CWC,9,Uttar Pradesh,161,LALITPUR,TALBEHAT,-,-,Ganga,Ganga,Yamuna,Betwa,-,Betwa,25.10000000,78.36000000,22-03-2026 18:00,0.5
1215,Matatila Reservoir,CWC,9,Uttar Pradesh,161,LALITPUR,TALBEHAT,-,-,Ganga,Ganga,Yamuna,Betwa,-,Betwa,25.10000000,78.36000000,23-03-2026 02:00,0.5
1216,Matatila Reservoir,CWC,9,Uttar Pradesh,161,LALITPUR,TALBEHAT,-,-,Ganga,Ganga,Yamuna,Betwa,-,Betwa,25.10000000,78.36000000,25-03-2026 04:00,272
1217,Matatila Reservoir,CWC,9,Uttar Pradesh,161,LALITPUR,TALBEHAT,-,-,Ganga,Ganga,Yamuna,Betwa,-,Betwa,25.10000000,78.36000000,17-04-2026 11:00,197
1218,Matatila Reservoir,CWC,9,Uttar Pradesh,161,LALITPUR,TALBEHAT,-,-,Ganga,Ganga,Yamuna,Betwa,-,Betwa,25.10000000,78.36000000,17-04-2026 12:00,8.5
1219,Matatila Reservoir,CWC,9,Uttar Pradesh,161,LALITPUR,TALBEHAT,-,-,Ganga,Ganga,Yamuna,Betwa,-,Betwa,25.10000000,78.36000000,17-04-2026 13:00,10
1220,Matatila Reservoir,CWC,9,Uttar Pradesh,161,LALITPUR,TALBEHAT,-,-,Ganga,Ganga,Yamuna,Betwa,-,Betwa,25.10000000,78.36000000,27-04-2026 06:00,144
1221,Matatila Reservoir,CWC,9,Uttar Pradesh,161,LALITPUR,TALBEHAT,-,-,Ganga,Ganga,Yamuna,Betwa,-,Betwa,25.10000000,78.36000000,27-04-2026 19:00,1.5
1222,Matatila Reservoir,CWC,9,Uttar Pradesh,161,LALITPUR,TALBEHAT,-,-,Ganga,Ganga,Yamuna,Betwa,-,Betwa,25.10000000,78.36000000,30-04-2026 09:00,2.5
1223,Matatila Reservoir,CWC,9,Uttar Pradesh,161,LALITPUR,TALBEHAT,-,-,Ganga,Ganga,Yamuna,Betwa,-,Betwa,25.10000000,78.36000000,30-04-2026 10:00,0.5
1224,Matatila Reservoir,CWC,9,Uttar Pradesh,161,LALITPUR,TALBEHAT,-,-,Ganga,Ganga,Yamuna,Betwa,-,Betwa,25.10000000,78.36000000,30-04-2026 17:00,0.5
1225,Matatila Reservoir,CWC,9,Uttar Pradesh,161,LALITPUR,TALBEHAT,-,-,Ganga,Ganga,Yamuna,Betwa,-,Betwa,25.10000000,78.36000000,22-08-2026 10:00,2.5
1226,Matatila Reservoir,CWC,9,Uttar Pradesh,161,LALITPUR,TALBEHAT,-,-,Ganga,Ganga,Yamuna,Betwa,-,Betwa,25.10000000,78.36000000,22-08-2026 11:00,13.5
1227,Matatila Reservoir,CWC,9,Uttar Pradesh,161,LALITPUR,TALBEHAT,-,-,Ganga,Ganga,Yamuna,Betwa,-,Betwa,25.10000000,78.36000000,22-08-2026 12:00,1
1228,Matatila Reservoir,CWC,9,Uttar Pradesh,161,LALITPUR,TALBEHAT,-,-,Ganga,Ganga,Yamuna,Betwa,-,Betwa,25.10000000,78.36000000,23-08-2026 09:00,1
1229,Matatila Reservoir,CWC,9,Uttar Pradesh,161,LALITPUR,TALBEHAT,-,-,Ganga,Ganga,Yamuna,Betwa,-,Betwa,25.10000000,78.36000000,23-08-2026 10:00,4
1230,Matatila Reservoir,CWC,9,Uttar Pradesh,161,LALITPUR,TALBEHAT,-,-,Ganga,Ganga,Yamuna,Betwa,-,Betwa,25.10000000,78.36000000,23-08-2026 11:00,2.5
1231,Matatila Reservoir,CWC,9,Uttar Pradesh,161,LALITPUR,TALBEHAT,-,-,Ganga,Ganga,Yamuna,Betwa,-,Betwa,25.10000000,78.36000000,23-08-2026 12:00,3.5
1232,Matatila Reservoir,CWC,9,Uttar Pradesh,161,LALITPUR,TALBEHAT,-,-,Ganga,Ganga,Yamuna,Betwa,-,Betwa,25.10000000,78.36000000,23-08-2026 13:00,2
1233,Matatila Reservoir,CWC,9,Uttar Pradesh,161,LALITPUR,TALBEHAT,-,-,Ganga,Ganga,Yamuna,Betwa,-,Betwa,25.10000000,78.36000000,23-08-2026 14:00,0.5
1234,Matatila Reservoir,CWC,9,Uttar Pradesh,161,LALITPUR,TALBEHAT,-,-,Ganga,Ganga,Yamuna,Betwa,-,Betwa,25.10000000,78.36000000,24-08-2026 01:00,0.5
1235,MAUDHA DAM,CWC,9,Uttar Pradesh,149,HAMIRPUR,HAMIRPUR,-,-,Ganga,Ganga,Yamuna,Betwa,betwa,betwa,25.58861111,79.70694444,04-02-2026 02:00,0.5
1236,MAUDHA DAM,CWC,9,Uttar Pradesh,149,HAMIRPUR,HAMIRPUR,-,-,Ganga,Ganga,Yamuna,Betwa,betwa,betwa,25.58861111,79.70694444,10-02-2026 08:00,0.5
1237,MAUDHA DAM,CWC,9,Uttar Pradesh,149,HAMIRPUR,HAMIRPUR,-,-,Ganga,Ganga,Yamuna,Betwa,betwa,betwa,25.58861111,79.70694444,17-02-2026 09:00,3.5
1238,MAUDHA DAM,CWC,9,Uttar Pradesh,149,HAMIRPUR,HAMIRPUR,-,-,Ganga,Ganga,Yamuna,Betwa,betwa,betwa,25.58861111,79.70694444,17-02-2026 10:00,3.5
1239,MAUDHA DAM,CWC,9,Uttar Pradesh,149,HAMIRPUR,HAMIRPUR,-,-,Ganga,Ganga,Yamuna,Betwa,betwa,betwa,25.58861111,79.70694444,17-02-2026 11:00,1.5
1240,MAUDHA DAM,CWC,9,Uttar Pradesh,149,HAMIRPUR,HAMIRPUR,-,-,Ganga,Ganga,Yamuna,Betwa,betwa,betwa,25.58861111,79.70694444,19-02-2026 01:00,0.5
1241,MAUDHA DAM,CWC,9,Uttar Pradesh,149,HAMIRPUR,HAMIRPUR,-,-,Ganga,Ganga,Yamuna,Betwa,betwa,betwa,25.58861111,79.70694444,19-02-2026 02:00,0.5
1242,MAUDHA DAM,CWC,9,Uttar Pradesh,149,HAMIRPUR,HAMIRPUR,-,-,Ganga,Ganga,Yamuna,Betwa,betwa,betwa,25.58861111,79.70694444,27-02-2026 10:00,223.5
1243,MAUDHA DAM,CWC,9,Uttar Pradesh,149,HAMIRPUR,HAMIRPUR,-,-,Ganga,Ganga,Yamuna,Betwa,betwa,betwa,25.58861111,79.70694444,20-03-2026 15:00,0.5
1244,MAUDHA DAM,CWC,9,Uttar Pradesh,149,HAMIRPUR,HAMIRPUR,-,-,Ganga,Ganga,Yamuna,Betwa,betwa,betwa,25.58861111,79.70694444,20-03-2026 16:00,0.5
1245,MAUDHA DAM,CWC,9,Uttar Pradesh,149,HAMIRPUR,HAMIRPUR,-,-,Ganga,Ganga,Yamuna,Betwa,betwa,betwa,25.58861111,79.70694444,23-08-2026 11:00,0.5
1246,Motipur,CWC,9,Uttar Pradesh,159,Lakhimpur Kheri,-,-,-,Ganga,Ganga,Ghaghra,Suheli,Suheli,Suheli,28.34833333,80.92083333,08-01-2026 05:00,6
1247,Motipur,CWC,9,Uttar Pradesh,159,Lakhimpur Kheri,-,-,-,Ganga,Ganga,Ghaghra,Suheli,Suheli,Suheli,28.34833333,80.92083333,29-01-2026 09:00,112
1248,Motipur,CWC,9,Uttar Pradesh,159,Lakhimpur Kheri,-,-,-,Ganga,Ganga,Ghaghra,Suheli,Suheli,Suheli,28.34833333,80.92083333,30-01-2026 08:00,160
1249,Motipur,CWC,9,Uttar Pradesh,159,Lakhimpur Kheri,-,-,-,Ganga,Ganga,Ghaghra,Suheli,Suheli,Suheli,28.34833333,80.92083333,03-02-2026 18:00,0.5
1250,Motipur,CWC,9,Uttar Pradesh,159,Lakhimpur Kheri,-,-,-,Ganga,Ganga,Ghaghra,Suheli,Suheli,Suheli,28.34833333,80.92083333,06-02-2026 02:00,414
1251,Motipur,CWC,9,Uttar Pradesh,159,Lakhimpur Kheri,-,-,-,Ganga,Ganga,Ghaghra,Suheli,Suheli,Suheli,28.34833333,80.92083333,07-02-2026 04:00,1.5
1252,Motipur,CWC,9,Uttar Pradesh,159,Lakhimpur Kheri,-,-,-,Ganga,Ganga,Ghaghra,Suheli,Suheli,Suheli,28.34833333,80.92083333,08-02-2026 02:00,276.5
1253,Motipur,CWC,9,Uttar Pradesh,159,Lakhimpur Kheri,-,-,-,Ganga,Ganga,Ghaghra,Suheli,Suheli,Suheli,28.34833333,80.92083333,09-02-2026 18:00,129.5
1254,Motipur,CWC,9,Uttar Pradesh,159,Lakhimpur Kheri,-,-,-,Ganga,Ganga,Ghaghra,Suheli,Suheli,Suheli,28.34833333,80.92083333,13-02-2026 14:00,40
1255,Motipur,CWC,9,Uttar Pradesh,159,Lakhimpur Kheri,-,-,-,Ganga,Ganga,Ghaghra,Suheli,Suheli,Suheli,28.34833333,80.92083333,14-02-2026 14:00,192
1256,Motipur,CWC,9,Uttar Pradesh,159,Lakhimpur Kheri,-,-,-,Ganga,Ganga,Ghaghra,Suheli,Suheli,Suheli,28.34833333,80.92083333,14-02-2026 15:00,153
1257,Motipur,CWC,9,Uttar Pradesh,159,Lakhimpur Kheri,-,-,-,Ganga,Ganga,Ghaghra,Suheli,Suheli,Suheli,28.34833333,80.92083333,15-02-2026 16:00,3
1258,Motipur,CWC,9,Uttar Pradesh,159,Lakhimpur Kheri,-,-,-,Ganga,Ganga,Ghaghra,Suheli,Suheli,Suheli,28.34833333,80.92083333,26-02-2026 20:00,51
1259,Motipur,CWC,9,Uttar Pradesh,159,Lakhimpur Kheri,-,-,-,Ganga,Ganga,Ghaghra,Suheli,Suheli,Suheli,28.34833333,80.92083333,28-02-2026 03:00,176.5
1260,Motipur,CWC,9,Uttar Pradesh,159,Lakhimpur Kheri,-,-,-,Ganga,Ganga,Ghaghra,Suheli,Suheli,Suheli,28.34833333,80.92083333,01-03-2026 02:00,0.5
1261,Motipur,CWC,9,Uttar Pradesh,159,Lakhimpur Kheri,-,-,-,Ganga,Ganga,Ghaghra,Suheli,Suheli,Suheli,28.34833333,80.92083333,17-03-2026 13:00,9
1262,Motipur,CWC,9,Uttar Pradesh,159,Lakhimpur Kheri,-,-,-,Ganga,Ganga,Ghaghra,Suheli,Suheli,Suheli,28.34833333,80.92083333,18-03-2026 02:00,240.5
1263,Motipur,CWC,9,Uttar Pradesh,159,Lakhimpur Kheri,-,-,-,Ganga,Ganga,Ghaghra,Suheli,Suheli,Suheli,28.34833333,80.92083333,18-03-2026 18:00,0.5
1264,Motipur,CWC,9,Uttar Pradesh,159,Lakhimpur Kheri,-,-,-,Ganga,Ganga,Ghaghra,Suheli,Suheli,Suheli,28.34833333,80.92083333,18-03-2026 23:00,0.5
1265,Motipur,CWC,9,Uttar Pradesh,159,Lakhimpur Kheri,-,-,-,Ganga,Ganga,Ghaghra,Suheli,Suheli,Suheli,28.34833333,80.92083333,19-03-2026 00:00,0.5
1266,Motipur,CWC,9,Uttar Pradesh,159,Lakhimpur Kheri,-,-,-,Ganga,Ganga,Ghaghra,Suheli,Suheli,Suheli,28.34833333,80.92083333,25-03-2026 11:00,349
1267,Motipur,CWC,9,Uttar Pradesh,159,Lakhimpur Kheri,-,-,-,Ganga,Ganga,Ghaghra,Suheli,Suheli,Suheli,28.34833333,80.92083333,28-03-2026 10:30,132.5
1268,Motipur,CWC,9,Uttar Pradesh,159,Lakhimpur Kheri,-,-,-,Ganga,Ganga,Ghaghra,Suheli,Suheli,Suheli,28.34833333,80.92083333,30-03-2026 11:00,3
1269,Motipur,CWC,9,Uttar Pradesh,159,Lakhimpur Kheri,-,-,-,Ganga,Ganga,Ghaghra,Suheli,Suheli,Suheli,28.34833333,80.92083333,30-03-2026 12:00,3
1270,Motipur,CWC,9,Uttar Pradesh,159,Lakhimpur Kheri,-,-,-,Ganga,Ganga,Ghaghra,Suheli,Suheli,Suheli,28.34833333,80.92083333,30-03-2026 15:00,3
1271,Motipur,CWC,9,Uttar Pradesh,159,Lakhimpur Kheri,-,-,-,Ganga,Ganga,Ghaghra,Suheli,Suheli,Suheli,28.34833333,80.92083333,30-03-2026 18:00,3
1272,Motipur,CWC,9,Uttar Pradesh,159,Lakhimpur Kheri,-,-,-,Ganga,Ganga,Ghaghra,Suheli,Suheli,Suheli,28.34833333,80.92083333,31-03-2026 00:00,3
1273,Motipur,CWC,9,Uttar Pradesh,159,Lakhimpur Kheri,-,-,-,Ganga,Ganga,Ghaghra,Suheli,Suheli,Suheli,28.34833333,80.92083333,31-03-2026 01:00,3
1274,Motipur,CWC,9,Uttar Pradesh,159,Lakhimpur Kheri,-,-,-,Ganga,Ganga,Ghaghra,Suheli,Suheli,Suheli,28.34833333,80.92083333,31-03-2026 02:00,3
1275,Motipur,CWC,9,Uttar Pradesh,159,Lakhimpur Kheri,-,-,-,Ganga,Ganga,Ghaghra,Suheli,Suheli,Suheli,28.34833333,80.92083333,05-04-2026 02:00,0.5
1276,Motipur,CWC,9,Uttar Pradesh,159,Lakhimpur Kheri,-,-,-,Ganga,Ganga,Ghaghra,Suheli,Suheli,Suheli,28.34833333,80.92083333,05-04-2026 19:00,2.5
1277,Motipur,CWC,9,Uttar Pradesh,159,Lakhimpur Kheri,-,-,-,Ganga,Ganga,Ghaghra,Suheli,Suheli,Suheli,28.34833333,80.92083333,05-04-2026 20:00,0.5
1278,Motipur,CWC,9,Uttar Pradesh,159,Lakhimpur Kheri,-,-,-,Ganga,Ganga,Ghaghra,Suheli,Suheli,Suheli,28.34833333,80.92083333,05-04-2026 22:00,3
1279,Motipur,CWC,9,Uttar Pradesh,159,Lakhimpur Kheri,-,-,-,Ganga,Ganga,Ghaghra,Suheli,Suheli,Suheli,28.34833333,80.92083333,06-04-2026 00:00,3
1280,Motipur,CWC,9,Uttar Pradesh,159,Lakhimpur Kheri,-,-,-,Ganga,Ganga,Ghaghra,Suheli,Suheli,Suheli,28.34833333,80.92083333,06-04-2026 02:00,3
1281,Motipur,CWC,9,Uttar Pradesh,159,Lakhimpur Kheri,-,-,-,Ganga,Ganga,Ghaghra,Suheli,Suheli,Suheli,28.34833333,80.92083333,08-04-2026 03:00,3
1282,Motipur,CWC,9,Uttar Pradesh,159,Lakhimpur Kheri,-,-,-,Ganga,Ganga,Ghaghra,Suheli,Suheli,Suheli,28.34833333,80.92083333,08-04-2026 20:00,0.5
1283,Motipur,CWC,9,Uttar Pradesh,159,Lakhimpur Kheri,-,-,-,Ganga,Ganga,Ghaghra,Suheli,Suheli,Suheli,28.34833333,80.92083333,08-04-2026 21:00,0.5
1284,Motipur,CWC,9,Uttar Pradesh,159,Lakhimpur Kheri,-,-,-,Ganga,Ganga,Ghaghra,Suheli,Suheli,Suheli,28.34833333,80.92083333,08-04-2026 23:00,0.5
1285,Motipur,CWC,9,Uttar Pradesh,159,Lakhimpur Kheri,-,-,-,Ganga,Ganga,Ghaghra,Suheli,Suheli,Suheli,28.34833333,80.92083333,09-04-2026 01:00,0.5
1286,Motipur,CWC,9,Uttar Pradesh,159,Lakhimpur Kheri,-,-,-,Ganga,Ganga,Ghaghra,Suheli,Suheli,Suheli,28.34833333,80.92083333,02-05-2026 11:00,2
1287,Motipur,CWC,9,Uttar Pradesh,159,Lakhimpur Kheri,-,-,-,Ganga,Ganga,Ghaghra,Suheli,Suheli,Suheli,28.34833333,80.92083333,02-05-2026 12:00,2
1288,Motipur,CWC,9,Uttar Pradesh,159,Lakhimpur Kheri,-,-,-,Ganga,Ganga,Ghaghra,Suheli,Suheli,Suheli,28.34833333,80.92083333,02-05-2026 13:00,2
1289,Motipur,CWC,9,Uttar Pradesh,159,Lakhimpur Kheri,-,-,-,Ganga,Ganga,Ghaghra,Suheli,Suheli,Suheli,28.34833333,80.92083333,02-05-2026 14:00,2
1290,Motipur,CWC,9,Uttar Pradesh,159,Lakhimpur Kheri,-,-,-,Ganga,Ganga,Ghaghra,Suheli,Suheli,Suheli,28.34833333,80.92083333,02-05-2026 15:00,2
1291,Motipur,CWC,9,Uttar Pradesh,159,Lakhimpur Kheri,-,-,-,Ganga,Ganga,Ghaghra,Suheli,Suheli,Suheli,28.34833333,80.92083333,02-05-2026 17:00,2
1292,Motipur,CWC,9,Uttar Pradesh,159,Lakhimpur Kheri,-,-,-,Ganga,Ganga,Ghaghra,Suheli,Suheli,Suheli,28.34833333,80.92083333,02-05-2026 18:00,2
1293,Motipur,CWC,9,Uttar Pradesh,159,Lakhimpur Kheri,-,-,-,Ganga,Ganga,Ghaghra,Suheli,Suheli,Suheli,28.34833333,80.92083333,02-05-2026 19:00,2
1294,Motipur,CWC,9,Uttar Pradesh,159,Lakhimpur Kheri,-,-,-,Ganga,Ganga,Ghaghra,Suheli,Suheli,Suheli,28.34833333,80.92083333,02-05-2026 22:00,2
1295,Motipur,CWC,9,Uttar Pradesh,159,Lakhimpur Kheri,-,-,-,Ganga,Ganga,Ghaghra,Suheli,Suheli,Suheli,28.34833333,80.92083333,09-05-2026 23:00,4
1296,Motipur,CWC,9,Uttar Pradesh,159,Lakhimpur Kheri,-,-,-,Ganga,Ganga,Ghaghra,Suheli,Suheli,Suheli,28.34833333,80.92083333,10-05-2026 01:00,4
1297,Motipur,CWC,9,Uttar Pradesh,159,Lakhimpur Kheri,-,-,-,Ganga,Ganga,Ghaghra,Suheli,Suheli,Suheli,28.34833333,80.92083333,13-05-2026 13:00,0.5
1298,Motipur,CWC,9,Uttar Pradesh,159,Lakhimpur Kheri,-,-,-,Ganga,Ganga,Ghaghra,Suheli,Suheli,Suheli,28.34833333,80.92083333,13-05-2026 14:00,0.5
1299,Motipur,CWC,9,Uttar Pradesh,159,Lakhimpur Kheri,-,-,-,Ganga,Ganga,Ghaghra,Suheli,Suheli,Suheli,28.34833333,80.92083333,13-05-2026 23:00,0.5
1300,Motipur,CWC,9,Uttar Pradesh,159,Lakhimpur Kheri,-,-,-,Ganga,Ganga,Ghaghra,Suheli,Suheli,Suheli,28.34833333,80.92083333,14-05-2026 00:00,0.5
1301,Motipur,CWC,9,Uttar Pradesh,159,Lakhimpur Kheri,-,-,-,Ganga,Ganga,Ghaghra,Suheli,Suheli,Suheli,28.34833333,80.92083333,14-05-2026 01:00,0.5
1302,Motipur,CWC,9,Uttar Pradesh,159,Lakhimpur Kheri,-,-,-,Ganga,Ganga,Ghaghra,Suheli,Suheli,Suheli,28.34833333,80.92083333,14-05-2026 02:00,0.5
1303,Motipur,CWC,9,Uttar Pradesh,159,Lakhimpur Kheri,-,-,-,Ganga,Ganga,Ghaghra,Suheli,Suheli,Suheli,28.34833333,80.92083333,15-05-2026 16:00,6.5
1304,Motipur,CWC,9,Uttar Pradesh,159,Lakhimpur Kheri,-,-,-,Ganga,Ganga,Ghaghra,Suheli,Suheli,Suheli,28.34833333,80.92083333,15-05-2026 17:00,10
1305,Motipur,CWC,9,Uttar Pradesh,159,Lakhimpur Kheri,-,-,-,Ganga,Ganga,Ghaghra,Suheli,Suheli,Suheli,28.34833333,80.92083333,15-05-2026 18:00,10
1306,Motipur,CWC,9,Uttar Pradesh,159,Lakhimpur Kheri,-,-,-,Ganga,Ganga,Ghaghra,Suheli,Suheli,Suheli,28.34833333,80.92083333,15-05-2026 19:00,10
1307,Motipur,CWC,9,Uttar Pradesh,159,Lakhimpur Kheri,-,-,-,Ganga,Ganga,Ghaghra,Suheli,Suheli,Suheli,28.34833333,80.92083333,15-05-2026 20:00,10
1308,Motipur,CWC,9,Uttar Pradesh,159,Lakhimpur Kheri,-,-,-,Ganga,Ganga,Ghaghra,Suheli,Suheli,Suheli,28.34833333,80.92083333,15-05-2026 21:00,10
1309,Motipur,CWC,9,Uttar Pradesh,159,Lakhimpur Kheri,-,-,-,Ganga,Ganga,Ghaghra,Suheli,Suheli,Suheli,28.34833333,80.92083333,15-05-2026 22:00,10
1310,Motipur,CWC,9,Uttar Pradesh,159,Lakhimpur Kheri,-,-,-,Ganga,Ganga,Ghaghra,Suheli,Suheli,Suheli,28.34833333,80.92083333,15-05-2026 23:00,10
1311,Motipur,CWC,9,Uttar Pradesh,159,Lakhimpur Kheri,-,-,-,Ganga,Ganga,Ghaghra,Suheli,Suheli,Suheli,28.34833333,80.92083333,16-05-2026 00:00,10
1312,Motipur,CWC,9,Uttar Pradesh,159,Lakhimpur Kheri,-,-,-,Ganga,Ganga,Ghaghra,Suheli,Suheli,Suheli,28.34833333,80.92083333,16-05-2026 01:00,10
1313,Motipur,CWC,9,Uttar Pradesh,159,Lakhimpur Kheri,-,-,-,Ganga,Ganga,Ghaghra,Suheli,Suheli,Suheli,28.34833333,80.92083333,16-05-2026 02:00,10
1314,Motipur,CWC,9,Uttar Pradesh,159,Lakhimpur Kheri,-,-,-,Ganga,Ganga,Ghaghra,Suheli,Suheli,Suheli,28.34833333,80.92083333,16-05-2026 14:00,0.5
1315,Motipur,CWC,9,Uttar Pradesh,159,Lakhimpur Kheri,-,-,-,Ganga,Ganga,Ghaghra,Suheli,Suheli,Suheli,28.34833333,80.92083333,16-05-2026 15:00,0.5
1316,Motipur,CWC,9,Uttar Pradesh,159,Lakhimpur Kheri,-,-,-,Ganga,Ganga,Ghaghra,Suheli,Suheli,Suheli,28.34833333,80.92083333,16-05-2026 16:00,0.5
1317,Motipur,CWC,9,Uttar Pradesh,159,Lakhimpur Kheri,-,-,-,Ganga,Ganga,Ghaghra,Suheli,Suheli,Suheli,28.34833333,80.92083333,16-05-2026 17:00,0.5
1318,Motipur,CWC,9,Uttar Pradesh,159,Lakhimpur Kheri,-,-,-,Ganga,Ganga,Ghaghra,Suheli,Suheli,Suheli,28.34833333,80.92083333,16-05-2026 18:00,0.5
1319,Motipur,CWC,9,Uttar Pradesh,159,Lakhimpur Kheri,-,-,-,Ganga,Ganga,Ghaghra,Suheli,Suheli,Suheli,28.34833333,80.92083333,16-05-2026 19:00,0.5
1320,Motipur,CWC,9,Uttar Pradesh,159,Lakhimpur Kheri,-,-,-,Ganga,Ganga,Ghaghra,Suheli,Suheli,Suheli,28.34833333,80.92083333,16-05-2026 20:00,0.5
1321,Motipur,CWC,9,Uttar Pradesh,159,Lakhimpur Kheri,-,-,-,Ganga,Ganga,Ghaghra,Suheli,Suheli,Suheli,28.34833333,80.92083333,16-05-2026 21:00,0.5
1322,Motipur,CWC,9,Uttar Pradesh,159,Lakhimpur Kheri,-,-,-,Ganga,Ganga,Ghaghra,Suheli,Suheli,Suheli,28.34833333,80.92083333,16-05-2026 22:00,0.5
1323,Motipur,CWC,9,Uttar Pradesh,159,Lakhimpur Kheri,-,-,-,Ganga,Ganga,Ghaghra,Suheli,Suheli,Suheli,28.34833333,80.92083333,16-05-2026 23:00,0.5
1324,Motipur,CWC,9,Uttar Pradesh,159,Lakhimpur Kheri,-,-,-,Ganga,Ganga,Ghaghra,Suheli,Suheli,Suheli,28.34833333,80.92083333,17-05-2026 00:00,0.5
1325,Motipur,CWC,9,Uttar Pradesh,159,Lakhimpur Kheri,-,-,-,Ganga,Ganga,Ghaghra,Suheli,Suheli,Suheli,28.34833333,80.92083333,17-05-2026 01:00,0.5
1326,Motipur,CWC,9,Uttar Pradesh,159,Lakhimpur Kheri,-,-,-,Ganga,Ganga,Ghaghra,Suheli,Suheli,Suheli,28.34833333,80.92083333,17-05-2026 02:00,0.5
1327,Motipur,CWC,9,Uttar Pradesh,159,Lakhimpur Kheri,-,-,-,Ganga,Ganga,Ghaghra,Suheli,Suheli,Suheli,28.34833333,80.92083333,29-05-2026 02:00,4
1328,Motipur,CWC,9,Uttar Pradesh,159,Lakhimpur Kheri,-,-,-,Ganga,Ganga,Ghaghra,Suheli,Suheli,Suheli,28.34833333,80.92083333,30-05-2026 11:00,4.5
1329,Motipur,CWC,9,Uttar Pradesh,159,Lakhimpur Kheri,-,-,-,Ganga,Ganga,Ghaghra,Suheli,Suheli,Suheli,28.34833333,80.92083333,30-05-2026 12:00,4.5
1330,Motipur,CWC,9,Uttar Pradesh,159,Lakhimpur Kheri,-,-,-,Ganga,Ganga,Ghaghra,Suheli,Suheli,Suheli,28.34833333,80.92083333,30-05-2026 13:00,5.5
1331,Motipur,CWC,9,Uttar Pradesh,159,Lakhimpur Kheri,-,-,-,Ganga,Ganga,Ghaghra,Suheli,Suheli,Suheli,28.34833333,80.92083333,30-05-2026 15:00,5.5
1332,Motipur,CWC,9,Uttar Pradesh,159,Lakhimpur Kheri,-,-,-,Ganga,Ganga,Ghaghra,Suheli,Suheli,Suheli,28.34833333,80.92083333,30-05-2026 17:00,0.5
1333,Motipur,CWC,9,Uttar Pradesh,159,Lakhimpur Kheri,-,-,-,Ganga,Ganga,Ghaghra,Suheli,Suheli,Suheli,28.34833333,80.92083333,30-05-2026 18:00,7.5
1334,Motipur,CWC,9,Uttar Pradesh,159,Lakhimpur Kheri,-,-,-,Ganga,Ganga,Ghaghra,Suheli,Suheli,Suheli,28.34833333,80.92083333,30-05-2026 19:00,7.5
1335,Motipur,CWC,9,Uttar Pradesh,159,Lakhimpur Kheri,-,-,-,Ganga,Ganga,Ghaghra,Suheli,Suheli,Suheli,28.34833333,80.92083333,30-05-2026 22:00,7.5
1336,Motipur,CWC,9,Uttar Pradesh,159,Lakhimpur Kheri,-,-,-,Ganga,Ganga,Ghaghra,Suheli,Suheli,Suheli,28.34833333,80.92083333,31-05-2026 00:00,7.5
1337,Motipur,CWC,9,Uttar Pradesh,159,Lakhimpur Kheri,-,-,-,Ganga,Ganga,Ghaghra,Suheli,Suheli,Suheli,28.34833333,80.92083333,31-05-2026 01:00,7.5
1338,Motipur,CWC,9,Uttar Pradesh,159,Lakhimpur Kheri,-,-,-,Ganga,Ganga,Ghaghra,Suheli,Suheli,Suheli,28.34833333,80.92083333,31-05-2026 02:00,7.5
1339,Motipur,CWC,9,Uttar Pradesh,159,Lakhimpur Kheri,-,-,-,Ganga,Ganga,Ghaghra,Suheli,Suheli,Suheli,28.34833333,80.92083333,02-06-2026 06:00,0.5
1340,Motipur,CWC,9,Uttar Pradesh,159,Lakhimpur Kheri,-,-,-,Ganga,Ganga,Ghaghra,Suheli,Suheli,Suheli,28.34833333,80.92083333,02-06-2026 07:00,0.5
1341,Motipur,CWC,9,Uttar Pradesh,159,Lakhimpur Kheri,-,-,-,Ganga,Ganga,Ghaghra,Suheli,Suheli,Suheli,28.34833333,80.92083333,02-06-2026 08:00,1
1342,Motipur,CWC,9,Uttar Pradesh,159,Lakhimpur Kheri,-,-,-,Ganga,Ganga,Ghaghra,Suheli,Suheli,Suheli,28.34833333,80.92083333,02-06-2026 09:00,1
1343,Motipur,CWC,9,Uttar Pradesh,159,Lakhimpur Kheri,-,-,-,Ganga,Ganga,Ghaghra,Suheli,Suheli,Suheli,28.34833333,80.92083333,02-06-2026 11:00,1
1344,Motipur,CWC,9,Uttar Pradesh,159,Lakhimpur Kheri,-,-,-,Ganga,Ganga,Ghaghra,Suheli,Suheli,Suheli,28.34833333,80.92083333,02-06-2026 13:00,1.5
1345,Motipur,CWC,9,Uttar Pradesh,159,Lakhimpur Kheri,-,-,-,Ganga,Ganga,Ghaghra,Suheli,Suheli,Suheli,28.34833333,80.92083333,02-06-2026 14:00,1.5
1346,Motipur,CWC,9,Uttar Pradesh,159,Lakhimpur Kheri,-,-,-,Ganga,Ganga,Ghaghra,Suheli,Suheli,Suheli,28.34833333,80.92083333,02-06-2026 15:00,1.5
1347,Motipur,CWC,9,Uttar Pradesh,159,Lakhimpur Kheri,-,-,-,Ganga,Ganga,Ghaghra,Suheli,Suheli,Suheli,28.34833333,80.92083333,02-06-2026 18:00,1.5
1348,Motipur,CWC,9,Uttar Pradesh,159,Lakhimpur Kheri,-,-,-,Ganga,Ganga,Ghaghra,Suheli,Suheli,Suheli,28.34833333,80.92083333,02-06-2026 19:00,1.5
1349,Motipur,CWC,9,Uttar Pradesh,159,Lakhimpur Kheri,-,-,-,Ganga,Ganga,Ghaghra,Suheli,Suheli,Suheli,28.34833333,80.92083333,02-06-2026 20:00,1.5
1350,Motipur,CWC,9,Uttar Pradesh,159,Lakhimpur Kheri,-,-,-,Ganga,Ganga,Ghaghra,Suheli,Suheli,Suheli,28.34833333,80.92083333,02-06-2026 22:00,1.5
1351,Motipur,CWC,9,Uttar Pradesh,159,Lakhimpur Kheri,-,-,-,Ganga,Ganga,Ghaghra,Suheli,Suheli,Suheli,28.34833333,80.92083333,03-06-2026 00:00,1.5
1352,Motipur,CWC,9,Uttar Pradesh,159,Lakhimpur Kheri,-,-,-,Ganga,Ganga,Ghaghra,Suheli,Suheli,Suheli,28.34833333,80.92083333,03-06-2026 01:00,1.5
1353,Motipur,CWC,9,Uttar Pradesh,159,Lakhimpur Kheri,-,-,-,Ganga,Ganga,Ghaghra,Suheli,Suheli,Suheli,28.34833333,80.92083333,03-06-2026 02:00,1.5
1354,Motipur,CWC,9,Uttar Pradesh,159,Lakhimpur Kheri,-,-,-,Ganga,Ganga,Ghaghra,Suheli,Suheli,Suheli,28.34833333,80.92083333,03-06-2026 11:00,4
1355,Motipur,CWC,9,Uttar Pradesh,159,Lakhimpur Kheri,-,-,-,Ganga,Ganga,Ghaghra,Suheli,Suheli,Suheli,28.34833333,80.92083333,03-06-2026 12:00,4
1356,Motipur,CWC,9,Uttar Pradesh,159,Lakhimpur Kheri,-,-,-,Ganga,Ganga,Ghaghra,Suheli,Suheli,Suheli,28.34833333,80.92083333,03-06-2026 13:00,4
1357,Motipur,CWC,9,Uttar Pradesh,159,Lakhimpur Kheri,-,-,-,Ganga,Ganga,Ghaghra,Suheli,Suheli,Suheli,28.34833333,80.92083333,03-06-2026 14:00,4
1358,Motipur,CWC,9,Uttar Pradesh,159,Lakhimpur Kheri,-,-,-,Ganga,Ganga,Ghaghra,Suheli,Suheli,Suheli,28.34833333,80.92083333,03-06-2026 15:00,4
1359,Motipur,CWC,9,Uttar Pradesh,159,Lakhimpur Kheri,-,-,-,Ganga,Ganga,Ghaghra,Suheli,Suheli,Suheli,28.34833333,80.92083333,03-06-2026 16:00,6
1360,Motipur,CWC,9,Uttar Pradesh,159,Lakhimpur Kheri,-,-,-,Ganga,Ganga,Ghaghra,Suheli,Suheli,Suheli,28.34833333,80.92083333,03-06-2026 17:00,9
1361,Motipur,CWC,9,Uttar Pradesh,159,Lakhimpur Kheri,-,-,-,Ganga,Ganga,Ghaghra,Suheli,Suheli,Suheli,28.34833333,80.92083333,03-06-2026 18:00,10
1362,Motipur,CWC,9,Uttar Pradesh,159,Lakhimpur Kheri,-,-,-,Ganga,Ganga,Ghaghra,Suheli,Suheli,Suheli,28.34833333,80.92083333,03-06-2026 19:00,10
1363,Motipur,CWC,9,Uttar Pradesh,159,Lakhimpur Kheri,-,-,-,Ganga,Ganga,Ghaghra,Suheli,Suheli,Suheli,28.34833333,80.92083333,03-06-2026 20:00,10
1364,Motipur,CWC,9,Uttar Pradesh,159,Lakhimpur Kheri,-,-,-,Ganga,Ganga,Ghaghra,Suheli,Suheli,Suheli,28.34833333,80.92083333,03-06-2026 21:00,10
1365,Mukhlispur,CWC,9,Uttar Pradesh,178,SANT KABIR NAGAR,KHALILABAD,-,-,Ganga,Ganga,Ghaghra,Kwano,-,Kwano,26.60305556,83.02888889,03-01-2026 22:30,128
1366,Mukhlispur,CWC,9,Uttar Pradesh,178,SANT KABIR NAGAR,KHALILABAD,-,-,Ganga,Ganga,Ghaghra,Kwano,-,Kwano,26.60305556,83.02888889,04-01-2026 11:30,0.5
1367,Mukhlispur,CWC,9,Uttar Pradesh,178,SANT KABIR NAGAR,KHALILABAD,-,-,Ganga,Ganga,Ghaghra,Kwano,-,Kwano,26.60305556,83.02888889,15-01-2026 00:30,128.5
1368,Mukhlispur,CWC,9,Uttar Pradesh,178,SANT KABIR NAGAR,KHALILABAD,-,-,Ganga,Ganga,Ghaghra,Kwano,-,Kwano,26.60305556,83.02888889,29-01-2026 10:30,396
1369,Mukhlispur,CWC,9,Uttar Pradesh,178,SANT KABIR NAGAR,KHALILABAD,-,-,Ganga,Ganga,Ghaghra,Kwano,-,Kwano,26.60305556,83.02888889,31-01-2026 14:30,407
1370,Mukhlispur,CWC,9,Uttar Pradesh,178,SANT KABIR NAGAR,KHALILABAD,-,-,Ganga,Ganga,Ghaghra,Kwano,-,Kwano,26.60305556,83.02888889,31-01-2026 19:30,160
1371,Mukhlispur,CWC,9,Uttar Pradesh,178,SANT KABIR NAGAR,KHALILABAD,-,-,Ganga,Ganga,Ghaghra,Kwano,-,Kwano,26.60305556,83.02888889,31-01-2026 22:30,0.5
1372,Mukhlispur,CWC,9,Uttar Pradesh,178,SANT KABIR NAGAR,KHALILABAD,-,-,Ganga,Ganga,Ghaghra,Kwano,-,Kwano,26.60305556,83.02888889,04-02-2026 19:30,160
1373,Mukhlispur,CWC,9,Uttar Pradesh,178,SANT KABIR NAGAR,KHALILABAD,-,-,Ganga,Ganga,Ghaghra,Kwano,-,Kwano,26.60305556,83.02888889,06-02-2026 17:30,192
1374,Mukhlispur,CWC,9,Uttar Pradesh,178,SANT KABIR NAGAR,KHALILABAD,-,-,Ganga,Ganga,Ghaghra,Kwano,-,Kwano,26.60305556,83.02888889,08-02-2026 19:30,144.5
1375,Mukhlispur,CWC,9,Uttar Pradesh,178,SANT KABIR NAGAR,KHALILABAD,-,-,Ganga,Ganga,Ghaghra,Kwano,-,Kwano,26.60305556,83.02888889,08-02-2026 20:30,236
1376,Mukhlispur,CWC,9,Uttar Pradesh,178,SANT KABIR NAGAR,KHALILABAD,-,-,Ganga,Ganga,Ghaghra,Kwano,-,Kwano,26.60305556,83.02888889,10-02-2026 00:30,309.5
1377,Mukhlispur,CWC,9,Uttar Pradesh,178,SANT KABIR NAGAR,KHALILABAD,-,-,Ganga,Ganga,Ghaghra,Kwano,-,Kwano,26.60305556,83.02888889,10-02-2026 21:30,216
1378,Mukhlispur,CWC,9,Uttar Pradesh,178,SANT KABIR NAGAR,KHALILABAD,-,-,Ganga,Ganga,Ghaghra,Kwano,-,Kwano,26.60305556,83.02888889,11-02-2026 23:30,0.5
1379,Mukhlispur,CWC,9,Uttar Pradesh,178,SANT KABIR NAGAR,KHALILABAD,-,-,Ganga,Ganga,Ghaghra,Kwano,-,Kwano,26.60305556,83.02888889,14-02-2026 21:30,302.5
1380,Mukhlispur,CWC,9,Uttar Pradesh,178,SANT KABIR NAGAR,KHALILABAD,-,-,Ganga,Ganga,Ghaghra,Kwano,-,Kwano,26.60305556,83.02888889,14-02-2026 22:30,64
1381,Mukhlispur,CWC,9,Uttar Pradesh,178,SANT KABIR NAGAR,KHALILABAD,-,-,Ganga,Ganga,Ghaghra,Kwano,-,Kwano,26.60305556,83.02888889,15-02-2026 01:30,8
1382,Mukhlispur,CWC,9,Uttar Pradesh,178,SANT KABIR NAGAR,KHALILABAD,-,-,Ganga,Ganga,Ghaghra,Kwano,-,Kwano,26.60305556,83.02888889,17-02-2026 00:30,40
1383,Mukhlispur,CWC,9,Uttar Pradesh,178,SANT KABIR NAGAR,KHALILABAD,-,-,Ganga,Ganga,Ghaghra,Kwano,-,Kwano,26.60305556,83.02888889,24-05-2026 00:00,274
1384,Mukhlispur,CWC,9,Uttar Pradesh,178,SANT KABIR NAGAR,KHALILABAD,-,-,Ganga,Ganga,Ghaghra,Kwano,-,Kwano,26.60305556,83.02888889,26-05-2026 04:30,6
1385,Mukhlispur,CWC,9,Uttar Pradesh,178,SANT KABIR NAGAR,KHALILABAD,-,-,Ganga,Ganga,Ghaghra,Kwano,-,Kwano,26.60305556,83.02888889,26-05-2026 05:30,0.5
1386,Mukhlispur,CWC,9,Uttar Pradesh,178,SANT KABIR NAGAR,KHALILABAD,-,-,Ganga,Ganga,Ghaghra,Kwano,-,Kwano,26.60305556,83.02888889,26-05-2026 06:30,6.5
1387,Mukhlispur,CWC,9,Uttar Pradesh,178,SANT KABIR NAGAR,KHALILABAD,-,-,Ganga,Ganga,Ghaghra,Kwano,-,Kwano,26.60305556,83.02888889,26-05-2026 07:30,0.5
1388,Mukhlispur,CWC,9,Uttar Pradesh,178,SANT KABIR NAGAR,KHALILABAD,-,-,Ganga,Ganga,Ghaghra,Kwano,-,Kwano,26.60305556,83.02888889,29-05-2026 07:30,2
1389,Mukhlispur,CWC,9,Uttar Pradesh,178,SANT KABIR NAGAR,KHALILABAD,-,-,Ganga,Ganga,Ghaghra,Kwano,-,Kwano,26.60305556,83.02888889,29-05-2026 08:30,3
1390,Mukhlispur,CWC,9,Uttar Pradesh,178,SANT KABIR NAGAR,KHALILABAD,-,-,Ganga,Ganga,Ghaghra,Kwano,-,Kwano,26.60305556,83.02888889,29-05-2026 09:30,4.5
1391,Mukhlispur,CWC,9,Uttar Pradesh,178,SANT KABIR NAGAR,KHALILABAD,-,-,Ganga,Ganga,Ghaghra,Kwano,-,Kwano,26.60305556,83.02888889,29-05-2026 10:00,4.5
1392,Mukhlispur,CWC,9,Uttar Pradesh,178,SANT KABIR NAGAR,KHALILABAD,-,-,Ganga,Ganga,Ghaghra,Kwano,-,Kwano,26.60305556,83.02888889,29-05-2026 10:30,2
1393,Mukhlispur,CWC,9,Uttar Pradesh,178,SANT KABIR NAGAR,KHALILABAD,-,-,Ganga,Ganga,Ghaghra,Kwano,-,Kwano,26.60305556,83.02888889,29-05-2026 11:00,2
1394,Mukhlispur,CWC,9,Uttar Pradesh,178,SANT KABIR NAGAR,KHALILABAD,-,-,Ganga,Ganga,Ghaghra,Kwano,-,Kwano,26.60305556,83.02888889,29-05-2026 11:30,2
1395,Mukhlispur,CWC,9,Uttar Pradesh,178,SANT KABIR NAGAR,KHALILABAD,-,-,Ganga,Ganga,Ghaghra,Kwano,-,Kwano,26.60305556,83.02888889,29-05-2026 12:30,1.5
1396,Mukhlispur,CWC,9,Uttar Pradesh,178,SANT KABIR NAGAR,KHALILABAD,-,-,Ganga,Ganga,Ghaghra,Kwano,-,Kwano,26.60305556,83.02888889,29-05-2026 13:30,10.5
1397,Mukhlispur,CWC,9,Uttar Pradesh,178,SANT KABIR NAGAR,KHALILABAD,-,-,Ganga,Ganga,Ghaghra,Kwano,-,Kwano,26.60305556,83.02888889,29-05-2026 14:30,11
1398,Mukhlispur,CWC,9,Uttar Pradesh,178,SANT KABIR NAGAR,KHALILABAD,-,-,Ganga,Ganga,Ghaghra,Kwano,-,Kwano,26.60305556,83.02888889,29-05-2026 15:30,0.5
1399,Mukhlispur,CWC,9,Uttar Pradesh,178,SANT KABIR NAGAR,KHALILABAD,-,-,Ganga,Ganga,Ghaghra,Kwano,-,Kwano,26.60305556,83.02888889,29-05-2026 17:30,11
1400,Mukhlispur,CWC,9,Uttar Pradesh,178,SANT KABIR NAGAR,KHALILABAD,-,-,Ganga,Ganga,Ghaghra,Kwano,-,Kwano,26.60305556,83.02888889,29-05-2026 18:30,11
1401,Mukhlispur,CWC,9,Uttar Pradesh,178,SANT KABIR NAGAR,KHALILABAD,-,-,Ganga,Ganga,Ghaghra,Kwano,-,Kwano,26.60305556,83.02888889,30-05-2026 04:30,11
1402,Mukhlispur,CWC,9,Uttar Pradesh,178,SANT KABIR NAGAR,KHALILABAD,-,-,Ganga,Ganga,Ghaghra,Kwano,-,Kwano,26.60305556,83.02888889,30-05-2026 05:30,11
1403,Mukhlispur,CWC,9,Uttar Pradesh,178,SANT KABIR NAGAR,KHALILABAD,-,-,Ganga,Ganga,Ghaghra,Kwano,-,Kwano,26.60305556,83.02888889,31-05-2026 11:30,0.5
1404,Mukhlispur,CWC,9,Uttar Pradesh,178,SANT KABIR NAGAR,KHALILABAD,-,-,Ganga,Ganga,Ghaghra,Kwano,-,Kwano,26.60305556,83.02888889,31-05-2026 12:30,1.5
1405,Mukhlispur,CWC,9,Uttar Pradesh,178,SANT KABIR NAGAR,KHALILABAD,-,-,Ganga,Ganga,Ghaghra,Kwano,-,Kwano,26.60305556,83.02888889,31-05-2026 13:30,2
1406,Mukhlispur,CWC,9,Uttar Pradesh,178,SANT KABIR NAGAR,KHALILABAD,-,-,Ganga,Ganga,Ghaghra,Kwano,-,Kwano,26.60305556,83.02888889,31-05-2026 14:30,2.5
1407,Mukhlispur,CWC,9,Uttar Pradesh,178,SANT KABIR NAGAR,KHALILABAD,-,-,Ganga,Ganga,Ghaghra,Kwano,-,Kwano,26.60305556,83.02888889,31-05-2026 15:30,0.5
1408,Mukhlispur,CWC,9,Uttar Pradesh,178,SANT KABIR NAGAR,KHALILABAD,-,-,Ganga,Ganga,Ghaghra,Kwano,-,Kwano,26.60305556,83.02888889,31-05-2026 16:30,3.5
1409,Mukhlispur,CWC,9,Uttar Pradesh,178,SANT KABIR NAGAR,KHALILABAD,-,-,Ganga,Ganga,Ghaghra,Kwano,-,Kwano,26.60305556,83.02888889,31-05-2026 17:30,4
1410,Mukhlispur,CWC,9,Uttar Pradesh,178,SANT KABIR NAGAR,KHALILABAD,-,-,Ganga,Ganga,Ghaghra,Kwano,-,Kwano,26.60305556,83.02888889,31-05-2026 18:30,4
1411,Mukhlispur,CWC,9,Uttar Pradesh,178,SANT KABIR NAGAR,KHALILABAD,-,-,Ganga,Ganga,Ghaghra,Kwano,-,Kwano,26.60305556,83.02888889,31-05-2026 19:30,4.5
1412,Mukhlispur,CWC,9,Uttar Pradesh,178,SANT KABIR NAGAR,KHALILABAD,-,-,Ganga,Ganga,Ghaghra,Kwano,-,Kwano,26.60305556,83.02888889,31-05-2026 20:30,5
1413,Mukhlispur,CWC,9,Uttar Pradesh,178,SANT KABIR NAGAR,KHALILABAD,-,-,Ganga,Ganga,Ghaghra,Kwano,-,Kwano,26.60305556,83.02888889,31-05-2026 21:30,7.5
1414,Mukhlispur,CWC,9,Uttar Pradesh,178,SANT KABIR NAGAR,KHALILABAD,-,-,Ganga,Ganga,Ghaghra,Kwano,-,Kwano,26.60305556,83.02888889,31-05-2026 22:30,5.5
1415,Mukhlispur,CWC,9,Uttar Pradesh,178,SANT KABIR NAGAR,KHALILABAD,-,-,Ganga,Ganga,Ghaghra,Kwano,-,Kwano,26.60305556,83.02888889,31-05-2026 23:30,5.5
1416,Mukhlispur,CWC,9,Uttar Pradesh,178,SANT KABIR NAGAR,KHALILABAD,-,-,Ganga,Ganga,Ghaghra,Kwano,-,Kwano,26.60305556,83.02888889,01-06-2026 00:30,5.5
1417,Mukhlispur,CWC,9,Uttar Pradesh,178,SANT KABIR NAGAR,KHALILABAD,-,-,Ganga,Ganga,Ghaghra,Kwano,-,Kwano,26.60305556,83.02888889,01-06-2026 01:30,5.5
1418,Mukhlispur,CWC,9,Uttar Pradesh,178,SANT KABIR NAGAR,KHALILABAD,-,-,Ganga,Ganga,Ghaghra,Kwano,-,Kwano,26.60305556,83.02888889,01-06-2026 02:30,5.5
1419,Mukhlispur,CWC,9,Uttar Pradesh,178,SANT KABIR NAGAR,KHALILABAD,-,-,Ganga,Ganga,Ghaghra,Kwano,-,Kwano,26.60305556,83.02888889,01-06-2026 03:30,5.5
1420,Mukhlispur,CWC,9,Uttar Pradesh,178,SANT KABIR NAGAR,KHALILABAD,-,-,Ganga,Ganga,Ghaghra,Kwano,-,Kwano,26.60305556,83.02888889,01-06-2026 04:30,6
1421,Mukhlispur,CWC,9,Uttar Pradesh,178,SANT KABIR NAGAR,KHALILABAD,-,-,Ganga,Ganga,Ghaghra,Kwano,-,Kwano,26.60305556,83.02888889,01-06-2026 05:30,6
1422,Mukhlispur,CWC,9,Uttar Pradesh,178,SANT KABIR NAGAR,KHALILABAD,-,-,Ganga,Ganga,Ghaghra,Kwano,-,Kwano,26.60305556,83.02888889,01-06-2026 06:30,6
1423,Mukhlispur,CWC,9,Uttar Pradesh,178,SANT KABIR NAGAR,KHALILABAD,-,-,Ganga,Ganga,Ghaghra,Kwano,-,Kwano,26.60305556,83.02888889,01-06-2026 07:30,6
1424,Mukhlispur,CWC,9,Uttar Pradesh,178,SANT KABIR NAGAR,KHALILABAD,-,-,Ganga,Ganga,Ghaghra,Kwano,-,Kwano,26.60305556,83.02888889,01-06-2026 11:00,7.5
1425,Neemsar,CWC,9,Uttar Pradesh,183,SITAPUR,MISRIKH,-,-,Ganga,Ganga,Gomti,-,-,Gomti,27.34611111,80.47777778,02-04-2026 03:00,0.5
1426,Neemsar,CWC,9,Uttar Pradesh,183,SITAPUR,MISRIKH,-,-,Ganga,Ganga,Gomti,-,-,Gomti,27.34611111,80.47777778,07-04-2026 03:00,0.5
1427,Neemsar,CWC,9,Uttar Pradesh,183,SITAPUR,MISRIKH,-,-,Ganga,Ganga,Gomti,-,-,Gomti,27.34611111,80.47777778,15-04-2026 04:00,0.5
1428,Neemsar,CWC,9,Uttar Pradesh,183,SITAPUR,MISRIKH,-,-,Ganga,Ganga,Gomti,-,-,Gomti,27.34611111,80.47777778,16-04-2026 04:00,0.5
1429,Neemsar,CWC,9,Uttar Pradesh,183,SITAPUR,MISRIKH,-,-,Ganga,Ganga,Gomti,-,-,Gomti,27.34611111,80.47777778,23-04-2026 11:00,0.5
1430,Neemsar,CWC,9,Uttar Pradesh,183,SITAPUR,MISRIKH,-,-,Ganga,Ganga,Gomti,-,-,Gomti,27.34611111,80.47777778,24-04-2026 09:00,0.5
1431,Neemsar,CWC,9,Uttar Pradesh,183,SITAPUR,MISRIKH,-,-,Ganga,Ganga,Gomti,-,-,Gomti,27.34611111,80.47777778,25-04-2026 10:00,0.5
1432,Neemsar,CWC,9,Uttar Pradesh,183,SITAPUR,MISRIKH,-,-,Ganga,Ganga,Gomti,-,-,Gomti,27.34611111,80.47777778,29-04-2026 11:00,0.5
1433,Neemsar,CWC,9,Uttar Pradesh,183,SITAPUR,MISRIKH,-,-,Ganga,Ganga,Gomti,-,-,Gomti,27.34611111,80.47777778,13-05-2026 07:00,0.5
1434,Neemsar,CWC,9,Uttar Pradesh,183,SITAPUR,MISRIKH,-,-,Ganga,Ganga,Gomti,-,-,Gomti,27.34611111,80.47777778,13-05-2026 11:00,0.5
1435,Neemsar,CWC,9,Uttar Pradesh,183,SITAPUR,MISRIKH,-,-,Ganga,Ganga,Gomti,-,-,Gomti,27.34611111,80.47777778,17-05-2026 10:00,0.5
1436,Neemsar,CWC,9,Uttar Pradesh,183,SITAPUR,MISRIKH,-,-,Ganga,Ganga,Gomti,-,-,Gomti,27.34611111,80.47777778,18-05-2026 03:00,0.5
1437,Neemsar,CWC,9,Uttar Pradesh,183,SITAPUR,MISRIKH,-,-,Ganga,Ganga,Gomti,-,-,Gomti,27.34611111,80.47777778,24-05-2026 11:00,0.5
1438,Neemsar,CWC,9,Uttar Pradesh,183,SITAPUR,MISRIKH,-,-,Ganga,Ganga,Gomti,-,-,Gomti,27.34611111,80.47777778,26-05-2026 04:00,0.5
1439,Neemsar,CWC,9,Uttar Pradesh,183,SITAPUR,MISRIKH,-,-,Ganga,Ganga,Gomti,-,-,Gomti,27.34611111,80.47777778,29-05-2026 02:00,0.5
1440,Neemsar,CWC,9,Uttar Pradesh,183,SITAPUR,MISRIKH,-,-,Ganga,Ganga,Gomti,-,-,Gomti,27.34611111,80.47777778,31-05-2026 02:00,0.5
1441,Neemsar,CWC,9,Uttar Pradesh,183,SITAPUR,MISRIKH,-,-,Ganga,Ganga,Gomti,-,-,Gomti,27.34611111,80.47777778,31-05-2026 11:00,0.5
1442,Neemsar,CWC,9,Uttar Pradesh,183,SITAPUR,MISRIKH,-,-,Ganga,Ganga,Gomti,-,-,Gomti,27.34611111,80.47777778,01-06-2026 06:00,0.5
1443,Paliakalan,CWC,9,Uttar Pradesh,159,Lakhimpur Kheri,-,-,-,Ganga,Ganga,Ghaghra,Sharda,-,Sarda,28.38500000,80.55333333,09-01-2026 05:30,9.5
1444,Paliakalan,CWC,9,Uttar Pradesh,159,Lakhimpur Kheri,-,-,-,Ganga,Ganga,Ghaghra,Sharda,-,Sarda,28.38500000,80.55333333,11-01-2026 19:30,7
1445,Paliakalan,CWC,9,Uttar Pradesh,159,Lakhimpur Kheri,-,-,-,Ganga,Ganga,Ghaghra,Sharda,-,Sarda,28.38500000,80.55333333,17-01-2026 01:30,1
1446,Paliakalan,CWC,9,Uttar Pradesh,159,Lakhimpur Kheri,-,-,-,Ganga,Ganga,Ghaghra,Sharda,-,Sarda,28.38500000,80.55333333,01-02-2026 13:30,80
1447,Paliakalan,CWC,9,Uttar Pradesh,159,Lakhimpur Kheri,-,-,-,Ganga,Ganga,Ghaghra,Sharda,-,Sarda,28.38500000,80.55333333,02-02-2026 03:30,2.5
1448,Paliakalan,CWC,9,Uttar Pradesh,159,Lakhimpur Kheri,-,-,-,Ganga,Ganga,Ghaghra,Sharda,-,Sarda,28.38500000,80.55333333,08-02-2026 23:30,416.5
1449,Paliakalan,CWC,9,Uttar Pradesh,159,Lakhimpur Kheri,-,-,-,Ganga,Ganga,Ghaghra,Sharda,-,Sarda,28.38500000,80.55333333,25-02-2026 01:30,273
1450,Paliakalan,CWC,9,Uttar Pradesh,159,Lakhimpur Kheri,-,-,-,Ganga,Ganga,Ghaghra,Sharda,-,Sarda,28.38500000,80.55333333,25-02-2026 02:30,0.5
1451,Paliakalan,CWC,9,Uttar Pradesh,159,Lakhimpur Kheri,-,-,-,Ganga,Ganga,Ghaghra,Sharda,-,Sarda,28.38500000,80.55333333,01-03-2026 08:30,178
1452,Paliakalan,CWC,9,Uttar Pradesh,159,Lakhimpur Kheri,-,-,-,Ganga,Ganga,Ghaghra,Sharda,-,Sarda,28.38500000,80.55333333,02-03-2026 05:30,35.5
1453,Paliakalan,CWC,9,Uttar Pradesh,159,Lakhimpur Kheri,-,-,-,Ganga,Ganga,Ghaghra,Sharda,-,Sarda,28.38500000,80.55333333,24-03-2026 00:30,0.5
1454,Paliakalan,CWC,9,Uttar Pradesh,159,Lakhimpur Kheri,-,-,-,Ganga,Ganga,Ghaghra,Sharda,-,Sarda,28.38500000,80.55333333,24-03-2026 01:30,0.5
1455,Paliakalan,CWC,9,Uttar Pradesh,159,Lakhimpur Kheri,-,-,-,Ganga,Ganga,Ghaghra,Sharda,-,Sarda,28.38500000,80.55333333,24-03-2026 03:30,0.5
1456,Paliakalan,CWC,9,Uttar Pradesh,159,Lakhimpur Kheri,-,-,-,Ganga,Ganga,Ghaghra,Sharda,-,Sarda,28.38500000,80.55333333,24-03-2026 05:30,129.5
1457,Paliakalan,CWC,9,Uttar Pradesh,159,Lakhimpur Kheri,-,-,-,Ganga,Ganga,Ghaghra,Sharda,-,Sarda,28.38500000,80.55333333,25-03-2026 03:30,6.5
1458,Paliakalan,CWC,9,Uttar Pradesh,159,Lakhimpur Kheri,-,-,-,Ganga,Ganga,Ghaghra,Sharda,-,Sarda,28.38500000,80.55333333,26-03-2026 04:30,24
1459,Paliakalan,CWC,9,Uttar Pradesh,159,Lakhimpur Kheri,-,-,-,Ganga,Ganga,Ghaghra,Sharda,-,Sarda,28.38500000,80.55333333,26-03-2026 09:30,222
1460,Paliakalan,CWC,9,Uttar Pradesh,159,Lakhimpur Kheri,-,-,-,Ganga,Ganga,Ghaghra,Sharda,-,Sarda,28.38500000,80.55333333,27-03-2026 03:30,1.5
1461,Paliakalan,CWC,9,Uttar Pradesh,159,Lakhimpur Kheri,-,-,-,Ganga,Ganga,Ghaghra,Sharda,-,Sarda,28.38500000,80.55333333,28-03-2026 03:30,340
1462,Paliakalan,CWC,9,Uttar Pradesh,159,Lakhimpur Kheri,-,-,-,Ganga,Ganga,Ghaghra,Sharda,-,Sarda,28.38500000,80.55333333,30-03-2026 06:30,0.5
1463,Paliakalan,CWC,9,Uttar Pradesh,159,Lakhimpur Kheri,-,-,-,Ganga,Ganga,Ghaghra,Sharda,-,Sarda,28.38500000,80.55333333,04-04-2026 01:30,2.5
1464,Paliakalan,CWC,9,Uttar Pradesh,159,Lakhimpur Kheri,-,-,-,Ganga,Ganga,Ghaghra,Sharda,-,Sarda,28.38500000,80.55333333,04-04-2026 20:30,3
1465,Paliakalan,CWC,9,Uttar Pradesh,159,Lakhimpur Kheri,-,-,-,Ganga,Ganga,Ghaghra,Sharda,-,Sarda,28.38500000,80.55333333,04-04-2026 21:30,130
1466,Paliakalan,CWC,9,Uttar Pradesh,159,Lakhimpur Kheri,-,-,-,Ganga,Ganga,Ghaghra,Sharda,-,Sarda,28.38500000,80.55333333,05-04-2026 04:30,0.5
1467,Paliakalan,CWC,9,Uttar Pradesh,159,Lakhimpur Kheri,-,-,-,Ganga,Ganga,Ghaghra,Sharda,-,Sarda,28.38500000,80.55333333,05-04-2026 08:30,456
1468,Paliakalan,CWC,9,Uttar Pradesh,159,Lakhimpur Kheri,-,-,-,Ganga,Ganga,Ghaghra,Sharda,-,Sarda,28.38500000,80.55333333,05-04-2026 15:30,0.5
1469,Paliakalan,CWC,9,Uttar Pradesh,159,Lakhimpur Kheri,-,-,-,Ganga,Ganga,Ghaghra,Sharda,-,Sarda,28.38500000,80.55333333,05-04-2026 20:30,0.5
1470,Paliakalan,CWC,9,Uttar Pradesh,159,Lakhimpur Kheri,-,-,-,Ganga,Ganga,Ghaghra,Sharda,-,Sarda,28.38500000,80.55333333,05-04-2026 21:30,0.5
1471,Paliakalan,CWC,9,Uttar Pradesh,159,Lakhimpur Kheri,-,-,-,Ganga,Ganga,Ghaghra,Sharda,-,Sarda,28.38500000,80.55333333,05-04-2026 22:30,0.5
1472,Paliakalan,CWC,9,Uttar Pradesh,159,Lakhimpur Kheri,-,-,-,Ganga,Ganga,Ghaghra,Sharda,-,Sarda,28.38500000,80.55333333,06-04-2026 01:30,0.5
1473,Paliakalan,CWC,9,Uttar Pradesh,159,Lakhimpur Kheri,-,-,-,Ganga,Ganga,Ghaghra,Sharda,-,Sarda,28.38500000,80.55333333,06-04-2026 03:30,0.5
1474,Paliakalan,CWC,9,Uttar Pradesh,159,Lakhimpur Kheri,-,-,-,Ganga,Ganga,Ghaghra,Sharda,-,Sarda,28.38500000,80.55333333,06-04-2026 04:30,0.5
1475,Paliakalan,CWC,9,Uttar Pradesh,159,Lakhimpur Kheri,-,-,-,Ganga,Ganga,Ghaghra,Sharda,-,Sarda,28.38500000,80.55333333,06-04-2026 05:30,0.5
1476,Paliakalan,CWC,9,Uttar Pradesh,159,Lakhimpur Kheri,-,-,-,Ganga,Ganga,Ghaghra,Sharda,-,Sarda,28.38500000,80.55333333,06-04-2026 07:30,0.5
1477,Paliakalan,CWC,9,Uttar Pradesh,159,Lakhimpur Kheri,-,-,-,Ganga,Ganga,Ghaghra,Sharda,-,Sarda,28.38500000,80.55333333,06-04-2026 21:30,304.5
1478,Paliakalan,CWC,9,Uttar Pradesh,159,Lakhimpur Kheri,-,-,-,Ganga,Ganga,Ghaghra,Sharda,-,Sarda,28.38500000,80.55333333,07-04-2026 08:00,158
1479,Paliakalan,CWC,9,Uttar Pradesh,159,Lakhimpur Kheri,-,-,-,Ganga,Ganga,Ghaghra,Sharda,-,Sarda,28.38500000,80.55333333,07-04-2026 09:30,128
1480,Paliakalan,CWC,9,Uttar Pradesh,159,Lakhimpur Kheri,-,-,-,Ganga,Ganga,Ghaghra,Sharda,-,Sarda,28.38500000,80.55333333,07-04-2026 18:30,0.5
1481,Paliakalan,CWC,9,Uttar Pradesh,159,Lakhimpur Kheri,-,-,-,Ganga,Ganga,Ghaghra,Sharda,-,Sarda,28.38500000,80.55333333,08-04-2026 23:30,0.5
1482,Paliakalan,CWC,9,Uttar Pradesh,159,Lakhimpur Kheri,-,-,-,Ganga,Ganga,Ghaghra,Sharda,-,Sarda,28.38500000,80.55333333,09-04-2026 00:30,0.5
1483,Paliakalan,CWC,9,Uttar Pradesh,159,Lakhimpur Kheri,-,-,-,Ganga,Ganga,Ghaghra,Sharda,-,Sarda,28.38500000,80.55333333,09-04-2026 02:30,0.5
1484,Paliakalan,CWC,9,Uttar Pradesh,159,Lakhimpur Kheri,-,-,-,Ganga,Ganga,Ghaghra,Sharda,-,Sarda,28.38500000,80.55333333,09-04-2026 04:30,0.5
1485,Paliakalan,CWC,9,Uttar Pradesh,159,Lakhimpur Kheri,-,-,-,Ganga,Ganga,Ghaghra,Sharda,-,Sarda,28.38500000,80.55333333,09-04-2026 06:30,0.5
1486,Paliakalan,CWC,9,Uttar Pradesh,159,Lakhimpur Kheri,-,-,-,Ganga,Ganga,Ghaghra,Sharda,-,Sarda,28.38500000,80.55333333,10-04-2026 09:00,109
1487,Paliakalan,CWC,9,Uttar Pradesh,159,Lakhimpur Kheri,-,-,-,Ganga,Ganga,Ghaghra,Sharda,-,Sarda,28.38500000,80.55333333,10-04-2026 10:00,144.5
1488,Paliakalan,CWC,9,Uttar Pradesh,159,Lakhimpur Kheri,-,-,-,Ganga,Ganga,Ghaghra,Sharda,-,Sarda,28.38500000,80.55333333,10-04-2026 14:30,1.5
1489,Paliakalan,CWC,9,Uttar Pradesh,159,Lakhimpur Kheri,-,-,-,Ganga,Ganga,Ghaghra,Sharda,-,Sarda,28.38500000,80.55333333,11-04-2026 08:30,395.5
1490,Paliakalan,CWC,9,Uttar Pradesh,159,Lakhimpur Kheri,-,-,-,Ganga,Ganga,Ghaghra,Sharda,-,Sarda,28.38500000,80.55333333,11-04-2026 11:30,5
1491,Paliakalan,CWC,9,Uttar Pradesh,159,Lakhimpur Kheri,-,-,-,Ganga,Ganga,Ghaghra,Sharda,-,Sarda,28.38500000,80.55333333,14-04-2026 08:30,0.5
1492,Paliakalan,CWC,9,Uttar Pradesh,159,Lakhimpur Kheri,-,-,-,Ganga,Ganga,Ghaghra,Sharda,-,Sarda,28.38500000,80.55333333,14-04-2026 12:30,144
1493,Paliakalan,CWC,9,Uttar Pradesh,159,Lakhimpur Kheri,-,-,-,Ganga,Ganga,Ghaghra,Sharda,-,Sarda,28.38500000,80.55333333,20-04-2026 12:30,257
1494,Paliakalan,CWC,9,Uttar Pradesh,159,Lakhimpur Kheri,-,-,-,Ganga,Ganga,Ghaghra,Sharda,-,Sarda,28.38500000,80.55333333,22-04-2026 11:30,304.5
1495,Paliakalan,CWC,9,Uttar Pradesh,159,Lakhimpur Kheri,-,-,-,Ganga,Ganga,Ghaghra,Sharda,-,Sarda,28.38500000,80.55333333,22-04-2026 12:30,2
1496,Paliakalan,CWC,9,Uttar Pradesh,159,Lakhimpur Kheri,-,-,-,Ganga,Ganga,Ghaghra,Sharda,-,Sarda,28.38500000,80.55333333,24-04-2026 08:30,80
1497,Paliakalan,CWC,9,Uttar Pradesh,159,Lakhimpur Kheri,-,-,-,Ganga,Ganga,Ghaghra,Sharda,-,Sarda,28.38500000,80.55333333,30-04-2026 01:30,208
1498,Paliakalan,CWC,9,Uttar Pradesh,159,Lakhimpur Kheri,-,-,-,Ganga,Ganga,Ghaghra,Sharda,-,Sarda,28.38500000,80.55333333,02-05-2026 20:30,0.5
1499,Paliakalan,CWC,9,Uttar Pradesh,159,Lakhimpur Kheri,-,-,-,Ganga,Ganga,Ghaghra,Sharda,-,Sarda,28.38500000,80.55333333,02-05-2026 21:30,0.5
1500,Paliakalan,CWC,9,Uttar Pradesh,159,Lakhimpur Kheri,-,-,-,Ganga,Ganga,Ghaghra,Sharda,-,Sarda,28.38500000,80.55333333,03-05-2026 00:30,0.5
1501,Paliakalan,CWC,9,Uttar Pradesh,159,Lakhimpur Kheri,-,-,-,Ganga,Ganga,Ghaghra,Sharda,-,Sarda,28.38500000,80.55333333,03-05-2026 03:30,0.5
1502,Paliakalan,CWC,9,Uttar Pradesh,159,Lakhimpur Kheri,-,-,-,Ganga,Ganga,Ghaghra,Sharda,-,Sarda,28.38500000,80.55333333,10-05-2026 09:30,259.5
1503,Paliakalan,CWC,9,Uttar Pradesh,159,Lakhimpur Kheri,-,-,-,Ganga,Ganga,Ghaghra,Sharda,-,Sarda,28.38500000,80.55333333,10-05-2026 10:30,0.5
1504,Paliakalan,CWC,9,Uttar Pradesh,159,Lakhimpur Kheri,-,-,-,Ganga,Ganga,Ghaghra,Sharda,-,Sarda,28.38500000,80.55333333,11-05-2026 08:00,501.5
1505,Paliakalan,CWC,9,Uttar Pradesh,159,Lakhimpur Kheri,-,-,-,Ganga,Ganga,Ghaghra,Sharda,-,Sarda,28.38500000,80.55333333,11-05-2026 09:00,223
1506,Paliakalan,CWC,9,Uttar Pradesh,159,Lakhimpur Kheri,-,-,-,Ganga,Ganga,Ghaghra,Sharda,-,Sarda,28.38500000,80.55333333,11-05-2026 15:30,0.5
1507,Paliakalan,CWC,9,Uttar Pradesh,159,Lakhimpur Kheri,-,-,-,Ganga,Ganga,Ghaghra,Sharda,-,Sarda,28.38500000,80.55333333,11-05-2026 16:30,0.5
1508,Paliakalan,CWC,9,Uttar Pradesh,159,Lakhimpur Kheri,-,-,-,Ganga,Ganga,Ghaghra,Sharda,-,Sarda,28.38500000,80.55333333,11-05-2026 18:30,1
1509,Paliakalan,CWC,9,Uttar Pradesh,159,Lakhimpur Kheri,-,-,-,Ganga,Ganga,Ghaghra,Sharda,-,Sarda,28.38500000,80.55333333,11-05-2026 20:30,0.5
1510,Paliakalan,CWC,9,Uttar Pradesh,159,Lakhimpur Kheri,-,-,-,Ganga,Ganga,Ghaghra,Sharda,-,Sarda,28.38500000,80.55333333,11-05-2026 21:30,0.5
1511,Paliakalan,CWC,9,Uttar Pradesh,159,Lakhimpur Kheri,-,-,-,Ganga,Ganga,Ghaghra,Sharda,-,Sarda,28.38500000,80.55333333,12-05-2026 01:30,5
1512,Paliakalan,CWC,9,Uttar Pradesh,159,Lakhimpur Kheri,-,-,-,Ganga,Ganga,Ghaghra,Sharda,-,Sarda,28.38500000,80.55333333,12-05-2026 02:30,1
1513,Paliakalan,CWC,9,Uttar Pradesh,159,Lakhimpur Kheri,-,-,-,Ganga,Ganga,Ghaghra,Sharda,-,Sarda,28.38500000,80.55333333,12-05-2026 03:30,0.5
1514,Paliakalan,CWC,9,Uttar Pradesh,159,Lakhimpur Kheri,-,-,-,Ganga,Ganga,Ghaghra,Sharda,-,Sarda,28.38500000,80.55333333,12-05-2026 04:30,7
1515,Paliakalan,CWC,9,Uttar Pradesh,159,Lakhimpur Kheri,-,-,-,Ganga,Ganga,Ghaghra,Sharda,-,Sarda,28.38500000,80.55333333,12-05-2026 05:30,0.5
1516,Paliakalan,CWC,9,Uttar Pradesh,159,Lakhimpur Kheri,-,-,-,Ganga,Ganga,Ghaghra,Sharda,-,Sarda,28.38500000,80.55333333,12-05-2026 08:30,1
1517,Paliakalan,CWC,9,Uttar Pradesh,159,Lakhimpur Kheri,-,-,-,Ganga,Ganga,Ghaghra,Sharda,-,Sarda,28.38500000,80.55333333,12-05-2026 09:30,1
1518,Paliakalan,CWC,9,Uttar Pradesh,159,Lakhimpur Kheri,-,-,-,Ganga,Ganga,Ghaghra,Sharda,-,Sarda,28.38500000,80.55333333,12-05-2026 14:30,6.5
1519,Paliakalan,CWC,9,Uttar Pradesh,159,Lakhimpur Kheri,-,-,-,Ganga,Ganga,Ghaghra,Sharda,-,Sarda,28.38500000,80.55333333,12-05-2026 15:30,1
1520,Paliakalan,CWC,9,Uttar Pradesh,159,Lakhimpur Kheri,-,-,-,Ganga,Ganga,Ghaghra,Sharda,-,Sarda,28.38500000,80.55333333,12-05-2026 17:30,9
1521,Paliakalan,CWC,9,Uttar Pradesh,159,Lakhimpur Kheri,-,-,-,Ganga,Ganga,Ghaghra,Sharda,-,Sarda,28.38500000,80.55333333,12-05-2026 18:30,9.5
1522,Paliakalan,CWC,9,Uttar Pradesh,159,Lakhimpur Kheri,-,-,-,Ganga,Ganga,Ghaghra,Sharda,-,Sarda,28.38500000,80.55333333,12-05-2026 19:30,0.5
1523,Paliakalan,CWC,9,Uttar Pradesh,159,Lakhimpur Kheri,-,-,-,Ganga,Ganga,Ghaghra,Sharda,-,Sarda,28.38500000,80.55333333,12-05-2026 21:30,9.5
1524,Paliakalan,CWC,9,Uttar Pradesh,159,Lakhimpur Kheri,-,-,-,Ganga,Ganga,Ghaghra,Sharda,-,Sarda,28.38500000,80.55333333,12-05-2026 22:30,9.5
1525,Paliakalan,CWC,9,Uttar Pradesh,159,Lakhimpur Kheri,-,-,-,Ganga,Ganga,Ghaghra,Sharda,-,Sarda,28.38500000,80.55333333,13-05-2026 02:30,9.5
1526,Paliakalan,CWC,9,Uttar Pradesh,159,Lakhimpur Kheri,-,-,-,Ganga,Ganga,Ghaghra,Sharda,-,Sarda,28.38500000,80.55333333,13-05-2026 04:30,9.5
1527,Paliakalan,CWC,9,Uttar Pradesh,159,Lakhimpur Kheri,-,-,-,Ganga,Ganga,Ghaghra,Sharda,-,Sarda,28.38500000,80.55333333,13-05-2026 07:30,9.5
1528,Paliakalan,CWC,9,Uttar Pradesh,159,Lakhimpur Kheri,-,-,-,Ganga,Ganga,Ghaghra,Sharda,-,Sarda,28.38500000,80.55333333,16-05-2026 09:30,6
1529,Paliakalan,CWC,9,Uttar Pradesh,159,Lakhimpur Kheri,-,-,-,Ganga,Ganga,Ghaghra,Sharda,-,Sarda,28.38500000,80.55333333,23-05-2026 16:30,0.5
1530,Paliakalan,CWC,9,Uttar Pradesh,159,Lakhimpur Kheri,-,-,-,Ganga,Ganga,Ghaghra,Sharda,-,Sarda,28.38500000,80.55333333,30-05-2026 22:30,0.5
1531,Paliakalan,CWC,9,Uttar Pradesh,159,Lakhimpur Kheri,-,-,-,Ganga,Ganga,Ghaghra,Sharda,-,Sarda,28.38500000,80.55333333,31-05-2026 00:30,0.5
1532,Paliakalan,CWC,9,Uttar Pradesh,159,Lakhimpur Kheri,-,-,-,Ganga,Ganga,Ghaghra,Sharda,-,Sarda,28.38500000,80.55333333,31-05-2026 04:30,0.5
1533,Paliakalan,CWC,9,Uttar Pradesh,159,Lakhimpur Kheri,-,-,-,Ganga,Ganga,Ghaghra,Sharda,-,Sarda,28.38500000,80.55333333,31-05-2026 05:30,0.5
1534,Paliakalan,CWC,9,Uttar Pradesh,159,Lakhimpur Kheri,-,-,-,Ganga,Ganga,Ghaghra,Sharda,-,Sarda,28.38500000,80.55333333,31-05-2026 06:30,0.5
1535,Paliakalan,CWC,9,Uttar Pradesh,159,Lakhimpur Kheri,-,-,-,Ganga,Ganga,Ghaghra,Sharda,-,Sarda,28.38500000,80.55333333,31-05-2026 07:30,0.5
1536,Paliakalan,CWC,9,Uttar Pradesh,159,Lakhimpur Kheri,-,-,-,Ganga,Ganga,Ghaghra,Sharda,-,Sarda,28.38500000,80.55333333,31-05-2026 16:30,1
1537,PRATAPPUR,CWC,9,Uttar Pradesh,120,PRAYGRAJ,PRAYGRAJ,-,-,Ganga,Ganga,Yamuna,-,-,Yamuna,25.29944444,81.56555556,02-02-2026 00:00,213.5
1538,PRATAPPUR,CWC,9,Uttar Pradesh,120,PRAYGRAJ,PRAYGRAJ,-,-,Ganga,Ganga,Yamuna,-,-,Yamuna,25.29944444,81.56555556,04-02-2026 10:00,0.5
1539,PRATAPPUR,CWC,9,Uttar Pradesh,120,PRAYGRAJ,PRAYGRAJ,-,-,Ganga,Ganga,Yamuna,-,-,Yamuna,25.29944444,81.56555556,04-02-2026 11:00,0.5
1540,PRATAPPUR,CWC,9,Uttar Pradesh,120,PRAYGRAJ,PRAYGRAJ,-,-,Ganga,Ganga,Yamuna,-,-,Yamuna,25.29944444,81.56555556,10-02-2026 04:00,80
1541,Raibereli,CWC,9,Uttar Pradesh,175,Raibareli,RAHI,-,-,-,Ganga,-,-,-,-,26.25000000,81.25000000,01-01-2026 03:00,NaN
1542,Raibereli,CWC,9,Uttar Pradesh,175,Raibareli,RAHI,-,-,-,Ganga,-,-,-,-,26.25000000,81.25000000,01-01-2026 04:00,NaN
1543,Raibereli,CWC,9,Uttar Pradesh,175,Raibareli,RAHI,-,-,-,Ganga,-,-,-,-,26.25000000,81.25000000,01-01-2026 05:00,NaN
1544,Raibereli,CWC,9,Uttar Pradesh,175,Raibareli,RAHI,-,-,-,Ganga,-,-,-,-,26.25000000,81.25000000,01-01-2026 06:00,NaN
1545,Raibereli,CWC,9,Uttar Pradesh,175,Raibareli,RAHI,-,-,-,Ganga,-,-,-,-,26.25000000,81.25000000,01-01-2026 07:00,NaN
1546,Raibereli,CWC,9,Uttar Pradesh,175,Raibareli,RAHI,-,-,-,Ganga,-,-,-,-,26.25000000,81.25000000,01-01-2026 09:00,NaN
1547,Raibereli,CWC,9,Uttar Pradesh,175,Raibareli,RAHI,-,-,-,Ganga,-,-,-,-,26.25000000,81.25000000,01-01-2026 10:30,NaN
1548,Raibereli,CWC,9,Uttar Pradesh,175,Raibareli,RAHI,-,-,-,Ganga,-,-,-,-,26.25000000,81.25000000,04-01-2026 03:00,NaN
1549,Raibereli,CWC,9,Uttar Pradesh,175,Raibareli,RAHI,-,-,-,Ganga,-,-,-,-,26.25000000,81.25000000,04-01-2026 04:00,NaN
1550,Raibereli,CWC,9,Uttar Pradesh,175,Raibareli,RAHI,-,-,-,Ganga,-,-,-,-,26.25000000,81.25000000,04-01-2026 05:00,NaN
1551,Raibereli,CWC,9,Uttar Pradesh,175,Raibareli,RAHI,-,-,-,Ganga,-,-,-,-,26.25000000,81.25000000,04-01-2026 06:00,NaN
1552,Raibereli,CWC,9,Uttar Pradesh,175,Raibareli,RAHI,-,-,-,Ganga,-,-,-,-,26.25000000,81.25000000,04-01-2026 07:00,NaN
1553,Raibereli,CWC,9,Uttar Pradesh,175,Raibareli,RAHI,-,-,-,Ganga,-,-,-,-,26.25000000,81.25000000,04-01-2026 08:00,NaN
1554,Raibereli,CWC,9,Uttar Pradesh,175,Raibareli,RAHI,-,-,-,Ganga,-,-,-,-,26.25000000,81.25000000,04-01-2026 09:00,NaN
1555,Raibereli,CWC,9,Uttar Pradesh,175,Raibareli,RAHI,-,-,-,Ganga,-,-,-,-,26.25000000,81.25000000,04-01-2026 10:00,NaN
1556,Raibereli,CWC,9,Uttar Pradesh,175,Raibareli,RAHI,-,-,-,Ganga,-,-,-,-,26.25000000,81.25000000,04-01-2026 11:00,NaN
1557,Raibereli,CWC,9,Uttar Pradesh,175,Raibareli,RAHI,-,-,-,Ganga,-,-,-,-,26.25000000,81.25000000,05-01-2026 03:00,NaN
1558,Raibereli,CWC,9,Uttar Pradesh,175,Raibareli,RAHI,-,-,-,Ganga,-,-,-,-,26.25000000,81.25000000,05-01-2026 04:00,NaN
1559,Raibereli,CWC,9,Uttar Pradesh,175,Raibareli,RAHI,-,-,-,Ganga,-,-,-,-,26.25000000,81.25000000,05-01-2026 05:00,NaN
1560,Raibereli,CWC,9,Uttar Pradesh,175,Raibareli,RAHI,-,-,-,Ganga,-,-,-,-,26.25000000,81.25000000,05-01-2026 06:00,NaN
1561,Raibereli,CWC,9,Uttar Pradesh,175,Raibareli,RAHI,-,-,-,Ganga,-,-,-,-,26.25000000,81.25000000,05-01-2026 07:00,NaN
1562,Raibereli,CWC,9,Uttar Pradesh,175,Raibareli,RAHI,-,-,-,Ganga,-,-,-,-,26.25000000,81.25000000,07-01-2026 04:00,NaN
1563,Raibereli,CWC,9,Uttar Pradesh,175,Raibareli,RAHI,-,-,-,Ganga,-,-,-,-,26.25000000,81.25000000,07-01-2026 05:00,NaN
1564,Raibereli,CWC,9,Uttar Pradesh,175,Raibareli,RAHI,-,-,-,Ganga,-,-,-,-,26.25000000,81.25000000,07-01-2026 10:00,NaN
1565,Raibereli,CWC,9,Uttar Pradesh,175,Raibareli,RAHI,-,-,-,Ganga,-,-,-,-,26.25000000,81.25000000,08-01-2026 07:00,NaN
1566,Raibereli,CWC,9,Uttar Pradesh,175,Raibareli,RAHI,-,-,-,Ganga,-,-,-,-,26.25000000,81.25000000,09-01-2026 04:00,NaN
1567,Raibereli,CWC,9,Uttar Pradesh,175,Raibareli,RAHI,-,-,-,Ganga,-,-,-,-,26.25000000,81.25000000,09-01-2026 05:00,NaN
1568,Raibereli,CWC,9,Uttar Pradesh,175,Raibareli,RAHI,-,-,-,Ganga,-,-,-,-,26.25000000,81.25000000,09-01-2026 06:00,NaN
1569,Raibereli,CWC,9,Uttar Pradesh,175,Raibareli,RAHI,-,-,-,Ganga,-,-,-,-,26.25000000,81.25000000,09-01-2026 07:00,NaN
1570,Raibereli,CWC,9,Uttar Pradesh,175,Raibareli,RAHI,-,-,-,Ganga,-,-,-,-,26.25000000,81.25000000,09-01-2026 08:00,NaN
1571,Raibereli,CWC,9,Uttar Pradesh,175,Raibareli,RAHI,-,-,-,Ganga,-,-,-,-,26.25000000,81.25000000,09-01-2026 09:00,NaN
1572,Raibereli,CWC,9,Uttar Pradesh,175,Raibareli,RAHI,-,-,-,Ganga,-,-,-,-,26.25000000,81.25000000,10-01-2026 03:00,NaN
1573,Raibereli,CWC,9,Uttar Pradesh,175,Raibareli,RAHI,-,-,-,Ganga,-,-,-,-,26.25000000,81.25000000,10-01-2026 04:00,NaN
1574,Raibereli,CWC,9,Uttar Pradesh,175,Raibareli,RAHI,-,-,-,Ganga,-,-,-,-,26.25000000,81.25000000,10-01-2026 05:00,NaN
1575,Raibereli,CWC,9,Uttar Pradesh,175,Raibareli,RAHI,-,-,-,Ganga,-,-,-,-,26.25000000,81.25000000,10-01-2026 06:00,NaN
1576,Raibereli,CWC,9,Uttar Pradesh,175,Raibareli,RAHI,-,-,-,Ganga,-,-,-,-,26.25000000,81.25000000,10-01-2026 10:00,NaN
1577,Raibereli,CWC,9,Uttar Pradesh,175,Raibareli,RAHI,-,-,-,Ganga,-,-,-,-,26.25000000,81.25000000,11-01-2026 03:00,NaN
1578,Raibereli,CWC,9,Uttar Pradesh,175,Raibareli,RAHI,-,-,-,Ganga,-,-,-,-,26.25000000,81.25000000,11-01-2026 04:00,NaN
1579,Raibereli,CWC,9,Uttar Pradesh,175,Raibareli,RAHI,-,-,-,Ganga,-,-,-,-,26.25000000,81.25000000,13-01-2026 03:00,NaN
1580,Raibereli,CWC,9,Uttar Pradesh,175,Raibareli,RAHI,-,-,-,Ganga,-,-,-,-,26.25000000,81.25000000,17-01-2026 04:00,NaN
1581,Raibereli,CWC,9,Uttar Pradesh,175,Raibareli,RAHI,-,-,-,Ganga,-,-,-,-,26.25000000,81.25000000,17-01-2026 05:00,NaN
1582,Raibereli,CWC,9,Uttar Pradesh,175,Raibareli,RAHI,-,-,-,Ganga,-,-,-,-,26.25000000,81.25000000,17-01-2026 06:00,NaN
1583,Raibereli,CWC,9,Uttar Pradesh,175,Raibareli,RAHI,-,-,-,Ganga,-,-,-,-,26.25000000,81.25000000,01-02-2026 04:00,NaN
1584,Raibereli,CWC,9,Uttar Pradesh,175,Raibareli,RAHI,-,-,-,Ganga,-,-,-,-,26.25000000,81.25000000,02-02-2026 04:00,NaN
1585,Raibereli,CWC,9,Uttar Pradesh,175,Raibareli,RAHI,-,-,-,Ganga,-,-,-,-,26.25000000,81.25000000,03-02-2026 03:00,NaN
1586,Raibereli,CWC,9,Uttar Pradesh,175,Raibareli,RAHI,-,-,-,Ganga,-,-,-,-,26.25000000,81.25000000,28-03-2026 03:00,NaN
1587,Raibereli,CWC,9,Uttar Pradesh,175,Raibareli,RAHI,-,-,-,Ganga,-,-,-,-,26.25000000,81.25000000,28-03-2026 04:00,NaN
1588,Raibereli,CWC,9,Uttar Pradesh,175,Raibareli,RAHI,-,-,-,Ganga,-,-,-,-,26.25000000,81.25000000,05-04-2026 02:00,NaN
1589,Raibereli,CWC,9,Uttar Pradesh,175,Raibareli,RAHI,-,-,-,Ganga,-,-,-,-,26.25000000,81.25000000,05-04-2026 03:00,NaN
1590,Raibereli,CWC,9,Uttar Pradesh,175,Raibareli,RAHI,-,-,-,Ganga,-,-,-,-,26.25000000,81.25000000,05-04-2026 04:00,NaN
1591,Raibereli,CWC,9,Uttar Pradesh,175,Raibareli,RAHI,-,-,-,Ganga,-,-,-,-,26.25000000,81.25000000,05-04-2026 05:00,NaN
1592,Raibereli,CWC,9,Uttar Pradesh,175,Raibareli,RAHI,-,-,-,Ganga,-,-,-,-,26.25000000,81.25000000,05-04-2026 06:00,NaN
1593,Raibereli,CWC,9,Uttar Pradesh,175,Raibareli,RAHI,-,-,-,Ganga,-,-,-,-,26.25000000,81.25000000,05-04-2026 07:00,NaN
1594,Raibereli,CWC,9,Uttar Pradesh,175,Raibareli,RAHI,-,-,-,Ganga,-,-,-,-,26.25000000,81.25000000,05-04-2026 08:00,NaN
1595,Raibereli,CWC,9,Uttar Pradesh,175,Raibareli,RAHI,-,-,-,Ganga,-,-,-,-,26.25000000,81.25000000,05-04-2026 09:00,NaN
1596,Raibereli,CWC,9,Uttar Pradesh,175,Raibareli,RAHI,-,-,-,Ganga,-,-,-,-,26.25000000,81.25000000,05-04-2026 10:00,NaN
1597,Raibereli,CWC,9,Uttar Pradesh,175,Raibareli,RAHI,-,-,-,Ganga,-,-,-,-,26.25000000,81.25000000,05-04-2026 11:00,NaN
1598,Raibereli,CWC,9,Uttar Pradesh,175,Raibareli,RAHI,-,-,-,Ganga,-,-,-,-,26.25000000,81.25000000,06-04-2026 02:00,NaN
1599,Raibereli,CWC,9,Uttar Pradesh,175,Raibareli,RAHI,-,-,-,Ganga,-,-,-,-,26.25000000,81.25000000,06-04-2026 03:00,NaN
1600,Raibereli,CWC,9,Uttar Pradesh,175,Raibareli,RAHI,-,-,-,Ganga,-,-,-,-,26.25000000,81.25000000,06-04-2026 04:00,NaN
1601,Raibereli,CWC,9,Uttar Pradesh,175,Raibareli,RAHI,-,-,-,Ganga,-,-,-,-,26.25000000,81.25000000,06-04-2026 08:00,NaN
1602,Raibereli,CWC,9,Uttar Pradesh,175,Raibareli,RAHI,-,-,-,Ganga,-,-,-,-,26.25000000,81.25000000,06-04-2026 11:00,NaN
1603,Raibereli,CWC,9,Uttar Pradesh,175,Raibareli,RAHI,-,-,-,Ganga,-,-,-,-,26.25000000,81.25000000,06-04-2026 12:00,NaN
1604,Raibereli,CWC,9,Uttar Pradesh,175,Raibareli,RAHI,-,-,-,Ganga,-,-,-,-,26.25000000,81.25000000,06-04-2026 13:00,NaN
1605,Raibereli,CWC,9,Uttar Pradesh,175,Raibareli,RAHI,-,-,-,Ganga,-,-,-,-,26.25000000,81.25000000,07-04-2026 02:00,NaN
1606,Raibereli,CWC,9,Uttar Pradesh,175,Raibareli,RAHI,-,-,-,Ganga,-,-,-,-,26.25000000,81.25000000,07-04-2026 03:00,NaN
1607,Raibereli,CWC,9,Uttar Pradesh,175,Raibareli,RAHI,-,-,-,Ganga,-,-,-,-,26.25000000,81.25000000,07-04-2026 06:00,NaN
1608,Raibereli,CWC,9,Uttar Pradesh,175,Raibareli,RAHI,-,-,-,Ganga,-,-,-,-,26.25000000,81.25000000,07-04-2026 07:00,NaN
1609,Raibereli,CWC,9,Uttar Pradesh,175,Raibareli,RAHI,-,-,-,Ganga,-,-,-,-,26.25000000,81.25000000,07-04-2026 08:00,NaN
1610,Raibereli,CWC,9,Uttar Pradesh,175,Raibareli,RAHI,-,-,-,Ganga,-,-,-,-,26.25000000,81.25000000,07-04-2026 12:00,NaN
1611,Raibereli,CWC,9,Uttar Pradesh,175,Raibareli,RAHI,-,-,-,Ganga,-,-,-,-,26.25000000,81.25000000,07-04-2026 13:00,NaN
1612,Raibereli,CWC,9,Uttar Pradesh,175,Raibareli,RAHI,-,-,-,Ganga,-,-,-,-,26.25000000,81.25000000,08-04-2026 01:00,NaN
1613,Raibereli,CWC,9,Uttar Pradesh,175,Raibareli,RAHI,-,-,-,Ganga,-,-,-,-,26.25000000,81.25000000,08-04-2026 02:00,NaN
1614,Raibereli,CWC,9,Uttar Pradesh,175,Raibareli,RAHI,-,-,-,Ganga,-,-,-,-,26.25000000,81.25000000,08-04-2026 03:00,NaN
1615,Raibereli,CWC,9,Uttar Pradesh,175,Raibareli,RAHI,-,-,-,Ganga,-,-,-,-,26.25000000,81.25000000,08-04-2026 04:00,NaN
1616,Raibereli,CWC,9,Uttar Pradesh,175,Raibareli,RAHI,-,-,-,Ganga,-,-,-,-,26.25000000,81.25000000,08-04-2026 05:00,NaN
1617,Raibereli,CWC,9,Uttar Pradesh,175,Raibareli,RAHI,-,-,-,Ganga,-,-,-,-,26.25000000,81.25000000,08-04-2026 06:00,NaN
1618,Raibereli,CWC,9,Uttar Pradesh,175,Raibareli,RAHI,-,-,-,Ganga,-,-,-,-,26.25000000,81.25000000,08-04-2026 07:00,NaN
1619,Raibereli,CWC,9,Uttar Pradesh,175,Raibareli,RAHI,-,-,-,Ganga,-,-,-,-,26.25000000,81.25000000,08-04-2026 10:00,NaN
1620,Raibereli,CWC,9,Uttar Pradesh,175,Raibareli,RAHI,-,-,-,Ganga,-,-,-,-,26.25000000,81.25000000,08-04-2026 11:00,NaN
1621,Raibereli,CWC,9,Uttar Pradesh,175,Raibareli,RAHI,-,-,-,Ganga,-,-,-,-,26.25000000,81.25000000,08-04-2026 12:00,NaN
1622,Raibereli,CWC,9,Uttar Pradesh,175,Raibareli,RAHI,-,-,-,Ganga,-,-,-,-,26.25000000,81.25000000,08-04-2026 13:00,NaN
1623,Raibereli,CWC,9,Uttar Pradesh,175,Raibareli,RAHI,-,-,-,Ganga,-,-,-,-,26.25000000,81.25000000,09-04-2026 02:00,NaN
1624,Raibereli,CWC,9,Uttar Pradesh,175,Raibareli,RAHI,-,-,-,Ganga,-,-,-,-,26.25000000,81.25000000,09-04-2026 03:00,NaN
1625,Raibereli,CWC,9,Uttar Pradesh,175,Raibareli,RAHI,-,-,-,Ganga,-,-,-,-,26.25000000,81.25000000,09-04-2026 12:00,NaN
1626,Raibereli,CWC,9,Uttar Pradesh,175,Raibareli,RAHI,-,-,-,Ganga,-,-,-,-,26.25000000,81.25000000,09-04-2026 13:00,NaN
1627,Raibereli,CWC,9,Uttar Pradesh,175,Raibareli,RAHI,-,-,-,Ganga,-,-,-,-,26.25000000,81.25000000,10-04-2026 02:00,NaN
1628,Raibereli,CWC,9,Uttar Pradesh,175,Raibareli,RAHI,-,-,-,Ganga,-,-,-,-,26.25000000,81.25000000,10-04-2026 04:00,NaN
1629,Raibereli,CWC,9,Uttar Pradesh,175,Raibareli,RAHI,-,-,-,Ganga,-,-,-,-,26.25000000,81.25000000,10-04-2026 05:00,NaN
1630,Raibereli,CWC,9,Uttar Pradesh,175,Raibareli,RAHI,-,-,-,Ganga,-,-,-,-,26.25000000,81.25000000,10-04-2026 08:00,NaN
1631,Raibereli,CWC,9,Uttar Pradesh,175,Raibareli,RAHI,-,-,-,Ganga,-,-,-,-,26.25000000,81.25000000,10-04-2026 09:00,NaN
1632,Raibereli,CWC,9,Uttar Pradesh,175,Raibareli,RAHI,-,-,-,Ganga,-,-,-,-,26.25000000,81.25000000,11-04-2026 03:00,NaN
1633,Raibereli,CWC,9,Uttar Pradesh,175,Raibareli,RAHI,-,-,-,Ganga,-,-,-,-,26.25000000,81.25000000,11-04-2026 04:00,NaN
1634,Raibereli,CWC,9,Uttar Pradesh,175,Raibareli,RAHI,-,-,-,Ganga,-,-,-,-,26.25000000,81.25000000,11-04-2026 05:00,NaN
1635,Raibereli,CWC,9,Uttar Pradesh,175,Raibareli,RAHI,-,-,-,Ganga,-,-,-,-,26.25000000,81.25000000,11-04-2026 06:00,NaN
1636,Raibereli,CWC,9,Uttar Pradesh,175,Raibareli,RAHI,-,-,-,Ganga,-,-,-,-,26.25000000,81.25000000,11-04-2026 07:00,NaN
1637,Raibereli,CWC,9,Uttar Pradesh,175,Raibareli,RAHI,-,-,-,Ganga,-,-,-,-,26.25000000,81.25000000,11-04-2026 08:00,NaN
1638,Raibereli,CWC,9,Uttar Pradesh,175,Raibareli,RAHI,-,-,-,Ganga,-,-,-,-,26.25000000,81.25000000,11-04-2026 11:00,NaN
1639,Raibereli,CWC,9,Uttar Pradesh,175,Raibareli,RAHI,-,-,-,Ganga,-,-,-,-,26.25000000,81.25000000,11-04-2026 12:00,NaN
1640,Raibereli,CWC,9,Uttar Pradesh,175,Raibareli,RAHI,-,-,-,Ganga,-,-,-,-,26.25000000,81.25000000,13-04-2026 08:00,NaN
1641,Raibereli,CWC,9,Uttar Pradesh,175,Raibareli,RAHI,-,-,-,Ganga,-,-,-,-,26.25000000,81.25000000,13-04-2026 09:00,NaN
1642,Raibereli,CWC,9,Uttar Pradesh,175,Raibareli,RAHI,-,-,-,Ganga,-,-,-,-,26.25000000,81.25000000,14-04-2026 05:00,NaN
1643,Raibereli,CWC,9,Uttar Pradesh,175,Raibareli,RAHI,-,-,-,Ganga,-,-,-,-,26.25000000,81.25000000,14-04-2026 06:00,NaN
1644,Raibereli,CWC,9,Uttar Pradesh,175,Raibareli,RAHI,-,-,-,Ganga,-,-,-,-,26.25000000,81.25000000,14-04-2026 07:00,NaN
1645,Raibereli,CWC,9,Uttar Pradesh,175,Raibareli,RAHI,-,-,-,Ganga,-,-,-,-,26.25000000,81.25000000,14-04-2026 08:00,NaN
1646,Raibereli,CWC,9,Uttar Pradesh,175,Raibareli,RAHI,-,-,-,Ganga,-,-,-,-,26.25000000,81.25000000,16-04-2026 02:00,NaN
1647,Raibereli,CWC,9,Uttar Pradesh,175,Raibareli,RAHI,-,-,-,Ganga,-,-,-,-,26.25000000,81.25000000,16-04-2026 03:00,NaN
1648,Raibereli,CWC,9,Uttar Pradesh,175,Raibareli,RAHI,-,-,-,Ganga,-,-,-,-,26.25000000,81.25000000,16-04-2026 05:00,NaN
1649,Raibereli,CWC,9,Uttar Pradesh,175,Raibareli,RAHI,-,-,-,Ganga,-,-,-,-,26.25000000,81.25000000,16-04-2026 08:00,NaN
1650,Raibereli,CWC,9,Uttar Pradesh,175,Raibareli,RAHI,-,-,-,Ganga,-,-,-,-,26.25000000,81.25000000,16-04-2026 09:00,NaN
1651,Raibereli,CWC,9,Uttar Pradesh,175,Raibareli,RAHI,-,-,-,Ganga,-,-,-,-,26.25000000,81.25000000,16-04-2026 11:00,NaN
1652,Raibereli,CWC,9,Uttar Pradesh,175,Raibareli,RAHI,-,-,-,Ganga,-,-,-,-,26.25000000,81.25000000,16-04-2026 12:00,NaN
1653,Raibereli,CWC,9,Uttar Pradesh,175,Raibareli,RAHI,-,-,-,Ganga,-,-,-,-,26.25000000,81.25000000,17-04-2026 01:00,NaN
1654,Raibereli,CWC,9,Uttar Pradesh,175,Raibareli,RAHI,-,-,-,Ganga,-,-,-,-,26.25000000,81.25000000,17-04-2026 02:00,NaN
1655,Raibereli,CWC,9,Uttar Pradesh,175,Raibareli,RAHI,-,-,-,Ganga,-,-,-,-,26.25000000,81.25000000,17-04-2026 03:00,NaN
1656,Raibereli,CWC,9,Uttar Pradesh,175,Raibareli,RAHI,-,-,-,Ganga,-,-,-,-,26.25000000,81.25000000,17-04-2026 04:00,NaN
1657,Raibereli,CWC,9,Uttar Pradesh,175,Raibareli,RAHI,-,-,-,Ganga,-,-,-,-,26.25000000,81.25000000,17-04-2026 05:00,NaN
1658,Raibereli,CWC,9,Uttar Pradesh,175,Raibareli,RAHI,-,-,-,Ganga,-,-,-,-,26.25000000,81.25000000,17-04-2026 06:00,NaN
1659,Raibereli,CWC,9,Uttar Pradesh,175,Raibareli,RAHI,-,-,-,Ganga,-,-,-,-,26.25000000,81.25000000,17-04-2026 07:00,NaN
1660,Raibereli,CWC,9,Uttar Pradesh,175,Raibareli,RAHI,-,-,-,Ganga,-,-,-,-,26.25000000,81.25000000,17-04-2026 08:00,NaN
1661,Raibereli,CWC,9,Uttar Pradesh,175,Raibareli,RAHI,-,-,-,Ganga,-,-,-,-,26.25000000,81.25000000,17-04-2026 10:00,NaN
1662,Raibereli,CWC,9,Uttar Pradesh,175,Raibareli,RAHI,-,-,-,Ganga,-,-,-,-,26.25000000,81.25000000,17-04-2026 11:00,NaN
1663,Raibereli,CWC,9,Uttar Pradesh,175,Raibareli,RAHI,-,-,-,Ganga,-,-,-,-,26.25000000,81.25000000,18-04-2026 03:00,NaN
1664,Raibereli,CWC,9,Uttar Pradesh,175,Raibareli,RAHI,-,-,-,Ganga,-,-,-,-,26.25000000,81.25000000,18-04-2026 04:00,NaN
1665,Raibereli,CWC,9,Uttar Pradesh,175,Raibareli,RAHI,-,-,-,Ganga,-,-,-,-,26.25000000,81.25000000,18-04-2026 05:00,NaN
1666,Raibereli,CWC,9,Uttar Pradesh,175,Raibareli,RAHI,-,-,-,Ganga,-,-,-,-,26.25000000,81.25000000,18-04-2026 06:00,NaN
1667,Raibereli,CWC,9,Uttar Pradesh,175,Raibareli,RAHI,-,-,-,Ganga,-,-,-,-,26.25000000,81.25000000,18-04-2026 07:00,NaN
1668,Raibereli,CWC,9,Uttar Pradesh,175,Raibareli,RAHI,-,-,-,Ganga,-,-,-,-,26.25000000,81.25000000,18-04-2026 08:00,NaN
1669,Raibereli,CWC,9,Uttar Pradesh,175,Raibareli,RAHI,-,-,-,Ganga,-,-,-,-,26.25000000,81.25000000,18-04-2026 09:00,NaN
1670,Raibereli,CWC,9,Uttar Pradesh,175,Raibareli,RAHI,-,-,-,Ganga,-,-,-,-,26.25000000,81.25000000,18-04-2026 10:00,NaN
1671,Raibereli,CWC,9,Uttar Pradesh,175,Raibareli,RAHI,-,-,-,Ganga,-,-,-,-,26.25000000,81.25000000,18-04-2026 11:00,NaN
1672,Raibereli,CWC,9,Uttar Pradesh,175,Raibareli,RAHI,-,-,-,Ganga,-,-,-,-,26.25000000,81.25000000,18-04-2026 12:00,NaN
1673,Raibereli,CWC,9,Uttar Pradesh,175,Raibareli,RAHI,-,-,-,Ganga,-,-,-,-,26.25000000,81.25000000,20-04-2026 01:00,NaN
1674,Raibereli,CWC,9,Uttar Pradesh,175,Raibareli,RAHI,-,-,-,Ganga,-,-,-,-,26.25000000,81.25000000,20-04-2026 02:00,NaN
1675,Raibereli,CWC,9,Uttar Pradesh,175,Raibareli,RAHI,-,-,-,Ganga,-,-,-,-,26.25000000,81.25000000,20-04-2026 06:00,NaN
1676,Raibereli,CWC,9,Uttar Pradesh,175,Raibareli,RAHI,-,-,-,Ganga,-,-,-,-,26.25000000,81.25000000,20-04-2026 07:00,NaN
1677,Raibereli,CWC,9,Uttar Pradesh,175,Raibareli,RAHI,-,-,-,Ganga,-,-,-,-,26.25000000,81.25000000,20-04-2026 10:00,NaN
1678,Raibereli,CWC,9,Uttar Pradesh,175,Raibareli,RAHI,-,-,-,Ganga,-,-,-,-,26.25000000,81.25000000,20-04-2026 11:00,NaN
1679,Raibereli,CWC,9,Uttar Pradesh,175,Raibareli,RAHI,-,-,-,Ganga,-,-,-,-,26.25000000,81.25000000,21-04-2026 02:00,NaN
1680,Raibereli,CWC,9,Uttar Pradesh,175,Raibareli,RAHI,-,-,-,Ganga,-,-,-,-,26.25000000,81.25000000,21-04-2026 03:00,NaN
1681,Raibereli,CWC,9,Uttar Pradesh,175,Raibareli,RAHI,-,-,-,Ganga,-,-,-,-,26.25000000,81.25000000,21-04-2026 04:00,NaN
1682,Raibereli,CWC,9,Uttar Pradesh,175,Raibareli,RAHI,-,-,-,Ganga,-,-,-,-,26.25000000,81.25000000,21-04-2026 05:00,NaN
1683,Raibereli,CWC,9,Uttar Pradesh,175,Raibareli,RAHI,-,-,-,Ganga,-,-,-,-,26.25000000,81.25000000,21-04-2026 06:00,NaN
1684,Raibereli,CWC,9,Uttar Pradesh,175,Raibareli,RAHI,-,-,-,Ganga,-,-,-,-,26.25000000,81.25000000,21-04-2026 07:00,NaN
1685,Raibereli,CWC,9,Uttar Pradesh,175,Raibareli,RAHI,-,-,-,Ganga,-,-,-,-,26.25000000,81.25000000,21-04-2026 08:00,NaN
1686,Raibereli,CWC,9,Uttar Pradesh,175,Raibareli,RAHI,-,-,-,Ganga,-,-,-,-,26.25000000,81.25000000,21-04-2026 10:00,NaN
1687,Raibereli,CWC,9,Uttar Pradesh,175,Raibareli,RAHI,-,-,-,Ganga,-,-,-,-,26.25000000,81.25000000,21-04-2026 11:00,NaN
1688,Raibereli,CWC,9,Uttar Pradesh,175,Raibareli,RAHI,-,-,-,Ganga,-,-,-,-,26.25000000,81.25000000,21-04-2026 12:00,NaN
1689,Raibereli,CWC,9,Uttar Pradesh,175,Raibareli,RAHI,-,-,-,Ganga,-,-,-,-,26.25000000,81.25000000,21-04-2026 13:00,NaN
1690,Raibereli,CWC,9,Uttar Pradesh,175,Raibareli,RAHI,-,-,-,Ganga,-,-,-,-,26.25000000,81.25000000,22-04-2026 03:30,NaN
1691,Raibereli,CWC,9,Uttar Pradesh,175,Raibareli,RAHI,-,-,-,Ganga,-,-,-,-,26.25000000,81.25000000,22-04-2026 04:00,NaN
1692,Raibereli,CWC,9,Uttar Pradesh,175,Raibareli,RAHI,-,-,-,Ganga,-,-,-,-,26.25000000,81.25000000,22-04-2026 04:30,NaN
1693,Raibereli,CWC,9,Uttar Pradesh,175,Raibareli,RAHI,-,-,-,Ganga,-,-,-,-,26.25000000,81.25000000,22-04-2026 05:00,NaN
1694,Raibereli,CWC,9,Uttar Pradesh,175,Raibareli,RAHI,-,-,-,Ganga,-,-,-,-,26.25000000,81.25000000,22-04-2026 07:00,NaN
1695,Raibereli,CWC,9,Uttar Pradesh,175,Raibareli,RAHI,-,-,-,Ganga,-,-,-,-,26.25000000,81.25000000,22-04-2026 08:00,NaN
1696,Raibereli,CWC,9,Uttar Pradesh,175,Raibareli,RAHI,-,-,-,Ganga,-,-,-,-,26.25000000,81.25000000,22-04-2026 10:00,NaN
1697,Raibereli,CWC,9,Uttar Pradesh,175,Raibareli,RAHI,-,-,-,Ganga,-,-,-,-,26.25000000,81.25000000,22-04-2026 11:00,NaN
1698,Raibereli,CWC,9,Uttar Pradesh,175,Raibareli,RAHI,-,-,-,Ganga,-,-,-,-,26.25000000,81.25000000,22-04-2026 13:00,NaN
1699,Raibereli,CWC,9,Uttar Pradesh,175,Raibareli,RAHI,-,-,-,Ganga,-,-,-,-,26.25000000,81.25000000,22-04-2026 14:00,NaN
1700,Raibereli,CWC,9,Uttar Pradesh,175,Raibareli,RAHI,-,-,-,Ganga,-,-,-,-,26.25000000,81.25000000,23-04-2026 01:00,NaN
1701,Raibereli,CWC,9,Uttar Pradesh,175,Raibareli,RAHI,-,-,-,Ganga,-,-,-,-,26.25000000,81.25000000,23-04-2026 02:00,NaN
1702,Raibereli,CWC,9,Uttar Pradesh,175,Raibareli,RAHI,-,-,-,Ganga,-,-,-,-,26.25000000,81.25000000,23-04-2026 07:00,NaN
1703,Raibereli,CWC,9,Uttar Pradesh,175,Raibareli,RAHI,-,-,-,Ganga,-,-,-,-,26.25000000,81.25000000,23-04-2026 08:00,NaN
1704,Raibereli,CWC,9,Uttar Pradesh,175,Raibareli,RAHI,-,-,-,Ganga,-,-,-,-,26.25000000,81.25000000,23-04-2026 09:00,NaN
1705,Raibereli,CWC,9,Uttar Pradesh,175,Raibareli,RAHI,-,-,-,Ganga,-,-,-,-,26.25000000,81.25000000,23-04-2026 10:00,NaN
1706,Raibereli,CWC,9,Uttar Pradesh,175,Raibareli,RAHI,-,-,-,Ganga,-,-,-,-,26.25000000,81.25000000,23-04-2026 11:00,NaN
1707,Raibereli,CWC,9,Uttar Pradesh,175,Raibareli,RAHI,-,-,-,Ganga,-,-,-,-,26.25000000,81.25000000,24-04-2026 23:00,NaN
1708,Raibereli,CWC,9,Uttar Pradesh,175,Raibareli,RAHI,-,-,-,Ganga,-,-,-,-,26.25000000,81.25000000,25-04-2026 00:00,NaN
1709,Raibereli,CWC,9,Uttar Pradesh,175,Raibareli,RAHI,-,-,-,Ganga,-,-,-,-,26.25000000,81.25000000,25-04-2026 03:00,NaN
1710,Raibereli,CWC,9,Uttar Pradesh,175,Raibareli,RAHI,-,-,-,Ganga,-,-,-,-,26.25000000,81.25000000,25-04-2026 04:00,NaN
1711,Raibereli,CWC,9,Uttar Pradesh,175,Raibareli,RAHI,-,-,-,Ganga,-,-,-,-,26.25000000,81.25000000,25-04-2026 05:00,NaN
1712,Raibereli,CWC,9,Uttar Pradesh,175,Raibareli,RAHI,-,-,-,Ganga,-,-,-,-,26.25000000,81.25000000,25-04-2026 06:00,NaN
1713,Raibereli,CWC,9,Uttar Pradesh,175,Raibareli,RAHI,-,-,-,Ganga,-,-,-,-,26.25000000,81.25000000,25-04-2026 07:00,NaN
1714,Raibereli,CWC,9,Uttar Pradesh,175,Raibareli,RAHI,-,-,-,Ganga,-,-,-,-,26.25000000,81.25000000,25-04-2026 08:00,NaN
1715,Raibereli,CWC,9,Uttar Pradesh,175,Raibareli,RAHI,-,-,-,Ganga,-,-,-,-,26.25000000,81.25000000,25-04-2026 09:00,NaN
1716,Raibereli,CWC,9,Uttar Pradesh,175,Raibareli,RAHI,-,-,-,Ganga,-,-,-,-,26.25000000,81.25000000,25-04-2026 10:00,NaN
1717,Raibereli,CWC,9,Uttar Pradesh,175,Raibareli,RAHI,-,-,-,Ganga,-,-,-,-,26.25000000,81.25000000,27-04-2026 00:00,NaN
1718,Raibereli,CWC,9,Uttar Pradesh,175,Raibareli,RAHI,-,-,-,Ganga,-,-,-,-,26.25000000,81.25000000,27-04-2026 01:00,NaN
1719,Raibereli,CWC,9,Uttar Pradesh,175,Raibareli,RAHI,-,-,-,Ganga,-,-,-,-,26.25000000,81.25000000,27-04-2026 02:00,NaN
1720,Raibereli,CWC,9,Uttar Pradesh,175,Raibareli,RAHI,-,-,-,Ganga,-,-,-,-,26.25000000,81.25000000,27-04-2026 03:00,NaN
1721,Raibereli,CWC,9,Uttar Pradesh,175,Raibareli,RAHI,-,-,-,Ganga,-,-,-,-,26.25000000,81.25000000,27-04-2026 04:00,NaN
1722,Raibereli,CWC,9,Uttar Pradesh,175,Raibareli,RAHI,-,-,-,Ganga,-,-,-,-,26.25000000,81.25000000,27-04-2026 06:00,NaN
1723,Raibereli,CWC,9,Uttar Pradesh,175,Raibareli,RAHI,-,-,-,Ganga,-,-,-,-,26.25000000,81.25000000,27-04-2026 08:00,NaN
1724,Raibereli,CWC,9,Uttar Pradesh,175,Raibareli,RAHI,-,-,-,Ganga,-,-,-,-,26.25000000,81.25000000,27-04-2026 09:00,NaN
1725,Raibereli,CWC,9,Uttar Pradesh,175,Raibareli,RAHI,-,-,-,Ganga,-,-,-,-,26.25000000,81.25000000,27-04-2026 10:00,NaN
1726,Raibereli,CWC,9,Uttar Pradesh,175,Raibareli,RAHI,-,-,-,Ganga,-,-,-,-,26.25000000,81.25000000,27-04-2026 11:00,NaN
1727,Raibereli,CWC,9,Uttar Pradesh,175,Raibareli,RAHI,-,-,-,Ganga,-,-,-,-,26.25000000,81.25000000,27-04-2026 12:00,NaN
1728,Raibereli,CWC,9,Uttar Pradesh,175,Raibareli,RAHI,-,-,-,Ganga,-,-,-,-,26.25000000,81.25000000,27-04-2026 13:00,NaN
1729,Raibereli,CWC,9,Uttar Pradesh,175,Raibareli,RAHI,-,-,-,Ganga,-,-,-,-,26.25000000,81.25000000,28-04-2026 01:00,NaN
1730,Raibereli,CWC,9,Uttar Pradesh,175,Raibareli,RAHI,-,-,-,Ganga,-,-,-,-,26.25000000,81.25000000,28-04-2026 02:00,NaN
1731,Raibereli,CWC,9,Uttar Pradesh,175,Raibareli,RAHI,-,-,-,Ganga,-,-,-,-,26.25000000,81.25000000,28-04-2026 03:00,NaN
1732,Raibereli,CWC,9,Uttar Pradesh,175,Raibareli,RAHI,-,-,-,Ganga,-,-,-,-,26.25000000,81.25000000,28-04-2026 05:00,NaN
1733,Raibereli,CWC,9,Uttar Pradesh,175,Raibareli,RAHI,-,-,-,Ganga,-,-,-,-,26.25000000,81.25000000,28-04-2026 06:00,NaN
1734,Raibereli,CWC,9,Uttar Pradesh,175,Raibareli,RAHI,-,-,-,Ganga,-,-,-,-,26.25000000,81.25000000,28-04-2026 07:00,NaN
1735,Raibereli,CWC,9,Uttar Pradesh,175,Raibareli,RAHI,-,-,-,Ganga,-,-,-,-,26.25000000,81.25000000,28-04-2026 08:00,NaN
1736,Raibereli,CWC,9,Uttar Pradesh,175,Raibareli,RAHI,-,-,-,Ganga,-,-,-,-,26.25000000,81.25000000,28-04-2026 09:00,NaN
1737,Raibereli,CWC,9,Uttar Pradesh,175,Raibareli,RAHI,-,-,-,Ganga,-,-,-,-,26.25000000,81.25000000,28-04-2026 10:00,NaN
1738,Raibereli,CWC,9,Uttar Pradesh,175,Raibareli,RAHI,-,-,-,Ganga,-,-,-,-,26.25000000,81.25000000,28-04-2026 11:00,NaN
1739,Raibereli,CWC,9,Uttar Pradesh,175,Raibareli,RAHI,-,-,-,Ganga,-,-,-,-,26.25000000,81.25000000,28-04-2026 12:00,NaN
1740,Raibereli,CWC,9,Uttar Pradesh,175,Raibareli,RAHI,-,-,-,Ganga,-,-,-,-,26.25000000,81.25000000,28-04-2026 13:00,NaN
1741,Raibereli,CWC,9,Uttar Pradesh,175,Raibareli,RAHI,-,-,-,Ganga,-,-,-,-,26.25000000,81.25000000,29-04-2026 02:00,NaN
1742,Raibereli,CWC,9,Uttar Pradesh,175,Raibareli,RAHI,-,-,-,Ganga,-,-,-,-,26.25000000,81.25000000,29-04-2026 03:00,NaN
1743,Raibereli,CWC,9,Uttar Pradesh,175,Raibareli,RAHI,-,-,-,Ganga,-,-,-,-,26.25000000,81.25000000,29-04-2026 04:00,NaN
1744,Raibereli,CWC,9,Uttar Pradesh,175,Raibareli,RAHI,-,-,-,Ganga,-,-,-,-,26.25000000,81.25000000,29-04-2026 05:00,NaN
1745,Raibereli,CWC,9,Uttar Pradesh,175,Raibareli,RAHI,-,-,-,Ganga,-,-,-,-,26.25000000,81.25000000,29-04-2026 07:00,NaN
1746,Raibereli,CWC,9,Uttar Pradesh,175,Raibareli,RAHI,-,-,-,Ganga,-,-,-,-,26.25000000,81.25000000,29-04-2026 08:00,NaN
1747,Raibereli,CWC,9,Uttar Pradesh,175,Raibareli,RAHI,-,-,-,Ganga,-,-,-,-,26.25000000,81.25000000,29-04-2026 10:00,NaN
1748,Raibereli,CWC,9,Uttar Pradesh,175,Raibareli,RAHI,-,-,-,Ganga,-,-,-,-,26.25000000,81.25000000,29-04-2026 11:00,NaN
1749,Raibereli,CWC,9,Uttar Pradesh,175,Raibareli,RAHI,-,-,-,Ganga,-,-,-,-,26.25000000,81.25000000,29-04-2026 12:00,NaN
1750,Raibereli,CWC,9,Uttar Pradesh,175,Raibareli,RAHI,-,-,-,Ganga,-,-,-,-,26.25000000,81.25000000,29-04-2026 13:00,NaN
1751,Raibereli,CWC,9,Uttar Pradesh,175,Raibareli,RAHI,-,-,-,Ganga,-,-,-,-,26.25000000,81.25000000,01-05-2026 03:00,NaN
1752,Raibereli,CWC,9,Uttar Pradesh,175,Raibareli,RAHI,-,-,-,Ganga,-,-,-,-,26.25000000,81.25000000,01-05-2026 08:00,NaN
1753,Raibereli,CWC,9,Uttar Pradesh,175,Raibareli,RAHI,-,-,-,Ganga,-,-,-,-,26.25000000,81.25000000,01-05-2026 11:00,NaN
1754,Raibereli,CWC,9,Uttar Pradesh,175,Raibareli,RAHI,-,-,-,Ganga,-,-,-,-,26.25000000,81.25000000,10-05-2026 01:00,NaN
1755,Raibereli,CWC,9,Uttar Pradesh,175,Raibareli,RAHI,-,-,-,Ganga,-,-,-,-,26.25000000,81.25000000,10-05-2026 02:00,NaN
1756,Raibereli,CWC,9,Uttar Pradesh,175,Raibareli,RAHI,-,-,-,Ganga,-,-,-,-,26.25000000,81.25000000,10-05-2026 03:00,NaN
1757,Raibereli,CWC,9,Uttar Pradesh,175,Raibareli,RAHI,-,-,-,Ganga,-,-,-,-,26.25000000,81.25000000,10-05-2026 04:00,NaN
1758,Raibereli,CWC,9,Uttar Pradesh,175,Raibareli,RAHI,-,-,-,Ganga,-,-,-,-,26.25000000,81.25000000,10-05-2026 05:00,NaN
1759,Raibereli,CWC,9,Uttar Pradesh,175,Raibareli,RAHI,-,-,-,Ganga,-,-,-,-,26.25000000,81.25000000,10-05-2026 06:00,NaN
1760,Raibereli,CWC,9,Uttar Pradesh,175,Raibareli,RAHI,-,-,-,Ganga,-,-,-,-,26.25000000,81.25000000,10-05-2026 07:00,NaN
1761,Raibereli,CWC,9,Uttar Pradesh,175,Raibareli,RAHI,-,-,-,Ganga,-,-,-,-,26.25000000,81.25000000,10-05-2026 08:00,NaN
1762,Raibereli,CWC,9,Uttar Pradesh,175,Raibareli,RAHI,-,-,-,Ganga,-,-,-,-,26.25000000,81.25000000,10-05-2026 10:00,NaN
1763,Raibereli,CWC,9,Uttar Pradesh,175,Raibareli,RAHI,-,-,-,Ganga,-,-,-,-,26.25000000,81.25000000,10-05-2026 11:00,NaN
1764,Raibereli,CWC,9,Uttar Pradesh,175,Raibareli,RAHI,-,-,-,Ganga,-,-,-,-,26.25000000,81.25000000,10-05-2026 12:00,NaN
1765,Raibereli,CWC,9,Uttar Pradesh,175,Raibareli,RAHI,-,-,-,Ganga,-,-,-,-,26.25000000,81.25000000,10-05-2026 13:00,NaN
1766,Raibereli,CWC,9,Uttar Pradesh,175,Raibareli,RAHI,-,-,-,Ganga,-,-,-,-,26.25000000,81.25000000,11-05-2026 02:00,NaN
1767,Raibereli,CWC,9,Uttar Pradesh,175,Raibareli,RAHI,-,-,-,Ganga,-,-,-,-,26.25000000,81.25000000,11-05-2026 03:00,NaN
1768,Raibereli,CWC,9,Uttar Pradesh,175,Raibareli,RAHI,-,-,-,Ganga,-,-,-,-,26.25000000,81.25000000,11-05-2026 04:00,NaN
1769,Raibereli,CWC,9,Uttar Pradesh,175,Raibareli,RAHI,-,-,-,Ganga,-,-,-,-,26.25000000,81.25000000,11-05-2026 06:00,NaN
1770,Raibereli,CWC,9,Uttar Pradesh,175,Raibareli,RAHI,-,-,-,Ganga,-,-,-,-,26.25000000,81.25000000,11-05-2026 07:00,NaN
1771,Raibereli,CWC,9,Uttar Pradesh,175,Raibareli,RAHI,-,-,-,Ganga,-,-,-,-,26.25000000,81.25000000,11-05-2026 08:00,NaN
1772,Raibereli,CWC,9,Uttar Pradesh,175,Raibareli,RAHI,-,-,-,Ganga,-,-,-,-,26.25000000,81.25000000,11-05-2026 09:00,NaN
1773,Raibereli,CWC,9,Uttar Pradesh,175,Raibareli,RAHI,-,-,-,Ganga,-,-,-,-,26.25000000,81.25000000,11-05-2026 10:00,NaN
1774,Raibereli,CWC,9,Uttar Pradesh,175,Raibareli,RAHI,-,-,-,Ganga,-,-,-,-,26.25000000,81.25000000,11-05-2026 11:00,NaN
1775,Raibereli,CWC,9,Uttar Pradesh,175,Raibareli,RAHI,-,-,-,Ganga,-,-,-,-,26.25000000,81.25000000,11-05-2026 12:00,NaN
1776,Raibereli,CWC,9,Uttar Pradesh,175,Raibareli,RAHI,-,-,-,Ganga,-,-,-,-,26.25000000,81.25000000,11-05-2026 13:00,NaN
1777,Raibereli,CWC,9,Uttar Pradesh,175,Raibareli,RAHI,-,-,-,Ganga,-,-,-,-,26.25000000,81.25000000,12-05-2026 02:00,NaN
1778,Raibereli,CWC,9,Uttar Pradesh,175,Raibareli,RAHI,-,-,-,Ganga,-,-,-,-,26.25000000,81.25000000,12-05-2026 03:00,NaN
1779,Raibereli,CWC,9,Uttar Pradesh,175,Raibareli,RAHI,-,-,-,Ganga,-,-,-,-,26.25000000,81.25000000,12-05-2026 06:00,NaN
1780,Raibereli,CWC,9,Uttar Pradesh,175,Raibareli,RAHI,-,-,-,Ganga,-,-,-,-,26.25000000,81.25000000,12-05-2026 07:00,NaN
1781,Raibereli,CWC,9,Uttar Pradesh,175,Raibareli,RAHI,-,-,-,Ganga,-,-,-,-,26.25000000,81.25000000,12-05-2026 08:00,NaN
1782,Raibereli,CWC,9,Uttar Pradesh,175,Raibareli,RAHI,-,-,-,Ganga,-,-,-,-,26.25000000,81.25000000,12-05-2026 09:00,NaN
1783,Raibereli,CWC,9,Uttar Pradesh,175,Raibareli,RAHI,-,-,-,Ganga,-,-,-,-,26.25000000,81.25000000,12-05-2026 10:00,NaN
1784,Raibereli,CWC,9,Uttar Pradesh,175,Raibareli,RAHI,-,-,-,Ganga,-,-,-,-,26.25000000,81.25000000,12-05-2026 11:00,NaN
1785,Raibereli,CWC,9,Uttar Pradesh,175,Raibareli,RAHI,-,-,-,Ganga,-,-,-,-,26.25000000,81.25000000,14-05-2026 00:00,NaN
1786,Raibereli,CWC,9,Uttar Pradesh,175,Raibareli,RAHI,-,-,-,Ganga,-,-,-,-,26.25000000,81.25000000,14-05-2026 01:00,NaN
1787,Raibereli,CWC,9,Uttar Pradesh,175,Raibareli,RAHI,-,-,-,Ganga,-,-,-,-,26.25000000,81.25000000,14-05-2026 02:00,NaN
1788,Raibereli,CWC,9,Uttar Pradesh,175,Raibareli,RAHI,-,-,-,Ganga,-,-,-,-,26.25000000,81.25000000,14-05-2026 03:00,NaN
1789,Raibereli,CWC,9,Uttar Pradesh,175,Raibareli,RAHI,-,-,-,Ganga,-,-,-,-,26.25000000,81.25000000,14-05-2026 04:00,NaN
1790,Raibereli,CWC,9,Uttar Pradesh,175,Raibareli,RAHI,-,-,-,Ganga,-,-,-,-,26.25000000,81.25000000,15-05-2026 01:00,NaN
1791,Raibereli,CWC,9,Uttar Pradesh,175,Raibareli,RAHI,-,-,-,Ganga,-,-,-,-,26.25000000,81.25000000,15-05-2026 02:00,NaN
1792,Raibereli,CWC,9,Uttar Pradesh,175,Raibareli,RAHI,-,-,-,Ganga,-,-,-,-,26.25000000,81.25000000,15-05-2026 06:00,NaN
1793,Raibereli,CWC,9,Uttar Pradesh,175,Raibareli,RAHI,-,-,-,Ganga,-,-,-,-,26.25000000,81.25000000,15-05-2026 07:00,NaN
1794,Raibereli,CWC,9,Uttar Pradesh,175,Raibareli,RAHI,-,-,-,Ganga,-,-,-,-,26.25000000,81.25000000,15-05-2026 11:00,NaN
1795,Raibereli,CWC,9,Uttar Pradesh,175,Raibareli,RAHI,-,-,-,Ganga,-,-,-,-,26.25000000,81.25000000,15-05-2026 12:00,NaN
1796,Raibereli,CWC,9,Uttar Pradesh,175,Raibareli,RAHI,-,-,-,Ganga,-,-,-,-,26.25000000,81.25000000,15-05-2026 13:00,NaN
1797,Raibereli,CWC,9,Uttar Pradesh,175,Raibareli,RAHI,-,-,-,Ganga,-,-,-,-,26.25000000,81.25000000,16-05-2026 02:00,NaN
1798,Raibereli,CWC,9,Uttar Pradesh,175,Raibareli,RAHI,-,-,-,Ganga,-,-,-,-,26.25000000,81.25000000,16-05-2026 04:00,NaN
1799,Raibereli,CWC,9,Uttar Pradesh,175,Raibareli,RAHI,-,-,-,Ganga,-,-,-,-,26.25000000,81.25000000,16-05-2026 05:00,NaN
1800,Raibereli,CWC,9,Uttar Pradesh,175,Raibareli,RAHI,-,-,-,Ganga,-,-,-,-,26.25000000,81.25000000,16-05-2026 06:00,NaN
1801,Raibereli,CWC,9,Uttar Pradesh,175,Raibareli,RAHI,-,-,-,Ganga,-,-,-,-,26.25000000,81.25000000,16-05-2026 11:00,NaN
1802,Raibereli,CWC,9,Uttar Pradesh,175,Raibareli,RAHI,-,-,-,Ganga,-,-,-,-,26.25000000,81.25000000,17-05-2026 02:00,NaN
1803,Raibereli,CWC,9,Uttar Pradesh,175,Raibareli,RAHI,-,-,-,Ganga,-,-,-,-,26.25000000,81.25000000,17-05-2026 03:00,NaN
1804,Raibereli,CWC,9,Uttar Pradesh,175,Raibareli,RAHI,-,-,-,Ganga,-,-,-,-,26.25000000,81.25000000,17-05-2026 04:00,NaN
1805,Raibereli,CWC,9,Uttar Pradesh,175,Raibareli,RAHI,-,-,-,Ganga,-,-,-,-,26.25000000,81.25000000,17-05-2026 06:00,NaN
1806,Raibereli,CWC,9,Uttar Pradesh,175,Raibareli,RAHI,-,-,-,Ganga,-,-,-,-,26.25000000,81.25000000,17-05-2026 07:00,NaN
1807,Raibereli,CWC,9,Uttar Pradesh,175,Raibareli,RAHI,-,-,-,Ganga,-,-,-,-,26.25000000,81.25000000,17-05-2026 12:00,NaN
1808,Raibereli,CWC,9,Uttar Pradesh,175,Raibareli,RAHI,-,-,-,Ganga,-,-,-,-,26.25000000,81.25000000,27-05-2026 02:00,NaN
1809,Raibereli,CWC,9,Uttar Pradesh,175,Raibareli,RAHI,-,-,-,Ganga,-,-,-,-,26.25000000,81.25000000,27-05-2026 03:00,NaN
1810,Raibereli,CWC,9,Uttar Pradesh,175,Raibareli,RAHI,-,-,-,Ganga,-,-,-,-,26.25000000,81.25000000,27-05-2026 05:00,NaN
1811,Raibereli,CWC,9,Uttar Pradesh,175,Raibareli,RAHI,-,-,-,Ganga,-,-,-,-,26.25000000,81.25000000,27-05-2026 06:00,NaN
1812,Raibereli,CWC,9,Uttar Pradesh,175,Raibareli,RAHI,-,-,-,Ganga,-,-,-,-,26.25000000,81.25000000,27-05-2026 07:00,NaN
1813,Raibereli,CWC,9,Uttar Pradesh,175,Raibareli,RAHI,-,-,-,Ganga,-,-,-,-,26.25000000,81.25000000,27-05-2026 08:00,NaN
1814,Raibereli,CWC,9,Uttar Pradesh,175,Raibareli,RAHI,-,-,-,Ganga,-,-,-,-,26.25000000,81.25000000,27-05-2026 09:00,NaN
1815,Raibereli,CWC,9,Uttar Pradesh,175,Raibareli,RAHI,-,-,-,Ganga,-,-,-,-,26.25000000,81.25000000,27-05-2026 12:00,NaN
1816,Raibereli,CWC,9,Uttar Pradesh,175,Raibareli,RAHI,-,-,-,Ganga,-,-,-,-,26.25000000,81.25000000,27-05-2026 13:00,NaN
1817,Raibereli,CWC,9,Uttar Pradesh,175,Raibareli,RAHI,-,-,-,Ganga,-,-,-,-,26.25000000,81.25000000,27-05-2026 14:00,NaN
1818,Raibereli,CWC,9,Uttar Pradesh,175,Raibareli,RAHI,-,-,-,Ganga,-,-,-,-,26.25000000,81.25000000,28-05-2026 14:00,NaN
1819,Raibereli,CWC,9,Uttar Pradesh,175,Raibareli,RAHI,-,-,-,Ganga,-,-,-,-,26.25000000,81.25000000,29-05-2026 01:00,NaN
1820,Raibereli,CWC,9,Uttar Pradesh,175,Raibareli,RAHI,-,-,-,Ganga,-,-,-,-,26.25000000,81.25000000,29-05-2026 02:00,NaN
1821,Raibereli,CWC,9,Uttar Pradesh,175,Raibareli,RAHI,-,-,-,Ganga,-,-,-,-,26.25000000,81.25000000,29-05-2026 03:00,NaN
1822,Raibereli,CWC,9,Uttar Pradesh,175,Raibareli,RAHI,-,-,-,Ganga,-,-,-,-,26.25000000,81.25000000,29-05-2026 04:00,NaN
1823,Raibereli,CWC,9,Uttar Pradesh,175,Raibareli,RAHI,-,-,-,Ganga,-,-,-,-,26.25000000,81.25000000,29-05-2026 05:00,NaN
1824,Raibereli,CWC,9,Uttar Pradesh,175,Raibareli,RAHI,-,-,-,Ganga,-,-,-,-,26.25000000,81.25000000,29-05-2026 06:00,NaN
1825,Raibereli,CWC,9,Uttar Pradesh,175,Raibareli,RAHI,-,-,-,Ganga,-,-,-,-,26.25000000,81.25000000,29-05-2026 08:00,NaN
1826,Raibereli,CWC,9,Uttar Pradesh,175,Raibareli,RAHI,-,-,-,Ganga,-,-,-,-,26.25000000,81.25000000,29-05-2026 09:00,NaN
1827,Raibereli,CWC,9,Uttar Pradesh,175,Raibareli,RAHI,-,-,-,Ganga,-,-,-,-,26.25000000,81.25000000,29-05-2026 10:00,NaN
1828,Raibereli,CWC,9,Uttar Pradesh,175,Raibareli,RAHI,-,-,-,Ganga,-,-,-,-,26.25000000,81.25000000,29-05-2026 11:00,NaN
1829,Raibereli,CWC,9,Uttar Pradesh,175,Raibareli,RAHI,-,-,-,Ganga,-,-,-,-,26.25000000,81.25000000,29-05-2026 12:00,NaN
1830,Raibereli,CWC,9,Uttar Pradesh,175,Raibareli,RAHI,-,-,-,Ganga,-,-,-,-,26.25000000,81.25000000,29-05-2026 13:00,NaN
1831,Raibereli,CWC,9,Uttar Pradesh,175,Raibareli,RAHI,-,-,-,Ganga,-,-,-,-,26.25000000,81.25000000,29-05-2026 14:00,NaN
1832,Raibereli,CWC,9,Uttar Pradesh,175,Raibareli,RAHI,-,-,-,Ganga,-,-,-,-,26.25000000,81.25000000,30-05-2026 01:00,NaN
1833,Raibereli,CWC,9,Uttar Pradesh,175,Raibareli,RAHI,-,-,-,Ganga,-,-,-,-,26.25000000,81.25000000,30-05-2026 02:00,NaN
1834,Raibereli,CWC,9,Uttar Pradesh,175,Raibareli,RAHI,-,-,-,Ganga,-,-,-,-,26.25000000,81.25000000,30-05-2026 03:00,NaN
1835,Raibereli,CWC,9,Uttar Pradesh,175,Raibareli,RAHI,-,-,-,Ganga,-,-,-,-,26.25000000,81.25000000,30-05-2026 04:00,NaN
1836,Raibereli,CWC,9,Uttar Pradesh,175,Raibareli,RAHI,-,-,-,Ganga,-,-,-,-,26.25000000,81.25000000,30-05-2026 05:00,NaN
1837,Raibereli,CWC,9,Uttar Pradesh,175,Raibareli,RAHI,-,-,-,Ganga,-,-,-,-,26.25000000,81.25000000,30-05-2026 06:00,NaN
1838,Raibereli,CWC,9,Uttar Pradesh,175,Raibareli,RAHI,-,-,-,Ganga,-,-,-,-,26.25000000,81.25000000,30-05-2026 07:00,NaN
1839,Raibereli,CWC,9,Uttar Pradesh,175,Raibareli,RAHI,-,-,-,Ganga,-,-,-,-,26.25000000,81.25000000,30-05-2026 08:00,NaN
1840,Raibereli,CWC,9,Uttar Pradesh,175,Raibareli,RAHI,-,-,-,Ganga,-,-,-,-,26.25000000,81.25000000,30-05-2026 09:00,NaN
1841,Raibereli,CWC,9,Uttar Pradesh,175,Raibareli,RAHI,-,-,-,Ganga,-,-,-,-,26.25000000,81.25000000,30-05-2026 10:00,NaN
1842,Raibereli,CWC,9,Uttar Pradesh,175,Raibareli,RAHI,-,-,-,Ganga,-,-,-,-,26.25000000,81.25000000,30-05-2026 11:00,NaN
1843,Raibereli,CWC,9,Uttar Pradesh,175,Raibareli,RAHI,-,-,-,Ganga,-,-,-,-,26.25000000,81.25000000,30-05-2026 12:00,NaN
1844,Raibereli,CWC,9,Uttar Pradesh,175,Raibareli,RAHI,-,-,-,Ganga,-,-,-,-,26.25000000,81.25000000,30-05-2026 13:00,NaN
1845,Raibereli,CWC,9,Uttar Pradesh,175,Raibareli,RAHI,-,-,-,Ganga,-,-,-,-,26.25000000,81.25000000,30-05-2026 14:00,NaN
1846,Raibereli,CWC,9,Uttar Pradesh,175,Raibareli,RAHI,-,-,-,Ganga,-,-,-,-,26.25000000,81.25000000,31-05-2026 02:00,NaN
1847,Raibereli,CWC,9,Uttar Pradesh,175,Raibareli,RAHI,-,-,-,Ganga,-,-,-,-,26.25000000,81.25000000,31-05-2026 03:00,NaN
1848,Raibereli,CWC,9,Uttar Pradesh,175,Raibareli,RAHI,-,-,-,Ganga,-,-,-,-,26.25000000,81.25000000,31-05-2026 05:00,NaN
1849,Raibereli,CWC,9,Uttar Pradesh,175,Raibareli,RAHI,-,-,-,Ganga,-,-,-,-,26.25000000,81.25000000,31-05-2026 06:00,NaN
1850,Raibereli,CWC,9,Uttar Pradesh,175,Raibareli,RAHI,-,-,-,Ganga,-,-,-,-,26.25000000,81.25000000,31-05-2026 07:00,NaN
1851,Raibereli,CWC,9,Uttar Pradesh,175,Raibareli,RAHI,-,-,-,Ganga,-,-,-,-,26.25000000,81.25000000,31-05-2026 09:00,NaN
1852,Raibereli,CWC,9,Uttar Pradesh,175,Raibareli,RAHI,-,-,-,Ganga,-,-,-,-,26.25000000,81.25000000,31-05-2026 10:00,NaN
1853,Raibereli,CWC,9,Uttar Pradesh,175,Raibareli,RAHI,-,-,-,Ganga,-,-,-,-,26.25000000,81.25000000,31-05-2026 11:00,NaN
1854,Raibereli,CWC,9,Uttar Pradesh,175,Raibareli,RAHI,-,-,-,Ganga,-,-,-,-,26.25000000,81.25000000,31-05-2026 11:30,NaN
1855,Raibereli,CWC,9,Uttar Pradesh,175,Raibareli,RAHI,-,-,-,Ganga,-,-,-,-,26.25000000,81.25000000,31-05-2026 12:00,NaN
1856,Raibereli,CWC,9,Uttar Pradesh,175,Raibareli,RAHI,-,-,-,Ganga,-,-,-,-,26.25000000,81.25000000,31-05-2026 13:00,NaN
1857,Raibereli,CWC,9,Uttar Pradesh,175,Raibareli,RAHI,-,-,-,Ganga,-,-,-,-,26.25000000,81.25000000,31-05-2026 14:00,NaN
1858,Raibereli,CWC,9,Uttar Pradesh,175,Raibareli,RAHI,-,-,-,Ganga,-,-,-,-,26.25000000,81.25000000,01-06-2026 00:00,NaN
1859,Raibereli,CWC,9,Uttar Pradesh,175,Raibareli,RAHI,-,-,-,Ganga,-,-,-,-,26.25000000,81.25000000,01-06-2026 01:00,NaN
1860,Raibereli,CWC,9,Uttar Pradesh,175,Raibareli,RAHI,-,-,-,Ganga,-,-,-,-,26.25000000,81.25000000,01-06-2026 02:00,NaN
1861,Raibereli,CWC,9,Uttar Pradesh,175,Raibareli,RAHI,-,-,-,Ganga,-,-,-,-,26.25000000,81.25000000,01-06-2026 03:00,NaN
1862,Raibereli,CWC,9,Uttar Pradesh,175,Raibareli,RAHI,-,-,-,Ganga,-,-,-,-,26.25000000,81.25000000,01-06-2026 04:00,NaN
1863,Raibereli,CWC,9,Uttar Pradesh,175,Raibareli,RAHI,-,-,-,Ganga,-,-,-,-,26.25000000,81.25000000,01-06-2026 06:00,NaN
1864,Raibereli,CWC,9,Uttar Pradesh,175,Raibareli,RAHI,-,-,-,Ganga,-,-,-,-,26.25000000,81.25000000,01-06-2026 07:00,NaN
1865,Raibereli,CWC,9,Uttar Pradesh,175,Raibareli,RAHI,-,-,-,Ganga,-,-,-,-,26.25000000,81.25000000,01-06-2026 08:00,NaN
1866,Raibereli,CWC,9,Uttar Pradesh,175,Raibareli,RAHI,-,-,-,Ganga,-,-,-,-,26.25000000,81.25000000,01-06-2026 09:00,NaN
1867,Raibereli,CWC,9,Uttar Pradesh,175,Raibareli,RAHI,-,-,-,Ganga,-,-,-,-,26.25000000,81.25000000,01-06-2026 10:00,NaN
1868,Raibereli,CWC,9,Uttar Pradesh,175,Raibareli,RAHI,-,-,-,Ganga,-,-,-,-,26.25000000,81.25000000,01-06-2026 11:00,NaN
1869,Raibereli,CWC,9,Uttar Pradesh,175,Raibareli,RAHI,-,-,-,Ganga,-,-,-,-,26.25000000,81.25000000,01-06-2026 12:00,NaN
1870,Raibereli,CWC,9,Uttar Pradesh,175,Raibareli,RAHI,-,-,-,Ganga,-,-,-,-,26.25000000,81.25000000,01-06-2026 13:00,NaN
1871,Raibereli,CWC,9,Uttar Pradesh,175,Raibareli,RAHI,-,-,-,Ganga,-,-,-,-,26.25000000,81.25000000,01-06-2026 14:00,NaN
1872,Raibereli,CWC,9,Uttar Pradesh,175,Raibareli,RAHI,-,-,-,Ganga,-,-,-,-,26.25000000,81.25000000,02-06-2026 02:00,NaN
1873,Raibereli,CWC,9,Uttar Pradesh,175,Raibareli,RAHI,-,-,-,Ganga,-,-,-,-,26.25000000,81.25000000,02-06-2026 03:00,NaN
1874,Raibereli,CWC,9,Uttar Pradesh,175,Raibareli,RAHI,-,-,-,Ganga,-,-,-,-,26.25000000,81.25000000,02-06-2026 05:00,NaN
1875,Raibereli,CWC,9,Uttar Pradesh,175,Raibareli,RAHI,-,-,-,Ganga,-,-,-,-,26.25000000,81.25000000,02-06-2026 06:00,NaN
1876,Raibereli,CWC,9,Uttar Pradesh,175,Raibareli,RAHI,-,-,-,Ganga,-,-,-,-,26.25000000,81.25000000,02-06-2026 07:00,NaN
1877,Raibereli,CWC,9,Uttar Pradesh,175,Raibareli,RAHI,-,-,-,Ganga,-,-,-,-,26.25000000,81.25000000,02-06-2026 08:00,NaN
1878,Raibereli,CWC,9,Uttar Pradesh,175,Raibareli,RAHI,-,-,-,Ganga,-,-,-,-,26.25000000,81.25000000,02-06-2026 09:00,NaN
1879,Raibereli,CWC,9,Uttar Pradesh,175,Raibareli,RAHI,-,-,-,Ganga,-,-,-,-,26.25000000,81.25000000,02-06-2026 11:00,NaN
1880,Raibereli,CWC,9,Uttar Pradesh,175,Raibareli,RAHI,-,-,-,Ganga,-,-,-,-,26.25000000,81.25000000,02-06-2026 12:00,NaN
1881,Raibereli,CWC,9,Uttar Pradesh,175,Raibareli,RAHI,-,-,-,Ganga,-,-,-,-,26.25000000,81.25000000,02-06-2026 13:00,NaN
1882,Raibereli,CWC,9,Uttar Pradesh,175,Raibareli,RAHI,-,-,-,Ganga,-,-,-,-,26.25000000,81.25000000,02-06-2026 14:00,NaN
1883,Raibereli,CWC,9,Uttar Pradesh,175,Raibareli,RAHI,-,-,-,Ganga,-,-,-,-,26.25000000,81.25000000,03-06-2026 02:00,NaN
1884,Raibereli,CWC,9,Uttar Pradesh,175,Raibareli,RAHI,-,-,-,Ganga,-,-,-,-,26.25000000,81.25000000,03-06-2026 03:00,NaN
1885,Raibereli,CWC,9,Uttar Pradesh,175,Raibareli,RAHI,-,-,-,Ganga,-,-,-,-,26.25000000,81.25000000,03-06-2026 04:00,NaN
1886,Raibereli,CWC,9,Uttar Pradesh,175,Raibareli,RAHI,-,-,-,Ganga,-,-,-,-,26.25000000,81.25000000,03-06-2026 05:00,NaN
1887,Raibereli,CWC,9,Uttar Pradesh,175,Raibareli,RAHI,-,-,-,Ganga,-,-,-,-,26.25000000,81.25000000,03-06-2026 06:00,NaN
1888,Raibereli,CWC,9,Uttar Pradesh,175,Raibareli,RAHI,-,-,-,Ganga,-,-,-,-,26.25000000,81.25000000,03-06-2026 07:00,NaN
1889,Raibereli,CWC,9,Uttar Pradesh,175,Raibareli,RAHI,-,-,-,Ganga,-,-,-,-,26.25000000,81.25000000,03-06-2026 08:00,NaN
1890,Raibereli,CWC,9,Uttar Pradesh,175,Raibareli,RAHI,-,-,-,Ganga,-,-,-,-,26.25000000,81.25000000,03-06-2026 09:00,NaN
1891,Raibereli,CWC,9,Uttar Pradesh,175,Raibareli,RAHI,-,-,-,Ganga,-,-,-,-,26.25000000,81.25000000,03-06-2026 10:00,NaN
1892,Raibereli,CWC,9,Uttar Pradesh,175,Raibareli,RAHI,-,-,-,Ganga,-,-,-,-,26.25000000,81.25000000,03-06-2026 11:00,NaN
1893,Raibereli,CWC,9,Uttar Pradesh,175,Raibareli,RAHI,-,-,-,Ganga,-,-,-,-,26.25000000,81.25000000,03-06-2026 12:00,NaN
1894,Raibereli,CWC,9,Uttar Pradesh,175,Raibareli,RAHI,-,-,-,Ganga,-,-,-,-,26.25000000,81.25000000,03-06-2026 13:00,NaN
1895,Regauli,CWC,9,Uttar Pradesh,148,GORAKHPUR,Campierganj,-,-,Ganga,Ganga,Ghaghra,Rapti,-,Rapti,27.01611111,83.21222222,01-01-2026 16:30,68
1896,Regauli,CWC,9,Uttar Pradesh,148,GORAKHPUR,Campierganj,-,-,Ganga,Ganga,Ghaghra,Rapti,-,Rapti,27.01611111,83.21222222,02-01-2026 09:30,252
1897,Regauli,CWC,9,Uttar Pradesh,148,GORAKHPUR,Campierganj,-,-,Ganga,Ganga,Ghaghra,Rapti,-,Rapti,27.01611111,83.21222222,11-01-2026 06:30,0.5
1898,Regauli,CWC,9,Uttar Pradesh,148,GORAKHPUR,Campierganj,-,-,Ganga,Ganga,Ghaghra,Rapti,-,Rapti,27.01611111,83.21222222,13-01-2026 10:30,141
1899,Regauli,CWC,9,Uttar Pradesh,148,GORAKHPUR,Campierganj,-,-,Ganga,Ganga,Ghaghra,Rapti,-,Rapti,27.01611111,83.21222222,14-01-2026 20:30,293
1900,Regauli,CWC,9,Uttar Pradesh,148,GORAKHPUR,Campierganj,-,-,Ganga,Ganga,Ghaghra,Rapti,-,Rapti,27.01611111,83.21222222,16-01-2026 08:30,144
1901,Regauli,CWC,9,Uttar Pradesh,148,GORAKHPUR,Campierganj,-,-,Ganga,Ganga,Ghaghra,Rapti,-,Rapti,27.01611111,83.21222222,29-01-2026 20:30,185
1902,Regauli,CWC,9,Uttar Pradesh,148,GORAKHPUR,Campierganj,-,-,Ganga,Ganga,Ghaghra,Rapti,-,Rapti,27.01611111,83.21222222,30-01-2026 00:30,42.5
1903,Regauli,CWC,9,Uttar Pradesh,148,GORAKHPUR,Campierganj,-,-,Ganga,Ganga,Ghaghra,Rapti,-,Rapti,27.01611111,83.21222222,30-01-2026 13:30,0.5
1904,Regauli,CWC,9,Uttar Pradesh,148,GORAKHPUR,Campierganj,-,-,Ganga,Ganga,Ghaghra,Rapti,-,Rapti,27.01611111,83.21222222,01-02-2026 11:30,57
1905,Regauli,CWC,9,Uttar Pradesh,148,GORAKHPUR,Campierganj,-,-,Ganga,Ganga,Ghaghra,Rapti,-,Rapti,27.01611111,83.21222222,03-02-2026 09:30,192
1906,Regauli,CWC,9,Uttar Pradesh,148,GORAKHPUR,Campierganj,-,-,Ganga,Ganga,Ghaghra,Rapti,-,Rapti,27.01611111,83.21222222,04-02-2026 08:30,0.5
1907,Regauli,CWC,9,Uttar Pradesh,148,GORAKHPUR,Campierganj,-,-,Ganga,Ganga,Ghaghra,Rapti,-,Rapti,27.01611111,83.21222222,12-02-2026 07:30,128
1908,Regauli,CWC,9,Uttar Pradesh,148,GORAKHPUR,Campierganj,-,-,Ganga,Ganga,Ghaghra,Rapti,-,Rapti,27.01611111,83.21222222,15-02-2026 14:30,224
1909,Regauli,CWC,9,Uttar Pradesh,148,GORAKHPUR,Campierganj,-,-,Ganga,Ganga,Ghaghra,Rapti,-,Rapti,27.01611111,83.21222222,19-02-2026 10:30,64.5
1910,Regauli,CWC,9,Uttar Pradesh,148,GORAKHPUR,Campierganj,-,-,Ganga,Ganga,Ghaghra,Rapti,-,Rapti,27.01611111,83.21222222,19-02-2026 18:30,160
1911,Regauli,CWC,9,Uttar Pradesh,148,GORAKHPUR,Campierganj,-,-,Ganga,Ganga,Ghaghra,Rapti,-,Rapti,27.01611111,83.21222222,25-02-2026 07:30,178
1912,Regauli,CWC,9,Uttar Pradesh,148,GORAKHPUR,Campierganj,-,-,Ganga,Ganga,Ghaghra,Rapti,-,Rapti,27.01611111,83.21222222,25-02-2026 23:30,0.5
1913,Regauli,CWC,9,Uttar Pradesh,148,GORAKHPUR,Campierganj,-,-,Ganga,Ganga,Ghaghra,Rapti,-,Rapti,27.01611111,83.21222222,26-02-2026 08:30,48
1914,Regauli,CWC,9,Uttar Pradesh,148,GORAKHPUR,Campierganj,-,-,Ganga,Ganga,Ghaghra,Rapti,-,Rapti,27.01611111,83.21222222,02-03-2026 22:30,144
1915,Regauli,CWC,9,Uttar Pradesh,148,GORAKHPUR,Campierganj,-,-,Ganga,Ganga,Ghaghra,Rapti,-,Rapti,27.01611111,83.21222222,18-03-2026 03:30,0.5
1916,Regauli,CWC,9,Uttar Pradesh,148,GORAKHPUR,Campierganj,-,-,Ganga,Ganga,Ghaghra,Rapti,-,Rapti,27.01611111,83.21222222,18-03-2026 07:30,0.5
1917,Regauli,CWC,9,Uttar Pradesh,148,GORAKHPUR,Campierganj,-,-,Ganga,Ganga,Ghaghra,Rapti,-,Rapti,27.01611111,83.21222222,24-03-2026 01:00,56
1918,Regauli,CWC,9,Uttar Pradesh,148,GORAKHPUR,Campierganj,-,-,Ganga,Ganga,Ghaghra,Rapti,-,Rapti,27.01611111,83.21222222,08-04-2026 12:30,0.5
1919,Regauli,CWC,9,Uttar Pradesh,148,GORAKHPUR,Campierganj,-,-,Ganga,Ganga,Ghaghra,Rapti,-,Rapti,27.01611111,83.21222222,11-04-2026 06:30,80
1920,Regauli,CWC,9,Uttar Pradesh,148,GORAKHPUR,Campierganj,-,-,Ganga,Ganga,Ghaghra,Rapti,-,Rapti,27.01611111,83.21222222,29-04-2026 05:30,371
1921,Regauli,CWC,9,Uttar Pradesh,148,GORAKHPUR,Campierganj,-,-,Ganga,Ganga,Ghaghra,Rapti,-,Rapti,27.01611111,83.21222222,01-05-2026 09:30,0.5
1922,Regauli,CWC,9,Uttar Pradesh,148,GORAKHPUR,Campierganj,-,-,Ganga,Ganga,Ghaghra,Rapti,-,Rapti,27.01611111,83.21222222,23-05-2026 14:30,208.5
1923,Regauli,CWC,9,Uttar Pradesh,148,GORAKHPUR,Campierganj,-,-,Ganga,Ganga,Ghaghra,Rapti,-,Rapti,27.01611111,83.21222222,29-05-2026 08:30,0.5
1924,RIHAND DAM,CWC,9,Uttar Pradesh,184,SONBHADRA,Sonbhadra,-,-,Ganga,Ganga,Sone,Rihand,-,Rihand,24.21000000,83.02000000,04-01-2026 08:30,18
1925,RIHAND DAM,CWC,9,Uttar Pradesh,184,SONBHADRA,Sonbhadra,-,-,Ganga,Ganga,Sone,Rihand,-,Rihand,24.21000000,83.02000000,11-01-2026 02:30,3
1926,RIHAND DAM,CWC,9,Uttar Pradesh,184,SONBHADRA,Sonbhadra,-,-,Ganga,Ganga,Sone,Rihand,-,Rihand,24.21000000,83.02000000,14-01-2026 02:30,5
1927,RIHAND DAM,CWC,9,Uttar Pradesh,184,SONBHADRA,Sonbhadra,-,-,Ganga,Ganga,Sone,Rihand,-,Rihand,24.21000000,83.02000000,15-01-2026 06:30,48
1928,RIHAND DAM,CWC,9,Uttar Pradesh,184,SONBHADRA,Sonbhadra,-,-,Ganga,Ganga,Sone,Rihand,-,Rihand,24.21000000,83.02000000,16-01-2026 11:30,291
1929,RIHAND DAM,CWC,9,Uttar Pradesh,184,SONBHADRA,Sonbhadra,-,-,Ganga,Ganga,Sone,Rihand,-,Rihand,24.21000000,83.02000000,16-01-2026 23:30,313.5
1930,RIHAND DAM,CWC,9,Uttar Pradesh,184,SONBHADRA,Sonbhadra,-,-,Ganga,Ganga,Sone,Rihand,-,Rihand,24.21000000,83.02000000,30-01-2026 00:30,96
1931,RIHAND DAM,CWC,9,Uttar Pradesh,184,SONBHADRA,Sonbhadra,-,-,Ganga,Ganga,Sone,Rihand,-,Rihand,24.21000000,83.02000000,30-01-2026 16:30,64.5
1932,RIHAND DAM,CWC,9,Uttar Pradesh,184,SONBHADRA,Sonbhadra,-,-,Ganga,Ganga,Sone,Rihand,-,Rihand,24.21000000,83.02000000,02-02-2026 02:30,96
1933,RIHAND DAM,CWC,9,Uttar Pradesh,184,SONBHADRA,Sonbhadra,-,-,Ganga,Ganga,Sone,Rihand,-,Rihand,24.21000000,83.02000000,02-02-2026 15:30,128
1934,RIHAND DAM,CWC,9,Uttar Pradesh,184,SONBHADRA,Sonbhadra,-,-,Ganga,Ganga,Sone,Rihand,-,Rihand,24.21000000,83.02000000,08-02-2026 01:30,1
1935,RIHAND DAM,CWC,9,Uttar Pradesh,184,SONBHADRA,Sonbhadra,-,-,Ganga,Ganga,Sone,Rihand,-,Rihand,24.21000000,83.02000000,19-02-2026 00:30,175.5
1936,RIHAND DAM,CWC,9,Uttar Pradesh,184,SONBHADRA,Sonbhadra,-,-,Ganga,Ganga,Sone,Rihand,-,Rihand,24.21000000,83.02000000,24-02-2026 03:30,14
1937,RIHAND DAM,CWC,9,Uttar Pradesh,184,SONBHADRA,Sonbhadra,-,-,Ganga,Ganga,Sone,Rihand,-,Rihand,24.21000000,83.02000000,28-03-2026 05:30,264
1938,RIHAND DAM,CWC,9,Uttar Pradesh,184,SONBHADRA,Sonbhadra,-,-,Ganga,Ganga,Sone,Rihand,-,Rihand,24.21000000,83.02000000,28-03-2026 06:30,36
1939,RIHAND DAM,CWC,9,Uttar Pradesh,184,SONBHADRA,Sonbhadra,-,-,Ganga,Ganga,Sone,Rihand,-,Rihand,24.21000000,83.02000000,01-04-2026 07:30,106
1940,RIHAND DAM,CWC,9,Uttar Pradesh,184,SONBHADRA,Sonbhadra,-,-,Ganga,Ganga,Sone,Rihand,-,Rihand,24.21000000,83.02000000,01-04-2026 08:30,96.5
1941,RIHAND DAM,CWC,9,Uttar Pradesh,184,SONBHADRA,Sonbhadra,-,-,Ganga,Ganga,Sone,Rihand,-,Rihand,24.21000000,83.02000000,01-04-2026 11:30,429.5
1942,RIHAND DAM,CWC,9,Uttar Pradesh,184,SONBHADRA,Sonbhadra,-,-,Ganga,Ganga,Sone,Rihand,-,Rihand,24.21000000,83.02000000,01-04-2026 17:30,1
1943,RIHAND DAM,CWC,9,Uttar Pradesh,184,SONBHADRA,Sonbhadra,-,-,Ganga,Ganga,Sone,Rihand,-,Rihand,24.21000000,83.02000000,01-04-2026 18:30,1
1944,RIHAND DAM,CWC,9,Uttar Pradesh,184,SONBHADRA,Sonbhadra,-,-,Ganga,Ganga,Sone,Rihand,-,Rihand,24.21000000,83.02000000,02-04-2026 04:30,1
1945,RIHAND DAM,CWC,9,Uttar Pradesh,184,SONBHADRA,Sonbhadra,-,-,Ganga,Ganga,Sone,Rihand,-,Rihand,24.21000000,83.02000000,02-04-2026 11:30,385
1946,RIHAND DAM,CWC,9,Uttar Pradesh,184,SONBHADRA,Sonbhadra,-,-,Ganga,Ganga,Sone,Rihand,-,Rihand,24.21000000,83.02000000,02-04-2026 12:30,0.5
1947,RIHAND DAM,CWC,9,Uttar Pradesh,184,SONBHADRA,Sonbhadra,-,-,Ganga,Ganga,Sone,Rihand,-,Rihand,24.21000000,83.02000000,03-04-2026 08:30,216
1948,RIHAND DAM,CWC,9,Uttar Pradesh,184,SONBHADRA,Sonbhadra,-,-,Ganga,Ganga,Sone,Rihand,-,Rihand,24.21000000,83.02000000,03-04-2026 09:30,232
1949,RIHAND DAM,CWC,9,Uttar Pradesh,184,SONBHADRA,Sonbhadra,-,-,Ganga,Ganga,Sone,Rihand,-,Rihand,24.21000000,83.02000000,03-04-2026 14:30,0.5
1950,RIHAND DAM,CWC,9,Uttar Pradesh,184,SONBHADRA,Sonbhadra,-,-,Ganga,Ganga,Sone,Rihand,-,Rihand,24.21000000,83.02000000,04-04-2026 15:30,64.5
1951,RIHAND DAM,CWC,9,Uttar Pradesh,184,SONBHADRA,Sonbhadra,-,-,Ganga,Ganga,Sone,Rihand,-,Rihand,24.21000000,83.02000000,05-04-2026 04:30,240
1952,RIHAND DAM,CWC,9,Uttar Pradesh,184,SONBHADRA,Sonbhadra,-,-,Ganga,Ganga,Sone,Rihand,-,Rihand,24.21000000,83.02000000,05-04-2026 17:30,263
1953,RIHAND DAM,CWC,9,Uttar Pradesh,184,SONBHADRA,Sonbhadra,-,-,Ganga,Ganga,Sone,Rihand,-,Rihand,24.21000000,83.02000000,08-04-2026 09:30,7
1954,RIHAND DAM,CWC,9,Uttar Pradesh,184,SONBHADRA,Sonbhadra,-,-,Ganga,Ganga,Sone,Rihand,-,Rihand,24.21000000,83.02000000,09-04-2026 21:30,257
1955,RIHAND DAM,CWC,9,Uttar Pradesh,184,SONBHADRA,Sonbhadra,-,-,Ganga,Ganga,Sone,Rihand,-,Rihand,24.21000000,83.02000000,10-04-2026 16:30,3
1956,RIHAND DAM,CWC,9,Uttar Pradesh,184,SONBHADRA,Sonbhadra,-,-,Ganga,Ganga,Sone,Rihand,-,Rihand,24.21000000,83.02000000,10-04-2026 17:30,257
1957,RIHAND DAM,CWC,9,Uttar Pradesh,184,SONBHADRA,Sonbhadra,-,-,Ganga,Ganga,Sone,Rihand,-,Rihand,24.21000000,83.02000000,13-04-2026 15:30,6
1958,RIHAND DAM,CWC,9,Uttar Pradesh,184,SONBHADRA,Sonbhadra,-,-,Ganga,Ganga,Sone,Rihand,-,Rihand,24.21000000,83.02000000,13-04-2026 22:30,48.5
1959,RIHAND DAM,CWC,9,Uttar Pradesh,184,SONBHADRA,Sonbhadra,-,-,Ganga,Ganga,Sone,Rihand,-,Rihand,24.21000000,83.02000000,13-04-2026 23:30,167
1960,RIHAND DAM,CWC,9,Uttar Pradesh,184,SONBHADRA,Sonbhadra,-,-,Ganga,Ganga,Sone,Rihand,-,Rihand,24.21000000,83.02000000,15-04-2026 00:30,160
1961,RIHAND DAM,CWC,9,Uttar Pradesh,184,SONBHADRA,Sonbhadra,-,-,Ganga,Ganga,Sone,Rihand,-,Rihand,24.21000000,83.02000000,15-04-2026 11:30,136
1962,RIHAND DAM,CWC,9,Uttar Pradesh,184,SONBHADRA,Sonbhadra,-,-,Ganga,Ganga,Sone,Rihand,-,Rihand,24.21000000,83.02000000,15-04-2026 17:30,160
1963,RIHAND DAM,CWC,9,Uttar Pradesh,184,SONBHADRA,Sonbhadra,-,-,Ganga,Ganga,Sone,Rihand,-,Rihand,24.21000000,83.02000000,17-04-2026 21:30,144
1964,RIHAND DAM,CWC,9,Uttar Pradesh,184,SONBHADRA,Sonbhadra,-,-,Ganga,Ganga,Sone,Rihand,-,Rihand,24.21000000,83.02000000,18-04-2026 12:30,34
1965,RIHAND DAM,CWC,9,Uttar Pradesh,184,SONBHADRA,Sonbhadra,-,-,Ganga,Ganga,Sone,Rihand,-,Rihand,24.21000000,83.02000000,18-04-2026 17:30,137
1966,RIHAND DAM,CWC,9,Uttar Pradesh,184,SONBHADRA,Sonbhadra,-,-,Ganga,Ganga,Sone,Rihand,-,Rihand,24.21000000,83.02000000,19-04-2026 17:30,387
1967,RIHAND DAM,CWC,9,Uttar Pradesh,184,SONBHADRA,Sonbhadra,-,-,Ganga,Ganga,Sone,Rihand,-,Rihand,24.21000000,83.02000000,19-04-2026 18:30,136
1968,RIHAND DAM,CWC,9,Uttar Pradesh,184,SONBHADRA,Sonbhadra,-,-,Ganga,Ganga,Sone,Rihand,-,Rihand,24.21000000,83.02000000,21-04-2026 00:30,0.5
1969,RIHAND DAM,CWC,9,Uttar Pradesh,184,SONBHADRA,Sonbhadra,-,-,Ganga,Ganga,Sone,Rihand,-,Rihand,24.21000000,83.02000000,23-04-2026 16:30,24
1970,RIHAND DAM,CWC,9,Uttar Pradesh,184,SONBHADRA,Sonbhadra,-,-,Ganga,Ganga,Sone,Rihand,-,Rihand,24.21000000,83.02000000,24-04-2026 00:30,9
1971,RIHAND DAM,CWC,9,Uttar Pradesh,184,SONBHADRA,Sonbhadra,-,-,Ganga,Ganga,Sone,Rihand,-,Rihand,24.21000000,83.02000000,27-04-2026 22:30,257.5
1972,RIHAND DAM,CWC,9,Uttar Pradesh,184,SONBHADRA,Sonbhadra,-,-,Ganga,Ganga,Sone,Rihand,-,Rihand,24.21000000,83.02000000,28-04-2026 16:30,120
1973,RIHAND DAM,CWC,9,Uttar Pradesh,184,SONBHADRA,Sonbhadra,-,-,Ganga,Ganga,Sone,Rihand,-,Rihand,24.21000000,83.02000000,01-05-2026 04:30,6
1974,RIHAND DAM,CWC,9,Uttar Pradesh,184,SONBHADRA,Sonbhadra,-,-,Ganga,Ganga,Sone,Rihand,-,Rihand,24.21000000,83.02000000,01-05-2026 05:30,0.5
1975,RIHAND DAM,CWC,9,Uttar Pradesh,184,SONBHADRA,Sonbhadra,-,-,Ganga,Ganga,Sone,Rihand,-,Rihand,24.21000000,83.02000000,02-05-2026 03:30,0.5
1976,RIHAND DAM,CWC,9,Uttar Pradesh,184,SONBHADRA,Sonbhadra,-,-,Ganga,Ganga,Sone,Rihand,-,Rihand,24.21000000,83.02000000,02-05-2026 05:30,8.5
1977,RIHAND DAM,CWC,9,Uttar Pradesh,184,SONBHADRA,Sonbhadra,-,-,Ganga,Ganga,Sone,Rihand,-,Rihand,24.21000000,83.02000000,02-05-2026 06:30,8.5
1978,RIHAND DAM,CWC,9,Uttar Pradesh,184,SONBHADRA,Sonbhadra,-,-,Ganga,Ganga,Sone,Rihand,-,Rihand,24.21000000,83.02000000,02-05-2026 07:30,8.5
1979,RIHAND DAM,CWC,9,Uttar Pradesh,184,SONBHADRA,Sonbhadra,-,-,Ganga,Ganga,Sone,Rihand,-,Rihand,24.21000000,83.02000000,02-05-2026 19:00,312.5
1980,RIHAND DAM,CWC,9,Uttar Pradesh,184,SONBHADRA,Sonbhadra,-,-,Ganga,Ganga,Sone,Rihand,-,Rihand,24.21000000,83.02000000,02-05-2026 20:00,64
1981,RIHAND DAM,CWC,9,Uttar Pradesh,184,SONBHADRA,Sonbhadra,-,-,Ganga,Ganga,Sone,Rihand,-,Rihand,24.21000000,83.02000000,16-05-2026 17:30,1
1982,RIHAND DAM,CWC,9,Uttar Pradesh,184,SONBHADRA,Sonbhadra,-,-,Ganga,Ganga,Sone,Rihand,-,Rihand,24.21000000,83.02000000,29-05-2026 04:30,0.5
1983,RIHAND DAM,CWC,9,Uttar Pradesh,184,SONBHADRA,Sonbhadra,-,-,Ganga,Ganga,Sone,Rihand,-,Rihand,24.21000000,83.02000000,29-05-2026 05:30,0.5
1984,RIHAND DAM,CWC,9,Uttar Pradesh,184,SONBHADRA,Sonbhadra,-,-,Ganga,Ganga,Sone,Rihand,-,Rihand,24.21000000,83.02000000,30-05-2026 10:30,197
1985,RIHAND DAM,CWC,9,Uttar Pradesh,184,SONBHADRA,Sonbhadra,-,-,Ganga,Ganga,Sone,Rihand,-,Rihand,24.21000000,83.02000000,31-05-2026 19:30,2.5
1986,RIHAND DAM,CWC,9,Uttar Pradesh,184,SONBHADRA,Sonbhadra,-,-,Ganga,Ganga,Sone,Rihand,-,Rihand,24.21000000,83.02000000,31-05-2026 20:30,3
1987,RIHAND DAM,CWC,9,Uttar Pradesh,184,SONBHADRA,Sonbhadra,-,-,Ganga,Ganga,Sone,Rihand,-,Rihand,24.21000000,83.02000000,31-05-2026 21:30,3.5
1988,RIHAND DAM,CWC,9,Uttar Pradesh,184,SONBHADRA,Sonbhadra,-,-,Ganga,Ganga,Sone,Rihand,-,Rihand,24.21000000,83.02000000,31-05-2026 22:30,4
1989,RIHAND DAM,CWC,9,Uttar Pradesh,184,SONBHADRA,Sonbhadra,-,-,Ganga,Ganga,Sone,Rihand,-,Rihand,24.21000000,83.02000000,31-05-2026 23:30,4
1990,RIHAND DAM,CWC,9,Uttar Pradesh,184,SONBHADRA,Sonbhadra,-,-,Ganga,Ganga,Sone,Rihand,-,Rihand,24.21000000,83.02000000,01-06-2026 00:30,4
1991,RIHAND DAM,CWC,9,Uttar Pradesh,184,SONBHADRA,Sonbhadra,-,-,Ganga,Ganga,Sone,Rihand,-,Rihand,24.21000000,83.02000000,01-06-2026 01:30,4.5
1992,RIHAND DAM,CWC,9,Uttar Pradesh,184,SONBHADRA,Sonbhadra,-,-,Ganga,Ganga,Sone,Rihand,-,Rihand,24.21000000,83.02000000,01-06-2026 02:30,4.5
1993,RIHAND DAM,CWC,9,Uttar Pradesh,184,SONBHADRA,Sonbhadra,-,-,Ganga,Ganga,Sone,Rihand,-,Rihand,24.21000000,83.02000000,01-06-2026 03:30,4.5
1994,RIHAND DAM,CWC,9,Uttar Pradesh,184,SONBHADRA,Sonbhadra,-,-,Ganga,Ganga,Sone,Rihand,-,Rihand,24.21000000,83.02000000,01-06-2026 04:30,4.5
1995,RIHAND DAM,CWC,9,Uttar Pradesh,184,SONBHADRA,Sonbhadra,-,-,Ganga,Ganga,Sone,Rihand,-,Rihand,24.21000000,83.02000000,01-06-2026 05:30,4.5
1996,RIHAND DAM,CWC,9,Uttar Pradesh,184,SONBHADRA,Sonbhadra,-,-,Ganga,Ganga,Sone,Rihand,-,Rihand,24.21000000,83.02000000,01-06-2026 07:30,0.5
1997,RIHAND DAM,CWC,9,Uttar Pradesh,184,SONBHADRA,Sonbhadra,-,-,Ganga,Ganga,Sone,Rihand,-,Rihand,24.21000000,83.02000000,01-06-2026 12:30,6
1998,RIHAND DAM,CWC,9,Uttar Pradesh,184,SONBHADRA,Sonbhadra,-,-,Ganga,Ganga,Sone,Rihand,-,Rihand,24.21000000,83.02000000,01-06-2026 13:30,0.5
1999,RIHAND DAM,CWC,9,Uttar Pradesh,184,SONBHADRA,Sonbhadra,-,-,Ganga,Ganga,Sone,Rihand,-,Rihand,24.21000000,83.02000000,01-06-2026 16:30,6.5
2000,RIHAND DAM,CWC,9,Uttar Pradesh,184,SONBHADRA,Sonbhadra,-,-,Ganga,Ganga,Sone,Rihand,-,Rihand,24.21000000,83.02000000,01-06-2026 19:30,6.5
2001,RIHAND DAM,CWC,9,Uttar Pradesh,184,SONBHADRA,Sonbhadra,-,-,Ganga,Ganga,Sone,Rihand,-,Rihand,24.21000000,83.02000000,01-06-2026 21:30,6.5
2002,RIHAND DAM,CWC,9,Uttar Pradesh,184,SONBHADRA,Sonbhadra,-,-,Ganga,Ganga,Sone,Rihand,-,Rihand,24.21000000,83.02000000,02-06-2026 00:30,6.5
2003,RIHAND DAM,CWC,9,Uttar Pradesh,184,SONBHADRA,Sonbhadra,-,-,Ganga,Ganga,Sone,Rihand,-,Rihand,24.21000000,83.02000000,02-06-2026 01:30,6.5
2004,RIHAND DAM,CWC,9,Uttar Pradesh,184,SONBHADRA,Sonbhadra,-,-,Ganga,Ganga,Sone,Rihand,-,Rihand,24.21000000,83.02000000,02-06-2026 02:30,6.5
2005,RIHAND DAM,CWC,9,Uttar Pradesh,184,SONBHADRA,Sonbhadra,-,-,Ganga,Ganga,Sone,Rihand,-,Rihand,24.21000000,83.02000000,02-06-2026 03:30,6.5
2006,RIHAND DAM,CWC,9,Uttar Pradesh,184,SONBHADRA,Sonbhadra,-,-,Ganga,Ganga,Sone,Rihand,-,Rihand,24.21000000,83.02000000,02-06-2026 04:30,6.5
2007,RIHAND DAM,CWC,9,Uttar Pradesh,184,SONBHADRA,Sonbhadra,-,-,Ganga,Ganga,Sone,Rihand,-,Rihand,24.21000000,83.02000000,02-06-2026 06:30,7
2008,RIHAND DAM,CWC,9,Uttar Pradesh,184,SONBHADRA,Sonbhadra,-,-,Ganga,Ganga,Sone,Rihand,-,Rihand,24.21000000,83.02000000,02-06-2026 14:30,65
2009,Sultanpur,CWC,9,Uttar Pradesh,185,SULTANPUR,DUBEY PUR,DUBEY PUR,Sultanpur,Ganga,Ganga,Gomti,-,-,Gomti,26.27527778,82.06670000,01-01-2026 00:00,NaN
2010,Sultanpur,CWC,9,Uttar Pradesh,185,SULTANPUR,DUBEY PUR,DUBEY PUR,Sultanpur,Ganga,Ganga,Gomti,-,-,Gomti,26.27527778,82.06670000,01-01-2026 01:00,NaN
2011,Sultanpur,CWC,9,Uttar Pradesh,185,SULTANPUR,DUBEY PUR,DUBEY PUR,Sultanpur,Ganga,Ganga,Gomti,-,-,Gomti,26.27527778,82.06670000,01-01-2026 02:00,NaN
2012,Sultanpur,CWC,9,Uttar Pradesh,185,SULTANPUR,DUBEY PUR,DUBEY PUR,Sultanpur,Ganga,Ganga,Gomti,-,-,Gomti,26.27527778,82.06670000,01-01-2026 04:00,NaN
2013,Sultanpur,CWC,9,Uttar Pradesh,185,SULTANPUR,DUBEY PUR,DUBEY PUR,Sultanpur,Ganga,Ganga,Gomti,-,-,Gomti,26.27527778,82.06670000,01-01-2026 05:00,NaN
2014,Sultanpur,CWC,9,Uttar Pradesh,185,SULTANPUR,DUBEY PUR,DUBEY PUR,Sultanpur,Ganga,Ganga,Gomti,-,-,Gomti,26.27527778,82.06670000,01-01-2026 08:00,NaN
2015,Sultanpur,CWC,9,Uttar Pradesh,185,SULTANPUR,DUBEY PUR,DUBEY PUR,Sultanpur,Ganga,Ganga,Gomti,-,-,Gomti,26.27527778,82.06670000,01-01-2026 09:00,NaN
2016,Sultanpur,CWC,9,Uttar Pradesh,185,SULTANPUR,DUBEY PUR,DUBEY PUR,Sultanpur,Ganga,Ganga,Gomti,-,-,Gomti,26.27527778,82.06670000,01-01-2026 10:00,NaN
2017,Sultanpur,CWC,9,Uttar Pradesh,185,SULTANPUR,DUBEY PUR,DUBEY PUR,Sultanpur,Ganga,Ganga,Gomti,-,-,Gomti,26.27527778,82.06670000,01-01-2026 11:00,NaN
2018,Sultanpur,CWC,9,Uttar Pradesh,185,SULTANPUR,DUBEY PUR,DUBEY PUR,Sultanpur,Ganga,Ganga,Gomti,-,-,Gomti,26.27527778,82.06670000,01-01-2026 12:00,NaN
2019,Sultanpur,CWC,9,Uttar Pradesh,185,SULTANPUR,DUBEY PUR,DUBEY PUR,Sultanpur,Ganga,Ganga,Gomti,-,-,Gomti,26.27527778,82.06670000,01-01-2026 13:00,NaN
2020,Sultanpur,CWC,9,Uttar Pradesh,185,SULTANPUR,DUBEY PUR,DUBEY PUR,Sultanpur,Ganga,Ganga,Gomti,-,-,Gomti,26.27527778,82.06670000,01-01-2026 14:00,NaN
2021,Sultanpur,CWC,9,Uttar Pradesh,185,SULTANPUR,DUBEY PUR,DUBEY PUR,Sultanpur,Ganga,Ganga,Gomti,-,-,Gomti,26.27527778,82.06670000,01-01-2026 15:00,NaN
2022,Sultanpur,CWC,9,Uttar Pradesh,185,SULTANPUR,DUBEY PUR,DUBEY PUR,Sultanpur,Ganga,Ganga,Gomti,-,-,Gomti,26.27527778,82.06670000,01-01-2026 16:00,NaN
2023,Sultanpur,CWC,9,Uttar Pradesh,185,SULTANPUR,DUBEY PUR,DUBEY PUR,Sultanpur,Ganga,Ganga,Gomti,-,-,Gomti,26.27527778,82.06670000,01-01-2026 17:00,NaN
2024,Sultanpur,CWC,9,Uttar Pradesh,185,SULTANPUR,DUBEY PUR,DUBEY PUR,Sultanpur,Ganga,Ganga,Gomti,-,-,Gomti,26.27527778,82.06670000,01-01-2026 18:00,NaN
2025,Sultanpur,CWC,9,Uttar Pradesh,185,SULTANPUR,DUBEY PUR,DUBEY PUR,Sultanpur,Ganga,Ganga,Gomti,-,-,Gomti,26.27527778,82.06670000,01-01-2026 19:00,NaN
2026,Sultanpur,CWC,9,Uttar Pradesh,185,SULTANPUR,DUBEY PUR,DUBEY PUR,Sultanpur,Ganga,Ganga,Gomti,-,-,Gomti,26.27527778,82.06670000,01-01-2026 20:00,NaN
2027,Sultanpur,CWC,9,Uttar Pradesh,185,SULTANPUR,DUBEY PUR,DUBEY PUR,Sultanpur,Ganga,Ganga,Gomti,-,-,Gomti,26.27527778,82.06670000,01-01-2026 21:00,NaN
2028,Sultanpur,CWC,9,Uttar Pradesh,185,SULTANPUR,DUBEY PUR,DUBEY PUR,Sultanpur,Ganga,Ganga,Gomti,-,-,Gomti,26.27527778,82.06670000,01-01-2026 22:00,NaN
2029,Sultanpur,CWC,9,Uttar Pradesh,185,SULTANPUR,DUBEY PUR,DUBEY PUR,Sultanpur,Ganga,Ganga,Gomti,-,-,Gomti,26.27527778,82.06670000,01-01-2026 23:00,NaN
2030,Sultanpur,CWC,9,Uttar Pradesh,185,SULTANPUR,DUBEY PUR,DUBEY PUR,Sultanpur,Ganga,Ganga,Gomti,-,-,Gomti,26.27527778,82.06670000,02-01-2026 00:00,NaN
2031,Sultanpur,CWC,9,Uttar Pradesh,185,SULTANPUR,DUBEY PUR,DUBEY PUR,Sultanpur,Ganga,Ganga,Gomti,-,-,Gomti,26.27527778,82.06670000,02-01-2026 01:00,NaN
2032,Sultanpur,CWC,9,Uttar Pradesh,185,SULTANPUR,DUBEY PUR,DUBEY PUR,Sultanpur,Ganga,Ganga,Gomti,-,-,Gomti,26.27527778,82.06670000,02-01-2026 02:00,NaN
2033,Sultanpur,CWC,9,Uttar Pradesh,185,SULTANPUR,DUBEY PUR,DUBEY PUR,Sultanpur,Ganga,Ganga,Gomti,-,-,Gomti,26.27527778,82.06670000,02-01-2026 03:00,NaN
2034,Sultanpur,CWC,9,Uttar Pradesh,185,SULTANPUR,DUBEY PUR,DUBEY PUR,Sultanpur,Ganga,Ganga,Gomti,-,-,Gomti,26.27527778,82.06670000,02-01-2026 04:00,NaN
2035,Sultanpur,CWC,9,Uttar Pradesh,185,SULTANPUR,DUBEY PUR,DUBEY PUR,Sultanpur,Ganga,Ganga,Gomti,-,-,Gomti,26.27527778,82.06670000,02-01-2026 05:00,NaN
2036,Sultanpur,CWC,9,Uttar Pradesh,185,SULTANPUR,DUBEY PUR,DUBEY PUR,Sultanpur,Ganga,Ganga,Gomti,-,-,Gomti,26.27527778,82.06670000,02-01-2026 06:00,NaN
2037,Sultanpur,CWC,9,Uttar Pradesh,185,SULTANPUR,DUBEY PUR,DUBEY PUR,Sultanpur,Ganga,Ganga,Gomti,-,-,Gomti,26.27527778,82.06670000,02-01-2026 07:00,NaN
2038,Sultanpur,CWC,9,Uttar Pradesh,185,SULTANPUR,DUBEY PUR,DUBEY PUR,Sultanpur,Ganga,Ganga,Gomti,-,-,Gomti,26.27527778,82.06670000,02-01-2026 08:00,NaN
2039,Sultanpur,CWC,9,Uttar Pradesh,185,SULTANPUR,DUBEY PUR,DUBEY PUR,Sultanpur,Ganga,Ganga,Gomti,-,-,Gomti,26.27527778,82.06670000,02-01-2026 09:00,NaN
2040,Sultanpur,CWC,9,Uttar Pradesh,185,SULTANPUR,DUBEY PUR,DUBEY PUR,Sultanpur,Ganga,Ganga,Gomti,-,-,Gomti,26.27527778,82.06670000,02-01-2026 10:00,NaN
2041,Sultanpur,CWC,9,Uttar Pradesh,185,SULTANPUR,DUBEY PUR,DUBEY PUR,Sultanpur,Ganga,Ganga,Gomti,-,-,Gomti,26.27527778,82.06670000,02-01-2026 11:00,NaN
2042,Sultanpur,CWC,9,Uttar Pradesh,185,SULTANPUR,DUBEY PUR,DUBEY PUR,Sultanpur,Ganga,Ganga,Gomti,-,-,Gomti,26.27527778,82.06670000,02-01-2026 12:00,NaN
2043,Sultanpur,CWC,9,Uttar Pradesh,185,SULTANPUR,DUBEY PUR,DUBEY PUR,Sultanpur,Ganga,Ganga,Gomti,-,-,Gomti,26.27527778,82.06670000,02-01-2026 13:00,NaN
2044,Sultanpur,CWC,9,Uttar Pradesh,185,SULTANPUR,DUBEY PUR,DUBEY PUR,Sultanpur,Ganga,Ganga,Gomti,-,-,Gomti,26.27527778,82.06670000,02-01-2026 14:00,NaN
2045,Sultanpur,CWC,9,Uttar Pradesh,185,SULTANPUR,DUBEY PUR,DUBEY PUR,Sultanpur,Ganga,Ganga,Gomti,-,-,Gomti,26.27527778,82.06670000,02-01-2026 15:00,NaN
2046,Sultanpur,CWC,9,Uttar Pradesh,185,SULTANPUR,DUBEY PUR,DUBEY PUR,Sultanpur,Ganga,Ganga,Gomti,-,-,Gomti,26.27527778,82.06670000,02-01-2026 17:00,NaN
2047,Sultanpur,CWC,9,Uttar Pradesh,185,SULTANPUR,DUBEY PUR,DUBEY PUR,Sultanpur,Ganga,Ganga,Gomti,-,-,Gomti,26.27527778,82.06670000,02-01-2026 18:00,NaN
2048,Sultanpur,CWC,9,Uttar Pradesh,185,SULTANPUR,DUBEY PUR,DUBEY PUR,Sultanpur,Ganga,Ganga,Gomti,-,-,Gomti,26.27527778,82.06670000,02-01-2026 20:00,NaN
2049,Sultanpur,CWC,9,Uttar Pradesh,185,SULTANPUR,DUBEY PUR,DUBEY PUR,Sultanpur,Ganga,Ganga,Gomti,-,-,Gomti,26.27527778,82.06670000,02-01-2026 21:00,NaN
2050,Sultanpur,CWC,9,Uttar Pradesh,185,SULTANPUR,DUBEY PUR,DUBEY PUR,Sultanpur,Ganga,Ganga,Gomti,-,-,Gomti,26.27527778,82.06670000,02-01-2026 22:00,NaN
2051,Sultanpur,CWC,9,Uttar Pradesh,185,SULTANPUR,DUBEY PUR,DUBEY PUR,Sultanpur,Ganga,Ganga,Gomti,-,-,Gomti,26.27527778,82.06670000,02-01-2026 23:00,NaN
2052,Sultanpur,CWC,9,Uttar Pradesh,185,SULTANPUR,DUBEY PUR,DUBEY PUR,Sultanpur,Ganga,Ganga,Gomti,-,-,Gomti,26.27527778,82.06670000,03-01-2026 00:00,NaN
2053,Sultanpur,CWC,9,Uttar Pradesh,185,SULTANPUR,DUBEY PUR,DUBEY PUR,Sultanpur,Ganga,Ganga,Gomti,-,-,Gomti,26.27527778,82.06670000,03-01-2026 01:00,NaN
2054,Sultanpur,CWC,9,Uttar Pradesh,185,SULTANPUR,DUBEY PUR,DUBEY PUR,Sultanpur,Ganga,Ganga,Gomti,-,-,Gomti,26.27527778,82.06670000,03-01-2026 02:00,NaN
2055,Sultanpur,CWC,9,Uttar Pradesh,185,SULTANPUR,DUBEY PUR,DUBEY PUR,Sultanpur,Ganga,Ganga,Gomti,-,-,Gomti,26.27527778,82.06670000,03-01-2026 04:00,NaN
2056,Sultanpur,CWC,9,Uttar Pradesh,185,SULTANPUR,DUBEY PUR,DUBEY PUR,Sultanpur,Ganga,Ganga,Gomti,-,-,Gomti,26.27527778,82.06670000,03-01-2026 05:00,NaN
2057,Sultanpur,CWC,9,Uttar Pradesh,185,SULTANPUR,DUBEY PUR,DUBEY PUR,Sultanpur,Ganga,Ganga,Gomti,-,-,Gomti,26.27527778,82.06670000,03-01-2026 06:00,NaN
2058,Sultanpur,CWC,9,Uttar Pradesh,185,SULTANPUR,DUBEY PUR,DUBEY PUR,Sultanpur,Ganga,Ganga,Gomti,-,-,Gomti,26.27527778,82.06670000,03-01-2026 07:00,NaN
2059,Sultanpur,CWC,9,Uttar Pradesh,185,SULTANPUR,DUBEY PUR,DUBEY PUR,Sultanpur,Ganga,Ganga,Gomti,-,-,Gomti,26.27527778,82.06670000,03-01-2026 08:00,NaN
2060,Sultanpur,CWC,9,Uttar Pradesh,185,SULTANPUR,DUBEY PUR,DUBEY PUR,Sultanpur,Ganga,Ganga,Gomti,-,-,Gomti,26.27527778,82.06670000,03-01-2026 09:00,NaN
2061,Sultanpur,CWC,9,Uttar Pradesh,185,SULTANPUR,DUBEY PUR,DUBEY PUR,Sultanpur,Ganga,Ganga,Gomti,-,-,Gomti,26.27527778,82.06670000,03-01-2026 10:00,NaN
2062,Sultanpur,CWC,9,Uttar Pradesh,185,SULTANPUR,DUBEY PUR,DUBEY PUR,Sultanpur,Ganga,Ganga,Gomti,-,-,Gomti,26.27527778,82.06670000,03-01-2026 11:00,NaN
2063,Sultanpur,CWC,9,Uttar Pradesh,185,SULTANPUR,DUBEY PUR,DUBEY PUR,Sultanpur,Ganga,Ganga,Gomti,-,-,Gomti,26.27527778,82.06670000,03-01-2026 12:00,NaN
2064,Sultanpur,CWC,9,Uttar Pradesh,185,SULTANPUR,DUBEY PUR,DUBEY PUR,Sultanpur,Ganga,Ganga,Gomti,-,-,Gomti,26.27527778,82.06670000,03-01-2026 13:00,NaN
2065,Sultanpur,CWC,9,Uttar Pradesh,185,SULTANPUR,DUBEY PUR,DUBEY PUR,Sultanpur,Ganga,Ganga,Gomti,-,-,Gomti,26.27527778,82.06670000,03-01-2026 14:00,NaN
2066,Sultanpur,CWC,9,Uttar Pradesh,185,SULTANPUR,DUBEY PUR,DUBEY PUR,Sultanpur,Ganga,Ganga,Gomti,-,-,Gomti,26.27527778,82.06670000,03-01-2026 15:00,NaN
2067,Sultanpur,CWC,9,Uttar Pradesh,185,SULTANPUR,DUBEY PUR,DUBEY PUR,Sultanpur,Ganga,Ganga,Gomti,-,-,Gomti,26.27527778,82.06670000,03-01-2026 16:00,NaN
2068,Sultanpur,CWC,9,Uttar Pradesh,185,SULTANPUR,DUBEY PUR,DUBEY PUR,Sultanpur,Ganga,Ganga,Gomti,-,-,Gomti,26.27527778,82.06670000,03-01-2026 17:00,NaN
2069,Sultanpur,CWC,9,Uttar Pradesh,185,SULTANPUR,DUBEY PUR,DUBEY PUR,Sultanpur,Ganga,Ganga,Gomti,-,-,Gomti,26.27527778,82.06670000,03-01-2026 18:00,NaN
2070,Sultanpur,CWC,9,Uttar Pradesh,185,SULTANPUR,DUBEY PUR,DUBEY PUR,Sultanpur,Ganga,Ganga,Gomti,-,-,Gomti,26.27527778,82.06670000,03-01-2026 19:00,NaN
2071,Sultanpur,CWC,9,Uttar Pradesh,185,SULTANPUR,DUBEY PUR,DUBEY PUR,Sultanpur,Ganga,Ganga,Gomti,-,-,Gomti,26.27527778,82.06670000,03-01-2026 20:00,NaN
2072,Sultanpur,CWC,9,Uttar Pradesh,185,SULTANPUR,DUBEY PUR,DUBEY PUR,Sultanpur,Ganga,Ganga,Gomti,-,-,Gomti,26.27527778,82.06670000,03-01-2026 21:00,NaN
2073,Sultanpur,CWC,9,Uttar Pradesh,185,SULTANPUR,DUBEY PUR,DUBEY PUR,Sultanpur,Ganga,Ganga,Gomti,-,-,Gomti,26.27527778,82.06670000,03-01-2026 22:00,NaN
2074,Sultanpur,CWC,9,Uttar Pradesh,185,SULTANPUR,DUBEY PUR,DUBEY PUR,Sultanpur,Ganga,Ganga,Gomti,-,-,Gomti,26.27527778,82.06670000,04-01-2026 00:00,NaN
2075,Sultanpur,CWC,9,Uttar Pradesh,185,SULTANPUR,DUBEY PUR,DUBEY PUR,Sultanpur,Ganga,Ganga,Gomti,-,-,Gomti,26.27527778,82.06670000,04-01-2026 03:00,NaN
2076,Sultanpur,CWC,9,Uttar Pradesh,185,SULTANPUR,DUBEY PUR,DUBEY PUR,Sultanpur,Ganga,Ganga,Gomti,-,-,Gomti,26.27527778,82.06670000,04-01-2026 04:00,NaN
2077,Sultanpur,CWC,9,Uttar Pradesh,185,SULTANPUR,DUBEY PUR,DUBEY PUR,Sultanpur,Ganga,Ganga,Gomti,-,-,Gomti,26.27527778,82.06670000,04-01-2026 05:00,NaN
2078,Sultanpur,CWC,9,Uttar Pradesh,185,SULTANPUR,DUBEY PUR,DUBEY PUR,Sultanpur,Ganga,Ganga,Gomti,-,-,Gomti,26.27527778,82.06670000,04-01-2026 06:00,NaN
2079,Sultanpur,CWC,9,Uttar Pradesh,185,SULTANPUR,DUBEY PUR,DUBEY PUR,Sultanpur,Ganga,Ganga,Gomti,-,-,Gomti,26.27527778,82.06670000,04-01-2026 08:00,NaN
2080,Sultanpur,CWC,9,Uttar Pradesh,185,SULTANPUR,DUBEY PUR,DUBEY PUR,Sultanpur,Ganga,Ganga,Gomti,-,-,Gomti,26.27527778,82.06670000,04-01-2026 10:00,NaN
2081,Sultanpur,CWC,9,Uttar Pradesh,185,SULTANPUR,DUBEY PUR,DUBEY PUR,Sultanpur,Ganga,Ganga,Gomti,-,-,Gomti,26.27527778,82.06670000,04-01-2026 11:00,NaN
2082,Sultanpur,CWC,9,Uttar Pradesh,185,SULTANPUR,DUBEY PUR,DUBEY PUR,Sultanpur,Ganga,Ganga,Gomti,-,-,Gomti,26.27527778,82.06670000,04-01-2026 14:00,NaN
2083,Sultanpur,CWC,9,Uttar Pradesh,185,SULTANPUR,DUBEY PUR,DUBEY PUR,Sultanpur,Ganga,Ganga,Gomti,-,-,Gomti,26.27527778,82.06670000,04-01-2026 15:00,NaN
2084,Sultanpur,CWC,9,Uttar Pradesh,185,SULTANPUR,DUBEY PUR,DUBEY PUR,Sultanpur,Ganga,Ganga,Gomti,-,-,Gomti,26.27527778,82.06670000,04-01-2026 16:00,NaN
2085,Sultanpur,CWC,9,Uttar Pradesh,185,SULTANPUR,DUBEY PUR,DUBEY PUR,Sultanpur,Ganga,Ganga,Gomti,-,-,Gomti,26.27527778,82.06670000,04-01-2026 17:00,NaN
2086,Sultanpur,CWC,9,Uttar Pradesh,185,SULTANPUR,DUBEY PUR,DUBEY PUR,Sultanpur,Ganga,Ganga,Gomti,-,-,Gomti,26.27527778,82.06670000,04-01-2026 18:00,NaN
2087,Sultanpur,CWC,9,Uttar Pradesh,185,SULTANPUR,DUBEY PUR,DUBEY PUR,Sultanpur,Ganga,Ganga,Gomti,-,-,Gomti,26.27527778,82.06670000,04-01-2026 19:00,NaN
2088,Sultanpur,CWC,9,Uttar Pradesh,185,SULTANPUR,DUBEY PUR,DUBEY PUR,Sultanpur,Ganga,Ganga,Gomti,-,-,Gomti,26.27527778,82.06670000,04-01-2026 20:00,NaN
2089,Sultanpur,CWC,9,Uttar Pradesh,185,SULTANPUR,DUBEY PUR,DUBEY PUR,Sultanpur,Ganga,Ganga,Gomti,-,-,Gomti,26.27527778,82.06670000,04-01-2026 21:00,NaN
2090,Sultanpur,CWC,9,Uttar Pradesh,185,SULTANPUR,DUBEY PUR,DUBEY PUR,Sultanpur,Ganga,Ganga,Gomti,-,-,Gomti,26.27527778,82.06670000,04-01-2026 22:00,NaN
2091,Sultanpur,CWC,9,Uttar Pradesh,185,SULTANPUR,DUBEY PUR,DUBEY PUR,Sultanpur,Ganga,Ganga,Gomti,-,-,Gomti,26.27527778,82.06670000,04-01-2026 23:00,NaN
2092,Sultanpur,CWC,9,Uttar Pradesh,185,SULTANPUR,DUBEY PUR,DUBEY PUR,Sultanpur,Ganga,Ganga,Gomti,-,-,Gomti,26.27527778,82.06670000,05-01-2026 00:00,NaN
2093,Sultanpur,CWC,9,Uttar Pradesh,185,SULTANPUR,DUBEY PUR,DUBEY PUR,Sultanpur,Ganga,Ganga,Gomti,-,-,Gomti,26.27527778,82.06670000,05-01-2026 01:00,NaN
2094,Sultanpur,CWC,9,Uttar Pradesh,185,SULTANPUR,DUBEY PUR,DUBEY PUR,Sultanpur,Ganga,Ganga,Gomti,-,-,Gomti,26.27527778,82.06670000,05-01-2026 02:00,NaN
2095,Sultanpur,CWC,9,Uttar Pradesh,185,SULTANPUR,DUBEY PUR,DUBEY PUR,Sultanpur,Ganga,Ganga,Gomti,-,-,Gomti,26.27527778,82.06670000,05-01-2026 03:00,NaN
2096,Sultanpur,CWC,9,Uttar Pradesh,185,SULTANPUR,DUBEY PUR,DUBEY PUR,Sultanpur,Ganga,Ganga,Gomti,-,-,Gomti,26.27527778,82.06670000,05-01-2026 04:00,NaN
2097,Sultanpur,CWC,9,Uttar Pradesh,185,SULTANPUR,DUBEY PUR,DUBEY PUR,Sultanpur,Ganga,Ganga,Gomti,-,-,Gomti,26.27527778,82.06670000,05-01-2026 07:00,NaN
2098,Sultanpur,CWC,9,Uttar Pradesh,185,SULTANPUR,DUBEY PUR,DUBEY PUR,Sultanpur,Ganga,Ganga,Gomti,-,-,Gomti,26.27527778,82.06670000,05-01-2026 08:00,NaN
2099,Sultanpur,CWC,9,Uttar Pradesh,185,SULTANPUR,DUBEY PUR,DUBEY PUR,Sultanpur,Ganga,Ganga,Gomti,-,-,Gomti,26.27527778,82.06670000,05-01-2026 09:00,NaN
2100,Sultanpur,CWC,9,Uttar Pradesh,185,SULTANPUR,DUBEY PUR,DUBEY PUR,Sultanpur,Ganga,Ganga,Gomti,-,-,Gomti,26.27527778,82.06670000,05-01-2026 11:00,NaN
2101,Sultanpur,CWC,9,Uttar Pradesh,185,SULTANPUR,DUBEY PUR,DUBEY PUR,Sultanpur,Ganga,Ganga,Gomti,-,-,Gomti,26.27527778,82.06670000,05-01-2026 12:00,NaN
2102,Sultanpur,CWC,9,Uttar Pradesh,185,SULTANPUR,DUBEY PUR,DUBEY PUR,Sultanpur,Ganga,Ganga,Gomti,-,-,Gomti,26.27527778,82.06670000,05-01-2026 13:00,NaN
2103,Sultanpur,CWC,9,Uttar Pradesh,185,SULTANPUR,DUBEY PUR,DUBEY PUR,Sultanpur,Ganga,Ganga,Gomti,-,-,Gomti,26.27527778,82.06670000,05-01-2026 15:00,NaN
2104,Sultanpur,CWC,9,Uttar Pradesh,185,SULTANPUR,DUBEY PUR,DUBEY PUR,Sultanpur,Ganga,Ganga,Gomti,-,-,Gomti,26.27527778,82.06670000,05-01-2026 16:00,NaN
2105,Sultanpur,CWC,9,Uttar Pradesh,185,SULTANPUR,DUBEY PUR,DUBEY PUR,Sultanpur,Ganga,Ganga,Gomti,-,-,Gomti,26.27527778,82.06670000,05-01-2026 17:00,NaN
2106,Sultanpur,CWC,9,Uttar Pradesh,185,SULTANPUR,DUBEY PUR,DUBEY PUR,Sultanpur,Ganga,Ganga,Gomti,-,-,Gomti,26.27527778,82.06670000,05-01-2026 18:00,NaN
2107,Sultanpur,CWC,9,Uttar Pradesh,185,SULTANPUR,DUBEY PUR,DUBEY PUR,Sultanpur,Ganga,Ganga,Gomti,-,-,Gomti,26.27527778,82.06670000,05-01-2026 19:00,NaN
2108,Sultanpur,CWC,9,Uttar Pradesh,185,SULTANPUR,DUBEY PUR,DUBEY PUR,Sultanpur,Ganga,Ganga,Gomti,-,-,Gomti,26.27527778,82.06670000,05-01-2026 21:00,NaN
2109,Sultanpur,CWC,9,Uttar Pradesh,185,SULTANPUR,DUBEY PUR,DUBEY PUR,Sultanpur,Ganga,Ganga,Gomti,-,-,Gomti,26.27527778,82.06670000,05-01-2026 22:00,NaN
2110,Sultanpur,CWC,9,Uttar Pradesh,185,SULTANPUR,DUBEY PUR,DUBEY PUR,Sultanpur,Ganga,Ganga,Gomti,-,-,Gomti,26.27527778,82.06670000,05-01-2026 23:00,NaN
2111,Sultanpur,CWC,9,Uttar Pradesh,185,SULTANPUR,DUBEY PUR,DUBEY PUR,Sultanpur,Ganga,Ganga,Gomti,-,-,Gomti,26.27527778,82.06670000,06-01-2026 01:00,NaN
2112,Sultanpur,CWC,9,Uttar Pradesh,185,SULTANPUR,DUBEY PUR,DUBEY PUR,Sultanpur,Ganga,Ganga,Gomti,-,-,Gomti,26.27527778,82.06670000,06-01-2026 02:00,NaN
2113,Sultanpur,CWC,9,Uttar Pradesh,185,SULTANPUR,DUBEY PUR,DUBEY PUR,Sultanpur,Ganga,Ganga,Gomti,-,-,Gomti,26.27527778,82.06670000,06-01-2026 04:00,NaN
2114,Sultanpur,CWC,9,Uttar Pradesh,185,SULTANPUR,DUBEY PUR,DUBEY PUR,Sultanpur,Ganga,Ganga,Gomti,-,-,Gomti,26.27527778,82.06670000,06-01-2026 05:00,NaN
2115,Sultanpur,CWC,9,Uttar Pradesh,185,SULTANPUR,DUBEY PUR,DUBEY PUR,Sultanpur,Ganga,Ganga,Gomti,-,-,Gomti,26.27527778,82.06670000,06-01-2026 06:00,NaN
2116,Sultanpur,CWC,9,Uttar Pradesh,185,SULTANPUR,DUBEY PUR,DUBEY PUR,Sultanpur,Ganga,Ganga,Gomti,-,-,Gomti,26.27527778,82.06670000,06-01-2026 08:00,NaN
2117,Sultanpur,CWC,9,Uttar Pradesh,185,SULTANPUR,DUBEY PUR,DUBEY PUR,Sultanpur,Ganga,Ganga,Gomti,-,-,Gomti,26.27527778,82.06670000,06-01-2026 10:00,NaN
2118,Sultanpur,CWC,9,Uttar Pradesh,185,SULTANPUR,DUBEY PUR,DUBEY PUR,Sultanpur,Ganga,Ganga,Gomti,-,-,Gomti,26.27527778,82.06670000,06-01-2026 12:00,NaN
2119,Sultanpur,CWC,9,Uttar Pradesh,185,SULTANPUR,DUBEY PUR,DUBEY PUR,Sultanpur,Ganga,Ganga,Gomti,-,-,Gomti,26.27527778,82.06670000,06-01-2026 13:00,NaN
2120,Sultanpur,CWC,9,Uttar Pradesh,185,SULTANPUR,DUBEY PUR,DUBEY PUR,Sultanpur,Ganga,Ganga,Gomti,-,-,Gomti,26.27527778,82.06670000,06-01-2026 14:00,NaN
2121,Sultanpur,CWC,9,Uttar Pradesh,185,SULTANPUR,DUBEY PUR,DUBEY PUR,Sultanpur,Ganga,Ganga,Gomti,-,-,Gomti,26.27527778,82.06670000,06-01-2026 15:00,NaN
2122,Sultanpur,CWC,9,Uttar Pradesh,185,SULTANPUR,DUBEY PUR,DUBEY PUR,Sultanpur,Ganga,Ganga,Gomti,-,-,Gomti,26.27527778,82.06670000,07-01-2026 00:00,NaN
2123,Sultanpur,CWC,9,Uttar Pradesh,185,SULTANPUR,DUBEY PUR,DUBEY PUR,Sultanpur,Ganga,Ganga,Gomti,-,-,Gomti,26.27527778,82.06670000,07-01-2026 01:00,NaN
2124,Sultanpur,CWC,9,Uttar Pradesh,185,SULTANPUR,DUBEY PUR,DUBEY PUR,Sultanpur,Ganga,Ganga,Gomti,-,-,Gomti,26.27527778,82.06670000,07-01-2026 02:00,NaN
2125,Sultanpur,CWC,9,Uttar Pradesh,185,SULTANPUR,DUBEY PUR,DUBEY PUR,Sultanpur,Ganga,Ganga,Gomti,-,-,Gomti,26.27527778,82.06670000,07-01-2026 03:00,NaN
2126,Sultanpur,CWC,9,Uttar Pradesh,185,SULTANPUR,DUBEY PUR,DUBEY PUR,Sultanpur,Ganga,Ganga,Gomti,-,-,Gomti,26.27527778,82.06670000,07-01-2026 05:00,NaN
2127,Sultanpur,CWC,9,Uttar Pradesh,185,SULTANPUR,DUBEY PUR,DUBEY PUR,Sultanpur,Ganga,Ganga,Gomti,-,-,Gomti,26.27527778,82.06670000,07-01-2026 07:00,NaN
2128,Sultanpur,CWC,9,Uttar Pradesh,185,SULTANPUR,DUBEY PUR,DUBEY PUR,Sultanpur,Ganga,Ganga,Gomti,-,-,Gomti,26.27527778,82.06670000,07-01-2026 10:00,NaN
2129,Sultanpur,CWC,9,Uttar Pradesh,185,SULTANPUR,DUBEY PUR,DUBEY PUR,Sultanpur,Ganga,Ganga,Gomti,-,-,Gomti,26.27527778,82.06670000,07-01-2026 14:00,NaN
2130,Sultanpur,CWC,9,Uttar Pradesh,185,SULTANPUR,DUBEY PUR,DUBEY PUR,Sultanpur,Ganga,Ganga,Gomti,-,-,Gomti,26.27527778,82.06670000,07-01-2026 15:00,NaN
2131,Sultanpur,CWC,9,Uttar Pradesh,185,SULTANPUR,DUBEY PUR,DUBEY PUR,Sultanpur,Ganga,Ganga,Gomti,-,-,Gomti,26.27527778,82.06670000,07-01-2026 16:00,NaN
2132,Sultanpur,CWC,9,Uttar Pradesh,185,SULTANPUR,DUBEY PUR,DUBEY PUR,Sultanpur,Ganga,Ganga,Gomti,-,-,Gomti,26.27527778,82.06670000,07-01-2026 17:00,NaN
2133,Sultanpur,CWC,9,Uttar Pradesh,185,SULTANPUR,DUBEY PUR,DUBEY PUR,Sultanpur,Ganga,Ganga,Gomti,-,-,Gomti,26.27527778,82.06670000,07-01-2026 18:00,NaN
2134,Sultanpur,CWC,9,Uttar Pradesh,185,SULTANPUR,DUBEY PUR,DUBEY PUR,Sultanpur,Ganga,Ganga,Gomti,-,-,Gomti,26.27527778,82.06670000,07-01-2026 19:00,NaN
2135,Sultanpur,CWC,9,Uttar Pradesh,185,SULTANPUR,DUBEY PUR,DUBEY PUR,Sultanpur,Ganga,Ganga,Gomti,-,-,Gomti,26.27527778,82.06670000,07-01-2026 21:00,NaN
2136,Sultanpur,CWC,9,Uttar Pradesh,185,SULTANPUR,DUBEY PUR,DUBEY PUR,Sultanpur,Ganga,Ganga,Gomti,-,-,Gomti,26.27527778,82.06670000,07-01-2026 22:00,NaN
2137,Sultanpur,CWC,9,Uttar Pradesh,185,SULTANPUR,DUBEY PUR,DUBEY PUR,Sultanpur,Ganga,Ganga,Gomti,-,-,Gomti,26.27527778,82.06670000,07-01-2026 23:00,NaN
2138,Sultanpur,CWC,9,Uttar Pradesh,185,SULTANPUR,DUBEY PUR,DUBEY PUR,Sultanpur,Ganga,Ganga,Gomti,-,-,Gomti,26.27527778,82.06670000,08-01-2026 00:00,NaN
2139,Sultanpur,CWC,9,Uttar Pradesh,185,SULTANPUR,DUBEY PUR,DUBEY PUR,Sultanpur,Ganga,Ganga,Gomti,-,-,Gomti,26.27527778,82.06670000,08-01-2026 01:00,NaN
2140,Sultanpur,CWC,9,Uttar Pradesh,185,SULTANPUR,DUBEY PUR,DUBEY PUR,Sultanpur,Ganga,Ganga,Gomti,-,-,Gomti,26.27527778,82.06670000,08-01-2026 02:00,NaN
2141,Sultanpur,CWC,9,Uttar Pradesh,185,SULTANPUR,DUBEY PUR,DUBEY PUR,Sultanpur,Ganga,Ganga,Gomti,-,-,Gomti,26.27527778,82.06670000,08-01-2026 03:00,NaN
2142,Sultanpur,CWC,9,Uttar Pradesh,185,SULTANPUR,DUBEY PUR,DUBEY PUR,Sultanpur,Ganga,Ganga,Gomti,-,-,Gomti,26.27527778,82.06670000,08-01-2026 07:00,NaN
2143,Sultanpur,CWC,9,Uttar Pradesh,185,SULTANPUR,DUBEY PUR,DUBEY PUR,Sultanpur,Ganga,Ganga,Gomti,-,-,Gomti,26.27527778,82.06670000,08-01-2026 12:00,NaN
2144,Sultanpur,CWC,9,Uttar Pradesh,185,SULTANPUR,DUBEY PUR,DUBEY PUR,Sultanpur,Ganga,Ganga,Gomti,-,-,Gomti,26.27527778,82.06670000,08-01-2026 13:00,NaN
2145,Sultanpur,CWC,9,Uttar Pradesh,185,SULTANPUR,DUBEY PUR,DUBEY PUR,Sultanpur,Ganga,Ganga,Gomti,-,-,Gomti,26.27527778,82.06670000,08-01-2026 14:00,NaN
2146,Sultanpur,CWC,9,Uttar Pradesh,185,SULTANPUR,DUBEY PUR,DUBEY PUR,Sultanpur,Ganga,Ganga,Gomti,-,-,Gomti,26.27527778,82.06670000,08-01-2026 15:00,NaN
2147,Sultanpur,CWC,9,Uttar Pradesh,185,SULTANPUR,DUBEY PUR,DUBEY PUR,Sultanpur,Ganga,Ganga,Gomti,-,-,Gomti,26.27527778,82.06670000,08-01-2026 16:00,NaN
2148,Sultanpur,CWC,9,Uttar Pradesh,185,SULTANPUR,DUBEY PUR,DUBEY PUR,Sultanpur,Ganga,Ganga,Gomti,-,-,Gomti,26.27527778,82.06670000,08-01-2026 17:00,NaN
2149,Sultanpur,CWC,9,Uttar Pradesh,185,SULTANPUR,DUBEY PUR,DUBEY PUR,Sultanpur,Ganga,Ganga,Gomti,-,-,Gomti,26.27527778,82.06670000,08-01-2026 19:00,NaN
2150,Sultanpur,CWC,9,Uttar Pradesh,185,SULTANPUR,DUBEY PUR,DUBEY PUR,Sultanpur,Ganga,Ganga,Gomti,-,-,Gomti,26.27527778,82.06670000,08-01-2026 21:00,NaN
2151,Sultanpur,CWC,9,Uttar Pradesh,185,SULTANPUR,DUBEY PUR,DUBEY PUR,Sultanpur,Ganga,Ganga,Gomti,-,-,Gomti,26.27527778,82.06670000,08-01-2026 22:00,NaN
2152,Sultanpur,CWC,9,Uttar Pradesh,185,SULTANPUR,DUBEY PUR,DUBEY PUR,Sultanpur,Ganga,Ganga,Gomti,-,-,Gomti,26.27527778,82.06670000,08-01-2026 23:00,NaN
2153,Sultanpur,CWC,9,Uttar Pradesh,185,SULTANPUR,DUBEY PUR,DUBEY PUR,Sultanpur,Ganga,Ganga,Gomti,-,-,Gomti,26.27527778,82.06670000,09-01-2026 00:00,NaN
2154,Sultanpur,CWC,9,Uttar Pradesh,185,SULTANPUR,DUBEY PUR,DUBEY PUR,Sultanpur,Ganga,Ganga,Gomti,-,-,Gomti,26.27527778,82.06670000,09-01-2026 01:00,NaN
2155,Sultanpur,CWC,9,Uttar Pradesh,185,SULTANPUR,DUBEY PUR,DUBEY PUR,Sultanpur,Ganga,Ganga,Gomti,-,-,Gomti,26.27527778,82.06670000,09-01-2026 02:00,NaN
2156,Sultanpur,CWC,9,Uttar Pradesh,185,SULTANPUR,DUBEY PUR,DUBEY PUR,Sultanpur,Ganga,Ganga,Gomti,-,-,Gomti,26.27527778,82.06670000,09-01-2026 03:00,NaN
2157,Sultanpur,CWC,9,Uttar Pradesh,185,SULTANPUR,DUBEY PUR,DUBEY PUR,Sultanpur,Ganga,Ganga,Gomti,-,-,Gomti,26.27527778,82.06670000,09-01-2026 04:00,NaN
2158,Sultanpur,CWC,9,Uttar Pradesh,185,SULTANPUR,DUBEY PUR,DUBEY PUR,Sultanpur,Ganga,Ganga,Gomti,-,-,Gomti,26.27527778,82.06670000,09-01-2026 05:00,NaN
2159,Sultanpur,CWC,9,Uttar Pradesh,185,SULTANPUR,DUBEY PUR,DUBEY PUR,Sultanpur,Ganga,Ganga,Gomti,-,-,Gomti,26.27527778,82.06670000,09-01-2026 10:00,NaN
2160,Sultanpur,CWC,9,Uttar Pradesh,185,SULTANPUR,DUBEY PUR,DUBEY PUR,Sultanpur,Ganga,Ganga,Gomti,-,-,Gomti,26.27527778,82.06670000,09-01-2026 11:00,NaN
2161,Sultanpur,CWC,9,Uttar Pradesh,185,SULTANPUR,DUBEY PUR,DUBEY PUR,Sultanpur,Ganga,Ganga,Gomti,-,-,Gomti,26.27527778,82.06670000,09-01-2026 12:00,NaN
2162,Sultanpur,CWC,9,Uttar Pradesh,185,SULTANPUR,DUBEY PUR,DUBEY PUR,Sultanpur,Ganga,Ganga,Gomti,-,-,Gomti,26.27527778,82.06670000,10-01-2026 00:00,NaN
2163,Sultanpur,CWC,9,Uttar Pradesh,185,SULTANPUR,DUBEY PUR,DUBEY PUR,Sultanpur,Ganga,Ganga,Gomti,-,-,Gomti,26.27527778,82.06670000,10-01-2026 01:00,NaN
2164,Sultanpur,CWC,9,Uttar Pradesh,185,SULTANPUR,DUBEY PUR,DUBEY PUR,Sultanpur,Ganga,Ganga,Gomti,-,-,Gomti,26.27527778,82.06670000,10-01-2026 02:00,NaN
2165,Sultanpur,CWC,9,Uttar Pradesh,185,SULTANPUR,DUBEY PUR,DUBEY PUR,Sultanpur,Ganga,Ganga,Gomti,-,-,Gomti,26.27527778,82.06670000,10-01-2026 03:00,NaN
2166,Sultanpur,CWC,9,Uttar Pradesh,185,SULTANPUR,DUBEY PUR,DUBEY PUR,Sultanpur,Ganga,Ganga,Gomti,-,-,Gomti,26.27527778,82.06670000,10-01-2026 04:00,NaN
2167,Sultanpur,CWC,9,Uttar Pradesh,185,SULTANPUR,DUBEY PUR,DUBEY PUR,Sultanpur,Ganga,Ganga,Gomti,-,-,Gomti,26.27527778,82.06670000,10-01-2026 05:00,NaN
2168,Sultanpur,CWC,9,Uttar Pradesh,185,SULTANPUR,DUBEY PUR,DUBEY PUR,Sultanpur,Ganga,Ganga,Gomti,-,-,Gomti,26.27527778,82.06670000,10-01-2026 07:00,NaN
2169,Sultanpur,CWC,9,Uttar Pradesh,185,SULTANPUR,DUBEY PUR,DUBEY PUR,Sultanpur,Ganga,Ganga,Gomti,-,-,Gomti,26.27527778,82.06670000,10-01-2026 08:00,NaN
2170,Sultanpur,CWC,9,Uttar Pradesh,185,SULTANPUR,DUBEY PUR,DUBEY PUR,Sultanpur,Ganga,Ganga,Gomti,-,-,Gomti,26.27527778,82.06670000,10-01-2026 09:00,NaN
2171,Sultanpur,CWC,9,Uttar Pradesh,185,SULTANPUR,DUBEY PUR,DUBEY PUR,Sultanpur,Ganga,Ganga,Gomti,-,-,Gomti,26.27527778,82.06670000,10-01-2026 10:00,NaN
2172,Sultanpur,CWC,9,Uttar Pradesh,185,SULTANPUR,DUBEY PUR,DUBEY PUR,Sultanpur,Ganga,Ganga,Gomti,-,-,Gomti,26.27527778,82.06670000,10-01-2026 11:00,NaN
2173,Sultanpur,CWC,9,Uttar Pradesh,185,SULTANPUR,DUBEY PUR,DUBEY PUR,Sultanpur,Ganga,Ganga,Gomti,-,-,Gomti,26.27527778,82.06670000,10-01-2026 12:00,NaN
2174,Sultanpur,CWC,9,Uttar Pradesh,185,SULTANPUR,DUBEY PUR,DUBEY PUR,Sultanpur,Ganga,Ganga,Gomti,-,-,Gomti,26.27527778,82.06670000,10-01-2026 13:00,NaN
2175,Sultanpur,CWC,9,Uttar Pradesh,185,SULTANPUR,DUBEY PUR,DUBEY PUR,Sultanpur,Ganga,Ganga,Gomti,-,-,Gomti,26.27527778,82.06670000,10-01-2026 14:00,NaN
2176,Sultanpur,CWC,9,Uttar Pradesh,185,SULTANPUR,DUBEY PUR,DUBEY PUR,Sultanpur,Ganga,Ganga,Gomti,-,-,Gomti,26.27527778,82.06670000,10-01-2026 15:00,NaN
2177,Sultanpur,CWC,9,Uttar Pradesh,185,SULTANPUR,DUBEY PUR,DUBEY PUR,Sultanpur,Ganga,Ganga,Gomti,-,-,Gomti,26.27527778,82.06670000,10-01-2026 16:00,NaN
2178,Sultanpur,CWC,9,Uttar Pradesh,185,SULTANPUR,DUBEY PUR,DUBEY PUR,Sultanpur,Ganga,Ganga,Gomti,-,-,Gomti,26.27527778,82.06670000,10-01-2026 17:00,NaN
2179,Sultanpur,CWC,9,Uttar Pradesh,185,SULTANPUR,DUBEY PUR,DUBEY PUR,Sultanpur,Ganga,Ganga,Gomti,-,-,Gomti,26.27527778,82.06670000,10-01-2026 19:00,NaN
2180,Sultanpur,CWC,9,Uttar Pradesh,185,SULTANPUR,DUBEY PUR,DUBEY PUR,Sultanpur,Ganga,Ganga,Gomti,-,-,Gomti,26.27527778,82.06670000,10-01-2026 20:00,NaN
2181,Sultanpur,CWC,9,Uttar Pradesh,185,SULTANPUR,DUBEY PUR,DUBEY PUR,Sultanpur,Ganga,Ganga,Gomti,-,-,Gomti,26.27527778,82.06670000,10-01-2026 21:00,NaN
2182,Sultanpur,CWC,9,Uttar Pradesh,185,SULTANPUR,DUBEY PUR,DUBEY PUR,Sultanpur,Ganga,Ganga,Gomti,-,-,Gomti,26.27527778,82.06670000,10-01-2026 22:00,NaN
2183,Sultanpur,CWC,9,Uttar Pradesh,185,SULTANPUR,DUBEY PUR,DUBEY PUR,Sultanpur,Ganga,Ganga,Gomti,-,-,Gomti,26.27527778,82.06670000,10-01-2026 23:00,NaN
2184,Sultanpur,CWC,9,Uttar Pradesh,185,SULTANPUR,DUBEY PUR,DUBEY PUR,Sultanpur,Ganga,Ganga,Gomti,-,-,Gomti,26.27527778,82.06670000,11-01-2026 02:00,NaN
2185,Sultanpur,CWC,9,Uttar Pradesh,185,SULTANPUR,DUBEY PUR,DUBEY PUR,Sultanpur,Ganga,Ganga,Gomti,-,-,Gomti,26.27527778,82.06670000,11-01-2026 03:00,NaN
2186,Sultanpur,CWC,9,Uttar Pradesh,185,SULTANPUR,DUBEY PUR,DUBEY PUR,Sultanpur,Ganga,Ganga,Gomti,-,-,Gomti,26.27527778,82.06670000,11-01-2026 04:00,NaN
2187,Sultanpur,CWC,9,Uttar Pradesh,185,SULTANPUR,DUBEY PUR,DUBEY PUR,Sultanpur,Ganga,Ganga,Gomti,-,-,Gomti,26.27527778,82.06670000,11-01-2026 05:00,NaN
2188,Sultanpur,CWC,9,Uttar Pradesh,185,SULTANPUR,DUBEY PUR,DUBEY PUR,Sultanpur,Ganga,Ganga,Gomti,-,-,Gomti,26.27527778,82.06670000,11-01-2026 08:00,NaN
2189,Sultanpur,CWC,9,Uttar Pradesh,185,SULTANPUR,DUBEY PUR,DUBEY PUR,Sultanpur,Ganga,Ganga,Gomti,-,-,Gomti,26.27527778,82.06670000,11-01-2026 10:00,NaN
2190,Sultanpur,CWC,9,Uttar Pradesh,185,SULTANPUR,DUBEY PUR,DUBEY PUR,Sultanpur,Ganga,Ganga,Gomti,-,-,Gomti,26.27527778,82.06670000,11-01-2026 11:00,NaN
2191,Sultanpur,CWC,9,Uttar Pradesh,185,SULTANPUR,DUBEY PUR,DUBEY PUR,Sultanpur,Ganga,Ganga,Gomti,-,-,Gomti,26.27527778,82.06670000,11-01-2026 12:00,NaN
2192,Sultanpur,CWC,9,Uttar Pradesh,185,SULTANPUR,DUBEY PUR,DUBEY PUR,Sultanpur,Ganga,Ganga,Gomti,-,-,Gomti,26.27527778,82.06670000,11-01-2026 13:00,NaN
2193,Sultanpur,CWC,9,Uttar Pradesh,185,SULTANPUR,DUBEY PUR,DUBEY PUR,Sultanpur,Ganga,Ganga,Gomti,-,-,Gomti,26.27527778,82.06670000,11-01-2026 14:00,NaN
2194,Sultanpur,CWC,9,Uttar Pradesh,185,SULTANPUR,DUBEY PUR,DUBEY PUR,Sultanpur,Ganga,Ganga,Gomti,-,-,Gomti,26.27527778,82.06670000,11-01-2026 17:00,NaN
2195,Sultanpur,CWC,9,Uttar Pradesh,185,SULTANPUR,DUBEY PUR,DUBEY PUR,Sultanpur,Ganga,Ganga,Gomti,-,-,Gomti,26.27527778,82.06670000,11-01-2026 18:00,NaN
2196,Sultanpur,CWC,9,Uttar Pradesh,185,SULTANPUR,DUBEY PUR,DUBEY PUR,Sultanpur,Ganga,Ganga,Gomti,-,-,Gomti,26.27527778,82.06670000,11-01-2026 19:00,NaN
2197,Sultanpur,CWC,9,Uttar Pradesh,185,SULTANPUR,DUBEY PUR,DUBEY PUR,Sultanpur,Ganga,Ganga,Gomti,-,-,Gomti,26.27527778,82.06670000,11-01-2026 20:00,NaN
2198,Sultanpur,CWC,9,Uttar Pradesh,185,SULTANPUR,DUBEY PUR,DUBEY PUR,Sultanpur,Ganga,Ganga,Gomti,-,-,Gomti,26.27527778,82.06670000,11-01-2026 21:00,NaN
2199,Sultanpur,CWC,9,Uttar Pradesh,185,SULTANPUR,DUBEY PUR,DUBEY PUR,Sultanpur,Ganga,Ganga,Gomti,-,-,Gomti,26.27527778,82.06670000,11-01-2026 22:00,NaN
2200,Sultanpur,CWC,9,Uttar Pradesh,185,SULTANPUR,DUBEY PUR,DUBEY PUR,Sultanpur,Ganga,Ganga,Gomti,-,-,Gomti,26.27527778,82.06670000,11-01-2026 23:00,NaN
2201,Sultanpur,CWC,9,Uttar Pradesh,185,SULTANPUR,DUBEY PUR,DUBEY PUR,Sultanpur,Ganga,Ganga,Gomti,-,-,Gomti,26.27527778,82.06670000,12-01-2026 02:00,NaN
2202,Sultanpur,CWC,9,Uttar Pradesh,185,SULTANPUR,DUBEY PUR,DUBEY PUR,Sultanpur,Ganga,Ganga,Gomti,-,-,Gomti,26.27527778,82.06670000,12-01-2026 03:00,NaN
2203,Sultanpur,CWC,9,Uttar Pradesh,185,SULTANPUR,DUBEY PUR,DUBEY PUR,Sultanpur,Ganga,Ganga,Gomti,-,-,Gomti,26.27527778,82.06670000,12-01-2026 06:00,NaN
2204,Sultanpur,CWC,9,Uttar Pradesh,185,SULTANPUR,DUBEY PUR,DUBEY PUR,Sultanpur,Ganga,Ganga,Gomti,-,-,Gomti,26.27527778,82.06670000,12-01-2026 10:00,NaN
2205,Sultanpur,CWC,9,Uttar Pradesh,185,SULTANPUR,DUBEY PUR,DUBEY PUR,Sultanpur,Ganga,Ganga,Gomti,-,-,Gomti,26.27527778,82.06670000,12-01-2026 13:00,NaN
2206,Sultanpur,CWC,9,Uttar Pradesh,185,SULTANPUR,DUBEY PUR,DUBEY PUR,Sultanpur,Ganga,Ganga,Gomti,-,-,Gomti,26.27527778,82.06670000,12-01-2026 14:00,NaN
2207,Sultanpur,CWC,9,Uttar Pradesh,185,SULTANPUR,DUBEY PUR,DUBEY PUR,Sultanpur,Ganga,Ganga,Gomti,-,-,Gomti,26.27527778,82.06670000,12-01-2026 15:00,NaN
2208,Sultanpur,CWC,9,Uttar Pradesh,185,SULTANPUR,DUBEY PUR,DUBEY PUR,Sultanpur,Ganga,Ganga,Gomti,-,-,Gomti,26.27527778,82.06670000,12-01-2026 21:00,NaN
2209,Sultanpur,CWC,9,Uttar Pradesh,185,SULTANPUR,DUBEY PUR,DUBEY PUR,Sultanpur,Ganga,Ganga,Gomti,-,-,Gomti,26.27527778,82.06670000,12-01-2026 22:00,NaN
2210,Sultanpur,CWC,9,Uttar Pradesh,185,SULTANPUR,DUBEY PUR,DUBEY PUR,Sultanpur,Ganga,Ganga,Gomti,-,-,Gomti,26.27527778,82.06670000,12-01-2026 23:00,NaN
2211,Sultanpur,CWC,9,Uttar Pradesh,185,SULTANPUR,DUBEY PUR,DUBEY PUR,Sultanpur,Ganga,Ganga,Gomti,-,-,Gomti,26.27527778,82.06670000,13-01-2026 00:00,NaN
2212,Sultanpur,CWC,9,Uttar Pradesh,185,SULTANPUR,DUBEY PUR,DUBEY PUR,Sultanpur,Ganga,Ganga,Gomti,-,-,Gomti,26.27527778,82.06670000,13-01-2026 02:00,NaN
2213,Sultanpur,CWC,9,Uttar Pradesh,185,SULTANPUR,DUBEY PUR,DUBEY PUR,Sultanpur,Ganga,Ganga,Gomti,-,-,Gomti,26.27527778,82.06670000,13-01-2026 03:00,NaN
2214,Sultanpur,CWC,9,Uttar Pradesh,185,SULTANPUR,DUBEY PUR,DUBEY PUR,Sultanpur,Ganga,Ganga,Gomti,-,-,Gomti,26.27527778,82.06670000,13-01-2026 05:00,NaN
2215,Sultanpur,CWC,9,Uttar Pradesh,185,SULTANPUR,DUBEY PUR,DUBEY PUR,Sultanpur,Ganga,Ganga,Gomti,-,-,Gomti,26.27527778,82.06670000,13-01-2026 14:00,NaN
2216,Sultanpur,CWC,9,Uttar Pradesh,185,SULTANPUR,DUBEY PUR,DUBEY PUR,Sultanpur,Ganga,Ganga,Gomti,-,-,Gomti,26.27527778,82.06670000,13-01-2026 15:00,NaN
2217,Sultanpur,CWC,9,Uttar Pradesh,185,SULTANPUR,DUBEY PUR,DUBEY PUR,Sultanpur,Ganga,Ganga,Gomti,-,-,Gomti,26.27527778,82.06670000,13-01-2026 18:00,NaN
2218,Sultanpur,CWC,9,Uttar Pradesh,185,SULTANPUR,DUBEY PUR,DUBEY PUR,Sultanpur,Ganga,Ganga,Gomti,-,-,Gomti,26.27527778,82.06670000,13-01-2026 19:00,NaN
2219,Sultanpur,CWC,9,Uttar Pradesh,185,SULTANPUR,DUBEY PUR,DUBEY PUR,Sultanpur,Ganga,Ganga,Gomti,-,-,Gomti,26.27527778,82.06670000,13-01-2026 20:00,NaN
2220,Sultanpur,CWC,9,Uttar Pradesh,185,SULTANPUR,DUBEY PUR,DUBEY PUR,Sultanpur,Ganga,Ganga,Gomti,-,-,Gomti,26.27527778,82.06670000,13-01-2026 21:00,NaN
2221,Sultanpur,CWC,9,Uttar Pradesh,185,SULTANPUR,DUBEY PUR,DUBEY PUR,Sultanpur,Ganga,Ganga,Gomti,-,-,Gomti,26.27527778,82.06670000,13-01-2026 22:00,NaN
2222,Sultanpur,CWC,9,Uttar Pradesh,185,SULTANPUR,DUBEY PUR,DUBEY PUR,Sultanpur,Ganga,Ganga,Gomti,-,-,Gomti,26.27527778,82.06670000,13-01-2026 23:00,NaN
2223,Sultanpur,CWC,9,Uttar Pradesh,185,SULTANPUR,DUBEY PUR,DUBEY PUR,Sultanpur,Ganga,Ganga,Gomti,-,-,Gomti,26.27527778,82.06670000,14-01-2026 00:00,NaN
2224,Sultanpur,CWC,9,Uttar Pradesh,185,SULTANPUR,DUBEY PUR,DUBEY PUR,Sultanpur,Ganga,Ganga,Gomti,-,-,Gomti,26.27527778,82.06670000,14-01-2026 01:00,NaN
2225,Sultanpur,CWC,9,Uttar Pradesh,185,SULTANPUR,DUBEY PUR,DUBEY PUR,Sultanpur,Ganga,Ganga,Gomti,-,-,Gomti,26.27527778,82.06670000,14-01-2026 02:00,NaN
2226,Sultanpur,CWC,9,Uttar Pradesh,185,SULTANPUR,DUBEY PUR,DUBEY PUR,Sultanpur,Ganga,Ganga,Gomti,-,-,Gomti,26.27527778,82.06670000,14-01-2026 03:00,NaN
2227,Sultanpur,CWC,9,Uttar Pradesh,185,SULTANPUR,DUBEY PUR,DUBEY PUR,Sultanpur,Ganga,Ganga,Gomti,-,-,Gomti,26.27527778,82.06670000,14-01-2026 06:00,NaN
2228,Sultanpur,CWC,9,Uttar Pradesh,185,SULTANPUR,DUBEY PUR,DUBEY PUR,Sultanpur,Ganga,Ganga,Gomti,-,-,Gomti,26.27527778,82.06670000,14-01-2026 08:00,NaN
2229,Sultanpur,CWC,9,Uttar Pradesh,185,SULTANPUR,DUBEY PUR,DUBEY PUR,Sultanpur,Ganga,Ganga,Gomti,-,-,Gomti,26.27527778,82.06670000,14-01-2026 12:00,NaN
2230,Sultanpur,CWC,9,Uttar Pradesh,185,SULTANPUR,DUBEY PUR,DUBEY PUR,Sultanpur,Ganga,Ganga,Gomti,-,-,Gomti,26.27527778,82.06670000,14-01-2026 13:00,NaN
2231,Sultanpur,CWC,9,Uttar Pradesh,185,SULTANPUR,DUBEY PUR,DUBEY PUR,Sultanpur,Ganga,Ganga,Gomti,-,-,Gomti,26.27527778,82.06670000,14-01-2026 14:00,NaN
2232,Sultanpur,CWC,9,Uttar Pradesh,185,SULTANPUR,DUBEY PUR,DUBEY PUR,Sultanpur,Ganga,Ganga,Gomti,-,-,Gomti,26.27527778,82.06670000,14-01-2026 21:00,NaN
2233,Sultanpur,CWC,9,Uttar Pradesh,185,SULTANPUR,DUBEY PUR,DUBEY PUR,Sultanpur,Ganga,Ganga,Gomti,-,-,Gomti,26.27527778,82.06670000,14-01-2026 22:00,NaN
2234,Sultanpur,CWC,9,Uttar Pradesh,185,SULTANPUR,DUBEY PUR,DUBEY PUR,Sultanpur,Ganga,Ganga,Gomti,-,-,Gomti,26.27527778,82.06670000,14-01-2026 23:00,NaN
2235,Sultanpur,CWC,9,Uttar Pradesh,185,SULTANPUR,DUBEY PUR,DUBEY PUR,Sultanpur,Ganga,Ganga,Gomti,-,-,Gomti,26.27527778,82.06670000,15-01-2026 00:00,NaN
2236,Sultanpur,CWC,9,Uttar Pradesh,185,SULTANPUR,DUBEY PUR,DUBEY PUR,Sultanpur,Ganga,Ganga,Gomti,-,-,Gomti,26.27527778,82.06670000,15-01-2026 01:00,NaN
2237,Sultanpur,CWC,9,Uttar Pradesh,185,SULTANPUR,DUBEY PUR,DUBEY PUR,Sultanpur,Ganga,Ganga,Gomti,-,-,Gomti,26.27527778,82.06670000,15-01-2026 02:00,NaN
2238,Sultanpur,CWC,9,Uttar Pradesh,185,SULTANPUR,DUBEY PUR,DUBEY PUR,Sultanpur,Ganga,Ganga,Gomti,-,-,Gomti,26.27527778,82.06670000,15-01-2026 03:00,NaN
2239,Sultanpur,CWC,9,Uttar Pradesh,185,SULTANPUR,DUBEY PUR,DUBEY PUR,Sultanpur,Ganga,Ganga,Gomti,-,-,Gomti,26.27527778,82.06670000,15-01-2026 12:00,NaN
2240,Sultanpur,CWC,9,Uttar Pradesh,185,SULTANPUR,DUBEY PUR,DUBEY PUR,Sultanpur,Ganga,Ganga,Gomti,-,-,Gomti,26.27527778,82.06670000,15-01-2026 13:00,NaN
2241,Sultanpur,CWC,9,Uttar Pradesh,185,SULTANPUR,DUBEY PUR,DUBEY PUR,Sultanpur,Ganga,Ganga,Gomti,-,-,Gomti,26.27527778,82.06670000,15-01-2026 16:00,NaN
2242,Sultanpur,CWC,9,Uttar Pradesh,185,SULTANPUR,DUBEY PUR,DUBEY PUR,Sultanpur,Ganga,Ganga,Gomti,-,-,Gomti,26.27527778,82.06670000,15-01-2026 17:00,NaN
2243,Sultanpur,CWC,9,Uttar Pradesh,185,SULTANPUR,DUBEY PUR,DUBEY PUR,Sultanpur,Ganga,Ganga,Gomti,-,-,Gomti,26.27527778,82.06670000,15-01-2026 20:00,NaN
2244,Sultanpur,CWC,9,Uttar Pradesh,185,SULTANPUR,DUBEY PUR,DUBEY PUR,Sultanpur,Ganga,Ganga,Gomti,-,-,Gomti,26.27527778,82.06670000,15-01-2026 21:00,NaN
2245,Sultanpur,CWC,9,Uttar Pradesh,185,SULTANPUR,DUBEY PUR,DUBEY PUR,Sultanpur,Ganga,Ganga,Gomti,-,-,Gomti,26.27527778,82.06670000,15-01-2026 22:00,NaN
2246,Sultanpur,CWC,9,Uttar Pradesh,185,SULTANPUR,DUBEY PUR,DUBEY PUR,Sultanpur,Ganga,Ganga,Gomti,-,-,Gomti,26.27527778,82.06670000,15-01-2026 23:00,NaN
2247,Sultanpur,CWC,9,Uttar Pradesh,185,SULTANPUR,DUBEY PUR,DUBEY PUR,Sultanpur,Ganga,Ganga,Gomti,-,-,Gomti,26.27527778,82.06670000,16-01-2026 00:00,NaN
2248,Sultanpur,CWC,9,Uttar Pradesh,185,SULTANPUR,DUBEY PUR,DUBEY PUR,Sultanpur,Ganga,Ganga,Gomti,-,-,Gomti,26.27527778,82.06670000,16-01-2026 01:00,NaN
2249,Sultanpur,CWC,9,Uttar Pradesh,185,SULTANPUR,DUBEY PUR,DUBEY PUR,Sultanpur,Ganga,Ganga,Gomti,-,-,Gomti,26.27527778,82.06670000,16-01-2026 02:00,NaN
2250,Sultanpur,CWC,9,Uttar Pradesh,185,SULTANPUR,DUBEY PUR,DUBEY PUR,Sultanpur,Ganga,Ganga,Gomti,-,-,Gomti,26.27527778,82.06670000,16-01-2026 04:00,NaN
2251,Sultanpur,CWC,9,Uttar Pradesh,185,SULTANPUR,DUBEY PUR,DUBEY PUR,Sultanpur,Ganga,Ganga,Gomti,-,-,Gomti,26.27527778,82.06670000,16-01-2026 05:00,NaN
2252,Sultanpur,CWC,9,Uttar Pradesh,185,SULTANPUR,DUBEY PUR,DUBEY PUR,Sultanpur,Ganga,Ganga,Gomti,-,-,Gomti,26.27527778,82.06670000,16-01-2026 06:00,NaN
2253,Sultanpur,CWC,9,Uttar Pradesh,185,SULTANPUR,DUBEY PUR,DUBEY PUR,Sultanpur,Ganga,Ganga,Gomti,-,-,Gomti,26.27527778,82.06670000,16-01-2026 10:00,NaN
2254,Sultanpur,CWC,9,Uttar Pradesh,185,SULTANPUR,DUBEY PUR,DUBEY PUR,Sultanpur,Ganga,Ganga,Gomti,-,-,Gomti,26.27527778,82.06670000,16-01-2026 11:00,NaN
2255,Sultanpur,CWC,9,Uttar Pradesh,185,SULTANPUR,DUBEY PUR,DUBEY PUR,Sultanpur,Ganga,Ganga,Gomti,-,-,Gomti,26.27527778,82.06670000,16-01-2026 12:00,NaN
2256,Sultanpur,CWC,9,Uttar Pradesh,185,SULTANPUR,DUBEY PUR,DUBEY PUR,Sultanpur,Ganga,Ganga,Gomti,-,-,Gomti,26.27527778,82.06670000,16-01-2026 13:00,NaN
2257,Sultanpur,CWC,9,Uttar Pradesh,185,SULTANPUR,DUBEY PUR,DUBEY PUR,Sultanpur,Ganga,Ganga,Gomti,-,-,Gomti,26.27527778,82.06670000,16-01-2026 14:00,NaN
2258,Sultanpur,CWC,9,Uttar Pradesh,185,SULTANPUR,DUBEY PUR,DUBEY PUR,Sultanpur,Ganga,Ganga,Gomti,-,-,Gomti,26.27527778,82.06670000,16-01-2026 15:00,NaN
2259,Sultanpur,CWC,9,Uttar Pradesh,185,SULTANPUR,DUBEY PUR,DUBEY PUR,Sultanpur,Ganga,Ganga,Gomti,-,-,Gomti,26.27527778,82.06670000,16-01-2026 16:00,NaN
2260,Sultanpur,CWC,9,Uttar Pradesh,185,SULTANPUR,DUBEY PUR,DUBEY PUR,Sultanpur,Ganga,Ganga,Gomti,-,-,Gomti,26.27527778,82.06670000,16-01-2026 17:00,NaN
2261,Sultanpur,CWC,9,Uttar Pradesh,185,SULTANPUR,DUBEY PUR,DUBEY PUR,Sultanpur,Ganga,Ganga,Gomti,-,-,Gomti,26.27527778,82.06670000,16-01-2026 18:00,NaN
2262,Sultanpur,CWC,9,Uttar Pradesh,185,SULTANPUR,DUBEY PUR,DUBEY PUR,Sultanpur,Ganga,Ganga,Gomti,-,-,Gomti,26.27527778,82.06670000,16-01-2026 19:00,NaN
2263,Sultanpur,CWC,9,Uttar Pradesh,185,SULTANPUR,DUBEY PUR,DUBEY PUR,Sultanpur,Ganga,Ganga,Gomti,-,-,Gomti,26.27527778,82.06670000,16-01-2026 21:00,NaN
2264,Sultanpur,CWC,9,Uttar Pradesh,185,SULTANPUR,DUBEY PUR,DUBEY PUR,Sultanpur,Ganga,Ganga,Gomti,-,-,Gomti,26.27527778,82.06670000,16-01-2026 22:00,NaN
2265,Sultanpur,CWC,9,Uttar Pradesh,185,SULTANPUR,DUBEY PUR,DUBEY PUR,Sultanpur,Ganga,Ganga,Gomti,-,-,Gomti,26.27527778,82.06670000,16-01-2026 23:00,NaN
2266,Sultanpur,CWC,9,Uttar Pradesh,185,SULTANPUR,DUBEY PUR,DUBEY PUR,Sultanpur,Ganga,Ganga,Gomti,-,-,Gomti,26.27527778,82.06670000,17-01-2026 00:00,NaN
2267,Sultanpur,CWC,9,Uttar Pradesh,185,SULTANPUR,DUBEY PUR,DUBEY PUR,Sultanpur,Ganga,Ganga,Gomti,-,-,Gomti,26.27527778,82.06670000,17-01-2026 01:00,NaN
2268,Sultanpur,CWC,9,Uttar Pradesh,185,SULTANPUR,DUBEY PUR,DUBEY PUR,Sultanpur,Ganga,Ganga,Gomti,-,-,Gomti,26.27527778,82.06670000,17-01-2026 02:00,NaN
2269,Sultanpur,CWC,9,Uttar Pradesh,185,SULTANPUR,DUBEY PUR,DUBEY PUR,Sultanpur,Ganga,Ganga,Gomti,-,-,Gomti,26.27527778,82.06670000,17-01-2026 03:00,NaN
2270,Sultanpur,CWC,9,Uttar Pradesh,185,SULTANPUR,DUBEY PUR,DUBEY PUR,Sultanpur,Ganga,Ganga,Gomti,-,-,Gomti,26.27527778,82.06670000,17-01-2026 04:00,NaN
2271,Sultanpur,CWC,9,Uttar Pradesh,185,SULTANPUR,DUBEY PUR,DUBEY PUR,Sultanpur,Ganga,Ganga,Gomti,-,-,Gomti,26.27527778,82.06670000,17-01-2026 05:00,NaN
2272,Sultanpur,CWC,9,Uttar Pradesh,185,SULTANPUR,DUBEY PUR,DUBEY PUR,Sultanpur,Ganga,Ganga,Gomti,-,-,Gomti,26.27527778,82.06670000,17-01-2026 07:00,NaN
2273,Sultanpur,CWC,9,Uttar Pradesh,185,SULTANPUR,DUBEY PUR,DUBEY PUR,Sultanpur,Ganga,Ganga,Gomti,-,-,Gomti,26.27527778,82.06670000,17-01-2026 10:00,NaN
2274,Sultanpur,CWC,9,Uttar Pradesh,185,SULTANPUR,DUBEY PUR,DUBEY PUR,Sultanpur,Ganga,Ganga,Gomti,-,-,Gomti,26.27527778,82.06670000,17-01-2026 11:00,NaN
2275,Sultanpur,CWC,9,Uttar Pradesh,185,SULTANPUR,DUBEY PUR,DUBEY PUR,Sultanpur,Ganga,Ganga,Gomti,-,-,Gomti,26.27527778,82.06670000,29-01-2026 02:00,NaN
2276,Sultanpur,CWC,9,Uttar Pradesh,185,SULTANPUR,DUBEY PUR,DUBEY PUR,Sultanpur,Ganga,Ganga,Gomti,-,-,Gomti,26.27527778,82.06670000,29-01-2026 03:00,NaN
2277,Sultanpur,CWC,9,Uttar Pradesh,185,SULTANPUR,DUBEY PUR,DUBEY PUR,Sultanpur,Ganga,Ganga,Gomti,-,-,Gomti,26.27527778,82.06670000,29-01-2026 04:00,NaN
2278,Sultanpur,CWC,9,Uttar Pradesh,185,SULTANPUR,DUBEY PUR,DUBEY PUR,Sultanpur,Ganga,Ganga,Gomti,-,-,Gomti,26.27527778,82.06670000,29-01-2026 12:00,NaN
2279,Sultanpur,CWC,9,Uttar Pradesh,185,SULTANPUR,DUBEY PUR,DUBEY PUR,Sultanpur,Ganga,Ganga,Gomti,-,-,Gomti,26.27527778,82.06670000,29-01-2026 14:00,NaN
2280,Sultanpur,CWC,9,Uttar Pradesh,185,SULTANPUR,DUBEY PUR,DUBEY PUR,Sultanpur,Ganga,Ganga,Gomti,-,-,Gomti,26.27527778,82.06670000,29-01-2026 18:00,NaN
2281,Sultanpur,CWC,9,Uttar Pradesh,185,SULTANPUR,DUBEY PUR,DUBEY PUR,Sultanpur,Ganga,Ganga,Gomti,-,-,Gomti,26.27527778,82.06670000,29-01-2026 19:00,NaN
2282,Sultanpur,CWC,9,Uttar Pradesh,185,SULTANPUR,DUBEY PUR,DUBEY PUR,Sultanpur,Ganga,Ganga,Gomti,-,-,Gomti,26.27527778,82.06670000,29-01-2026 20:00,NaN
2283,Sultanpur,CWC,9,Uttar Pradesh,185,SULTANPUR,DUBEY PUR,DUBEY PUR,Sultanpur,Ganga,Ganga,Gomti,-,-,Gomti,26.27527778,82.06670000,29-01-2026 21:00,NaN
2284,Sultanpur,CWC,9,Uttar Pradesh,185,SULTANPUR,DUBEY PUR,DUBEY PUR,Sultanpur,Ganga,Ganga,Gomti,-,-,Gomti,26.27527778,82.06670000,29-01-2026 22:00,NaN
2285,Sultanpur,CWC,9,Uttar Pradesh,185,SULTANPUR,DUBEY PUR,DUBEY PUR,Sultanpur,Ganga,Ganga,Gomti,-,-,Gomti,26.27527778,82.06670000,29-01-2026 23:00,NaN
2286,Sultanpur,CWC,9,Uttar Pradesh,185,SULTANPUR,DUBEY PUR,DUBEY PUR,Sultanpur,Ganga,Ganga,Gomti,-,-,Gomti,26.27527778,82.06670000,30-01-2026 00:00,NaN
2287,Sultanpur,CWC,9,Uttar Pradesh,185,SULTANPUR,DUBEY PUR,DUBEY PUR,Sultanpur,Ganga,Ganga,Gomti,-,-,Gomti,26.27527778,82.06670000,30-01-2026 01:00,NaN
2288,Sultanpur,CWC,9,Uttar Pradesh,185,SULTANPUR,DUBEY PUR,DUBEY PUR,Sultanpur,Ganga,Ganga,Gomti,-,-,Gomti,26.27527778,82.06670000,30-01-2026 02:00,NaN
2289,Sultanpur,CWC,9,Uttar Pradesh,185,SULTANPUR,DUBEY PUR,DUBEY PUR,Sultanpur,Ganga,Ganga,Gomti,-,-,Gomti,26.27527778,82.06670000,30-01-2026 07:00,NaN
2290,Sultanpur,CWC,9,Uttar Pradesh,185,SULTANPUR,DUBEY PUR,DUBEY PUR,Sultanpur,Ganga,Ganga,Gomti,-,-,Gomti,26.27527778,82.06670000,30-01-2026 10:00,NaN
2291,Sultanpur,CWC,9,Uttar Pradesh,185,SULTANPUR,DUBEY PUR,DUBEY PUR,Sultanpur,Ganga,Ganga,Gomti,-,-,Gomti,26.27527778,82.06670000,30-01-2026 12:00,NaN
2292,Sultanpur,CWC,9,Uttar Pradesh,185,SULTANPUR,DUBEY PUR,DUBEY PUR,Sultanpur,Ganga,Ganga,Gomti,-,-,Gomti,26.27527778,82.06670000,30-01-2026 13:00,NaN
2293,Sultanpur,CWC,9,Uttar Pradesh,185,SULTANPUR,DUBEY PUR,DUBEY PUR,Sultanpur,Ganga,Ganga,Gomti,-,-,Gomti,26.27527778,82.06670000,30-01-2026 15:00,NaN
2294,Sultanpur,CWC,9,Uttar Pradesh,185,SULTANPUR,DUBEY PUR,DUBEY PUR,Sultanpur,Ganga,Ganga,Gomti,-,-,Gomti,26.27527778,82.06670000,30-01-2026 16:00,NaN
2295,Sultanpur,CWC,9,Uttar Pradesh,185,SULTANPUR,DUBEY PUR,DUBEY PUR,Sultanpur,Ganga,Ganga,Gomti,-,-,Gomti,26.27527778,82.06670000,30-01-2026 17:00,NaN
2296,Sultanpur,CWC,9,Uttar Pradesh,185,SULTANPUR,DUBEY PUR,DUBEY PUR,Sultanpur,Ganga,Ganga,Gomti,-,-,Gomti,26.27527778,82.06670000,30-01-2026 18:00,NaN
2297,Sultanpur,CWC,9,Uttar Pradesh,185,SULTANPUR,DUBEY PUR,DUBEY PUR,Sultanpur,Ganga,Ganga,Gomti,-,-,Gomti,26.27527778,82.06670000,30-01-2026 19:00,NaN
2298,Sultanpur,CWC,9,Uttar Pradesh,185,SULTANPUR,DUBEY PUR,DUBEY PUR,Sultanpur,Ganga,Ganga,Gomti,-,-,Gomti,26.27527778,82.06670000,30-01-2026 20:00,NaN
2299,Sultanpur,CWC,9,Uttar Pradesh,185,SULTANPUR,DUBEY PUR,DUBEY PUR,Sultanpur,Ganga,Ganga,Gomti,-,-,Gomti,26.27527778,82.06670000,30-01-2026 21:00,NaN
2300,Sultanpur,CWC,9,Uttar Pradesh,185,SULTANPUR,DUBEY PUR,DUBEY PUR,Sultanpur,Ganga,Ganga,Gomti,-,-,Gomti,26.27527778,82.06670000,30-01-2026 22:00,NaN
2301,Sultanpur,CWC,9,Uttar Pradesh,185,SULTANPUR,DUBEY PUR,DUBEY PUR,Sultanpur,Ganga,Ganga,Gomti,-,-,Gomti,26.27527778,82.06670000,30-01-2026 23:00,NaN
2302,Sultanpur,CWC,9,Uttar Pradesh,185,SULTANPUR,DUBEY PUR,DUBEY PUR,Sultanpur,Ganga,Ganga,Gomti,-,-,Gomti,26.27527778,82.06670000,31-01-2026 00:00,NaN
2303,Sultanpur,CWC,9,Uttar Pradesh,185,SULTANPUR,DUBEY PUR,DUBEY PUR,Sultanpur,Ganga,Ganga,Gomti,-,-,Gomti,26.27527778,82.06670000,31-01-2026 01:00,NaN
2304,Sultanpur,CWC,9,Uttar Pradesh,185,SULTANPUR,DUBEY PUR,DUBEY PUR,Sultanpur,Ganga,Ganga,Gomti,-,-,Gomti,26.27527778,82.06670000,31-01-2026 02:00,NaN
2305,Sultanpur,CWC,9,Uttar Pradesh,185,SULTANPUR,DUBEY PUR,DUBEY PUR,Sultanpur,Ganga,Ganga,Gomti,-,-,Gomti,26.27527778,82.06670000,31-01-2026 04:00,NaN
2306,Sultanpur,CWC,9,Uttar Pradesh,185,SULTANPUR,DUBEY PUR,DUBEY PUR,Sultanpur,Ganga,Ganga,Gomti,-,-,Gomti,26.27527778,82.06670000,31-01-2026 06:00,NaN
2307,Sultanpur,CWC,9,Uttar Pradesh,185,SULTANPUR,DUBEY PUR,DUBEY PUR,Sultanpur,Ganga,Ganga,Gomti,-,-,Gomti,26.27527778,82.06670000,31-01-2026 10:00,NaN
2308,Sultanpur,CWC,9,Uttar Pradesh,185,SULTANPUR,DUBEY PUR,DUBEY PUR,Sultanpur,Ganga,Ganga,Gomti,-,-,Gomti,26.27527778,82.06670000,31-01-2026 11:00,NaN
2309,Sultanpur,CWC,9,Uttar Pradesh,185,SULTANPUR,DUBEY PUR,DUBEY PUR,Sultanpur,Ganga,Ganga,Gomti,-,-,Gomti,26.27527778,82.06670000,31-01-2026 12:00,NaN
2310,Sultanpur,CWC,9,Uttar Pradesh,185,SULTANPUR,DUBEY PUR,DUBEY PUR,Sultanpur,Ganga,Ganga,Gomti,-,-,Gomti,26.27527778,82.06670000,31-01-2026 17:00,NaN
2311,Sultanpur,CWC,9,Uttar Pradesh,185,SULTANPUR,DUBEY PUR,DUBEY PUR,Sultanpur,Ganga,Ganga,Gomti,-,-,Gomti,26.27527778,82.06670000,31-01-2026 18:00,NaN
2312,Sultanpur,CWC,9,Uttar Pradesh,185,SULTANPUR,DUBEY PUR,DUBEY PUR,Sultanpur,Ganga,Ganga,Gomti,-,-,Gomti,26.27527778,82.06670000,31-01-2026 19:00,NaN
2313,Sultanpur,CWC,9,Uttar Pradesh,185,SULTANPUR,DUBEY PUR,DUBEY PUR,Sultanpur,Ganga,Ganga,Gomti,-,-,Gomti,26.27527778,82.06670000,31-01-2026 20:00,NaN
2314,Sultanpur,CWC,9,Uttar Pradesh,185,SULTANPUR,DUBEY PUR,DUBEY PUR,Sultanpur,Ganga,Ganga,Gomti,-,-,Gomti,26.27527778,82.06670000,31-01-2026 21:00,NaN
2315,Sultanpur,CWC,9,Uttar Pradesh,185,SULTANPUR,DUBEY PUR,DUBEY PUR,Sultanpur,Ganga,Ganga,Gomti,-,-,Gomti,26.27527778,82.06670000,31-01-2026 22:00,NaN
2316,Sultanpur,CWC,9,Uttar Pradesh,185,SULTANPUR,DUBEY PUR,DUBEY PUR,Sultanpur,Ganga,Ganga,Gomti,-,-,Gomti,26.27527778,82.06670000,31-01-2026 23:00,NaN
2317,Sultanpur,CWC,9,Uttar Pradesh,185,SULTANPUR,DUBEY PUR,DUBEY PUR,Sultanpur,Ganga,Ganga,Gomti,-,-,Gomti,26.27527778,82.06670000,01-02-2026 00:00,NaN
2318,Sultanpur,CWC,9,Uttar Pradesh,185,SULTANPUR,DUBEY PUR,DUBEY PUR,Sultanpur,Ganga,Ganga,Gomti,-,-,Gomti,26.27527778,82.06670000,01-02-2026 01:00,NaN
2319,Sultanpur,CWC,9,Uttar Pradesh,185,SULTANPUR,DUBEY PUR,DUBEY PUR,Sultanpur,Ganga,Ganga,Gomti,-,-,Gomti,26.27527778,82.06670000,01-02-2026 02:00,NaN
2320,Sultanpur,CWC,9,Uttar Pradesh,185,SULTANPUR,DUBEY PUR,DUBEY PUR,Sultanpur,Ganga,Ganga,Gomti,-,-,Gomti,26.27527778,82.06670000,01-02-2026 03:00,NaN
2321,Sultanpur,CWC,9,Uttar Pradesh,185,SULTANPUR,DUBEY PUR,DUBEY PUR,Sultanpur,Ganga,Ganga,Gomti,-,-,Gomti,26.27527778,82.06670000,01-02-2026 07:00,NaN
2322,Sultanpur,CWC,9,Uttar Pradesh,185,SULTANPUR,DUBEY PUR,DUBEY PUR,Sultanpur,Ganga,Ganga,Gomti,-,-,Gomti,26.27527778,82.06670000,01-02-2026 10:00,NaN
2323,Sultanpur,CWC,9,Uttar Pradesh,185,SULTANPUR,DUBEY PUR,DUBEY PUR,Sultanpur,Ganga,Ganga,Gomti,-,-,Gomti,26.27527778,82.06670000,01-02-2026 14:00,NaN
2324,Sultanpur,CWC,9,Uttar Pradesh,185,SULTANPUR,DUBEY PUR,DUBEY PUR,Sultanpur,Ganga,Ganga,Gomti,-,-,Gomti,26.27527778,82.06670000,01-02-2026 16:00,NaN
2325,Sultanpur,CWC,9,Uttar Pradesh,185,SULTANPUR,DUBEY PUR,DUBEY PUR,Sultanpur,Ganga,Ganga,Gomti,-,-,Gomti,26.27527778,82.06670000,01-02-2026 17:00,NaN
2326,Sultanpur,CWC,9,Uttar Pradesh,185,SULTANPUR,DUBEY PUR,DUBEY PUR,Sultanpur,Ganga,Ganga,Gomti,-,-,Gomti,26.27527778,82.06670000,01-02-2026 18:00,NaN
2327,Sultanpur,CWC,9,Uttar Pradesh,185,SULTANPUR,DUBEY PUR,DUBEY PUR,Sultanpur,Ganga,Ganga,Gomti,-,-,Gomti,26.27527778,82.06670000,01-02-2026 20:00,NaN
2328,Sultanpur,CWC,9,Uttar Pradesh,185,SULTANPUR,DUBEY PUR,DUBEY PUR,Sultanpur,Ganga,Ganga,Gomti,-,-,Gomti,26.27527778,82.06670000,01-02-2026 22:00,NaN
2329,Sultanpur,CWC,9,Uttar Pradesh,185,SULTANPUR,DUBEY PUR,DUBEY PUR,Sultanpur,Ganga,Ganga,Gomti,-,-,Gomti,26.27527778,82.06670000,01-02-2026 23:00,NaN
2330,Sultanpur,CWC,9,Uttar Pradesh,185,SULTANPUR,DUBEY PUR,DUBEY PUR,Sultanpur,Ganga,Ganga,Gomti,-,-,Gomti,26.27527778,82.06670000,02-02-2026 00:00,NaN
2331,Sultanpur,CWC,9,Uttar Pradesh,185,SULTANPUR,DUBEY PUR,DUBEY PUR,Sultanpur,Ganga,Ganga,Gomti,-,-,Gomti,26.27527778,82.06670000,02-02-2026 01:30,NaN
2332,Sultanpur,CWC,9,Uttar Pradesh,185,SULTANPUR,DUBEY PUR,DUBEY PUR,Sultanpur,Ganga,Ganga,Gomti,-,-,Gomti,26.27527778,82.06670000,02-02-2026 02:00,NaN
2333,Sultanpur,CWC,9,Uttar Pradesh,185,SULTANPUR,DUBEY PUR,DUBEY PUR,Sultanpur,Ganga,Ganga,Gomti,-,-,Gomti,26.27527778,82.06670000,02-02-2026 03:00,NaN
2334,Sultanpur,CWC,9,Uttar Pradesh,185,SULTANPUR,DUBEY PUR,DUBEY PUR,Sultanpur,Ganga,Ganga,Gomti,-,-,Gomti,26.27527778,82.06670000,02-02-2026 04:00,NaN
2335,Sultanpur,CWC,9,Uttar Pradesh,185,SULTANPUR,DUBEY PUR,DUBEY PUR,Sultanpur,Ganga,Ganga,Gomti,-,-,Gomti,26.27527778,82.06670000,02-02-2026 09:00,NaN
2336,Sultanpur,CWC,9,Uttar Pradesh,185,SULTANPUR,DUBEY PUR,DUBEY PUR,Sultanpur,Ganga,Ganga,Gomti,-,-,Gomti,26.27527778,82.06670000,02-02-2026 16:00,NaN
2337,Sultanpur,CWC,9,Uttar Pradesh,185,SULTANPUR,DUBEY PUR,DUBEY PUR,Sultanpur,Ganga,Ganga,Gomti,-,-,Gomti,26.27527778,82.06670000,02-02-2026 18:00,NaN
2338,Sultanpur,CWC,9,Uttar Pradesh,185,SULTANPUR,DUBEY PUR,DUBEY PUR,Sultanpur,Ganga,Ganga,Gomti,-,-,Gomti,26.27527778,82.06670000,02-02-2026 19:00,NaN
2339,Sultanpur,CWC,9,Uttar Pradesh,185,SULTANPUR,DUBEY PUR,DUBEY PUR,Sultanpur,Ganga,Ganga,Gomti,-,-,Gomti,26.27527778,82.06670000,02-02-2026 20:00,NaN
2340,Sultanpur,CWC,9,Uttar Pradesh,185,SULTANPUR,DUBEY PUR,DUBEY PUR,Sultanpur,Ganga,Ganga,Gomti,-,-,Gomti,26.27527778,82.06670000,02-02-2026 21:00,NaN
2341,Sultanpur,CWC,9,Uttar Pradesh,185,SULTANPUR,DUBEY PUR,DUBEY PUR,Sultanpur,Ganga,Ganga,Gomti,-,-,Gomti,26.27527778,82.06670000,02-02-2026 22:00,NaN
2342,Sultanpur,CWC,9,Uttar Pradesh,185,SULTANPUR,DUBEY PUR,DUBEY PUR,Sultanpur,Ganga,Ganga,Gomti,-,-,Gomti,26.27527778,82.06670000,02-02-2026 23:00,NaN
2343,Sultanpur,CWC,9,Uttar Pradesh,185,SULTANPUR,DUBEY PUR,DUBEY PUR,Sultanpur,Ganga,Ganga,Gomti,-,-,Gomti,26.27527778,82.06670000,03-02-2026 00:00,NaN
2344,Sultanpur,CWC,9,Uttar Pradesh,185,SULTANPUR,DUBEY PUR,DUBEY PUR,Sultanpur,Ganga,Ganga,Gomti,-,-,Gomti,26.27527778,82.06670000,03-02-2026 01:00,NaN
2345,Sultanpur,CWC,9,Uttar Pradesh,185,SULTANPUR,DUBEY PUR,DUBEY PUR,Sultanpur,Ganga,Ganga,Gomti,-,-,Gomti,26.27527778,82.06670000,03-02-2026 02:00,NaN
2346,Sultanpur,CWC,9,Uttar Pradesh,185,SULTANPUR,DUBEY PUR,DUBEY PUR,Sultanpur,Ganga,Ganga,Gomti,-,-,Gomti,26.27527778,82.06670000,03-02-2026 04:00,NaN
2347,Sultanpur,CWC,9,Uttar Pradesh,185,SULTANPUR,DUBEY PUR,DUBEY PUR,Sultanpur,Ganga,Ganga,Gomti,-,-,Gomti,26.27527778,82.06670000,03-02-2026 15:00,NaN
2348,Sultanpur,CWC,9,Uttar Pradesh,185,SULTANPUR,DUBEY PUR,DUBEY PUR,Sultanpur,Ganga,Ganga,Gomti,-,-,Gomti,26.27527778,82.06670000,03-02-2026 17:00,NaN
2349,Sultanpur,CWC,9,Uttar Pradesh,185,SULTANPUR,DUBEY PUR,DUBEY PUR,Sultanpur,Ganga,Ganga,Gomti,-,-,Gomti,26.27527778,82.06670000,03-02-2026 18:00,NaN
2350,Sultanpur,CWC,9,Uttar Pradesh,185,SULTANPUR,DUBEY PUR,DUBEY PUR,Sultanpur,Ganga,Ganga,Gomti,-,-,Gomti,26.27527778,82.06670000,03-02-2026 20:00,NaN
2351,Sultanpur,CWC,9,Uttar Pradesh,185,SULTANPUR,DUBEY PUR,DUBEY PUR,Sultanpur,Ganga,Ganga,Gomti,-,-,Gomti,26.27527778,82.06670000,03-02-2026 21:00,NaN
2352,Sultanpur,CWC,9,Uttar Pradesh,185,SULTANPUR,DUBEY PUR,DUBEY PUR,Sultanpur,Ganga,Ganga,Gomti,-,-,Gomti,26.27527778,82.06670000,03-02-2026 22:00,NaN
2353,Sultanpur,CWC,9,Uttar Pradesh,185,SULTANPUR,DUBEY PUR,DUBEY PUR,Sultanpur,Ganga,Ganga,Gomti,-,-,Gomti,26.27527778,82.06670000,03-02-2026 23:00,NaN
2354,Sultanpur,CWC,9,Uttar Pradesh,185,SULTANPUR,DUBEY PUR,DUBEY PUR,Sultanpur,Ganga,Ganga,Gomti,-,-,Gomti,26.27527778,82.06670000,04-02-2026 00:00,NaN
2355,Sultanpur,CWC,9,Uttar Pradesh,185,SULTANPUR,DUBEY PUR,DUBEY PUR,Sultanpur,Ganga,Ganga,Gomti,-,-,Gomti,26.27527778,82.06670000,04-02-2026 01:00,NaN
2356,Sultanpur,CWC,9,Uttar Pradesh,185,SULTANPUR,DUBEY PUR,DUBEY PUR,Sultanpur,Ganga,Ganga,Gomti,-,-,Gomti,26.27527778,82.06670000,04-02-2026 02:00,NaN
2357,Sultanpur,CWC,9,Uttar Pradesh,185,SULTANPUR,DUBEY PUR,DUBEY PUR,Sultanpur,Ganga,Ganga,Gomti,-,-,Gomti,26.27527778,82.06670000,04-02-2026 03:00,NaN
2358,Sultanpur,CWC,9,Uttar Pradesh,185,SULTANPUR,DUBEY PUR,DUBEY PUR,Sultanpur,Ganga,Ganga,Gomti,-,-,Gomti,26.27527778,82.06670000,04-02-2026 12:00,NaN
2359,Sultanpur,CWC,9,Uttar Pradesh,185,SULTANPUR,DUBEY PUR,DUBEY PUR,Sultanpur,Ganga,Ganga,Gomti,-,-,Gomti,26.27527778,82.06670000,04-02-2026 14:00,NaN
2360,Sultanpur,CWC,9,Uttar Pradesh,185,SULTANPUR,DUBEY PUR,DUBEY PUR,Sultanpur,Ganga,Ganga,Gomti,-,-,Gomti,26.27527778,82.06670000,04-02-2026 18:00,NaN
2361,Sultanpur,CWC,9,Uttar Pradesh,185,SULTANPUR,DUBEY PUR,DUBEY PUR,Sultanpur,Ganga,Ganga,Gomti,-,-,Gomti,26.27527778,82.06670000,04-02-2026 20:00,NaN
2362,Sultanpur,CWC,9,Uttar Pradesh,185,SULTANPUR,DUBEY PUR,DUBEY PUR,Sultanpur,Ganga,Ganga,Gomti,-,-,Gomti,26.27527778,82.06670000,04-02-2026 21:00,NaN
2363,Sultanpur,CWC,9,Uttar Pradesh,185,SULTANPUR,DUBEY PUR,DUBEY PUR,Sultanpur,Ganga,Ganga,Gomti,-,-,Gomti,26.27527778,82.06670000,04-02-2026 22:00,NaN
2364,Sultanpur,CWC,9,Uttar Pradesh,185,SULTANPUR,DUBEY PUR,DUBEY PUR,Sultanpur,Ganga,Ganga,Gomti,-,-,Gomti,26.27527778,82.06670000,04-02-2026 23:00,NaN
2365,Sultanpur,CWC,9,Uttar Pradesh,185,SULTANPUR,DUBEY PUR,DUBEY PUR,Sultanpur,Ganga,Ganga,Gomti,-,-,Gomti,26.27527778,82.06670000,05-02-2026 00:00,NaN
2366,Sultanpur,CWC,9,Uttar Pradesh,185,SULTANPUR,DUBEY PUR,DUBEY PUR,Sultanpur,Ganga,Ganga,Gomti,-,-,Gomti,26.27527778,82.06670000,05-02-2026 01:00,NaN
2367,Sultanpur,CWC,9,Uttar Pradesh,185,SULTANPUR,DUBEY PUR,DUBEY PUR,Sultanpur,Ganga,Ganga,Gomti,-,-,Gomti,26.27527778,82.06670000,05-02-2026 02:00,NaN
2368,Sultanpur,CWC,9,Uttar Pradesh,185,SULTANPUR,DUBEY PUR,DUBEY PUR,Sultanpur,Ganga,Ganga,Gomti,-,-,Gomti,26.27527778,82.06670000,05-02-2026 03:00,NaN
2369,Sultanpur,CWC,9,Uttar Pradesh,185,SULTANPUR,DUBEY PUR,DUBEY PUR,Sultanpur,Ganga,Ganga,Gomti,-,-,Gomti,26.27527778,82.06670000,05-02-2026 05:00,NaN
2370,Sultanpur,CWC,9,Uttar Pradesh,185,SULTANPUR,DUBEY PUR,DUBEY PUR,Sultanpur,Ganga,Ganga,Gomti,-,-,Gomti,26.27527778,82.06670000,05-02-2026 18:00,NaN
2371,Sultanpur,CWC,9,Uttar Pradesh,185,SULTANPUR,DUBEY PUR,DUBEY PUR,Sultanpur,Ganga,Ganga,Gomti,-,-,Gomti,26.27527778,82.06670000,05-02-2026 20:00,NaN
2372,Sultanpur,CWC,9,Uttar Pradesh,185,SULTANPUR,DUBEY PUR,DUBEY PUR,Sultanpur,Ganga,Ganga,Gomti,-,-,Gomti,26.27527778,82.06670000,05-02-2026 22:00,NaN
2373,Sultanpur,CWC,9,Uttar Pradesh,185,SULTANPUR,DUBEY PUR,DUBEY PUR,Sultanpur,Ganga,Ganga,Gomti,-,-,Gomti,26.27527778,82.06670000,05-02-2026 23:00,NaN
2374,Sultanpur,CWC,9,Uttar Pradesh,185,SULTANPUR,DUBEY PUR,DUBEY PUR,Sultanpur,Ganga,Ganga,Gomti,-,-,Gomti,26.27527778,82.06670000,06-02-2026 01:00,NaN
2375,Sultanpur,CWC,9,Uttar Pradesh,185,SULTANPUR,DUBEY PUR,DUBEY PUR,Sultanpur,Ganga,Ganga,Gomti,-,-,Gomti,26.27527778,82.06670000,06-02-2026 02:00,NaN
2376,Sultanpur,CWC,9,Uttar Pradesh,185,SULTANPUR,DUBEY PUR,DUBEY PUR,Sultanpur,Ganga,Ganga,Gomti,-,-,Gomti,26.27527778,82.06670000,06-02-2026 15:00,NaN
2377,Sultanpur,CWC,9,Uttar Pradesh,185,SULTANPUR,DUBEY PUR,DUBEY PUR,Sultanpur,Ganga,Ganga,Gomti,-,-,Gomti,26.27527778,82.06670000,06-02-2026 19:00,NaN
2378,Sultanpur,CWC,9,Uttar Pradesh,185,SULTANPUR,DUBEY PUR,DUBEY PUR,Sultanpur,Ganga,Ganga,Gomti,-,-,Gomti,26.27527778,82.06670000,06-02-2026 20:00,NaN
2379,Sultanpur,CWC,9,Uttar Pradesh,185,SULTANPUR,DUBEY PUR,DUBEY PUR,Sultanpur,Ganga,Ganga,Gomti,-,-,Gomti,26.27527778,82.06670000,06-02-2026 21:00,NaN
2380,Sultanpur,CWC,9,Uttar Pradesh,185,SULTANPUR,DUBEY PUR,DUBEY PUR,Sultanpur,Ganga,Ganga,Gomti,-,-,Gomti,26.27527778,82.06670000,06-02-2026 22:00,NaN
2381,Sultanpur,CWC,9,Uttar Pradesh,185,SULTANPUR,DUBEY PUR,DUBEY PUR,Sultanpur,Ganga,Ganga,Gomti,-,-,Gomti,26.27527778,82.06670000,07-02-2026 00:00,NaN
2382,Sultanpur,CWC,9,Uttar Pradesh,185,SULTANPUR,DUBEY PUR,DUBEY PUR,Sultanpur,Ganga,Ganga,Gomti,-,-,Gomti,26.27527778,82.06670000,07-02-2026 01:00,NaN
2383,Sultanpur,CWC,9,Uttar Pradesh,185,SULTANPUR,DUBEY PUR,DUBEY PUR,Sultanpur,Ganga,Ganga,Gomti,-,-,Gomti,26.27527778,82.06670000,07-02-2026 02:00,NaN
2384,Sultanpur,CWC,9,Uttar Pradesh,185,SULTANPUR,DUBEY PUR,DUBEY PUR,Sultanpur,Ganga,Ganga,Gomti,-,-,Gomti,26.27527778,82.06670000,07-02-2026 07:00,NaN
2385,Sultanpur,CWC,9,Uttar Pradesh,185,SULTANPUR,DUBEY PUR,DUBEY PUR,Sultanpur,Ganga,Ganga,Gomti,-,-,Gomti,26.27527778,82.06670000,07-02-2026 21:00,NaN
2386,Sultanpur,CWC,9,Uttar Pradesh,185,SULTANPUR,DUBEY PUR,DUBEY PUR,Sultanpur,Ganga,Ganga,Gomti,-,-,Gomti,26.27527778,82.06670000,07-02-2026 22:00,NaN
2387,Sultanpur,CWC,9,Uttar Pradesh,185,SULTANPUR,DUBEY PUR,DUBEY PUR,Sultanpur,Ganga,Ganga,Gomti,-,-,Gomti,26.27527778,82.06670000,07-02-2026 23:00,NaN
2388,Sultanpur,CWC,9,Uttar Pradesh,185,SULTANPUR,DUBEY PUR,DUBEY PUR,Sultanpur,Ganga,Ganga,Gomti,-,-,Gomti,26.27527778,82.06670000,08-02-2026 00:00,NaN
2389,Sultanpur,CWC,9,Uttar Pradesh,185,SULTANPUR,DUBEY PUR,DUBEY PUR,Sultanpur,Ganga,Ganga,Gomti,-,-,Gomti,26.27527778,82.06670000,08-02-2026 03:00,NaN
2390,Sultanpur,CWC,9,Uttar Pradesh,185,SULTANPUR,DUBEY PUR,DUBEY PUR,Sultanpur,Ganga,Ganga,Gomti,-,-,Gomti,26.27527778,82.06670000,08-02-2026 04:00,NaN
2391,Sultanpur,CWC,9,Uttar Pradesh,185,SULTANPUR,DUBEY PUR,DUBEY PUR,Sultanpur,Ganga,Ganga,Gomti,-,-,Gomti,26.27527778,82.06670000,08-02-2026 06:00,NaN
2392,Sultanpur,CWC,9,Uttar Pradesh,185,SULTANPUR,DUBEY PUR,DUBEY PUR,Sultanpur,Ganga,Ganga,Gomti,-,-,Gomti,26.27527778,82.06670000,08-02-2026 10:00,NaN
2393,Sultanpur,CWC,9,Uttar Pradesh,185,SULTANPUR,DUBEY PUR,DUBEY PUR,Sultanpur,Ganga,Ganga,Gomti,-,-,Gomti,26.27527778,82.06670000,08-02-2026 19:00,NaN
2394,Sultanpur,CWC,9,Uttar Pradesh,185,SULTANPUR,DUBEY PUR,DUBEY PUR,Sultanpur,Ganga,Ganga,Gomti,-,-,Gomti,26.27527778,82.06670000,08-02-2026 20:00,NaN
2395,Sultanpur,CWC,9,Uttar Pradesh,185,SULTANPUR,DUBEY PUR,DUBEY PUR,Sultanpur,Ganga,Ganga,Gomti,-,-,Gomti,26.27527778,82.06670000,08-02-2026 22:00,NaN
2396,Sultanpur,CWC,9,Uttar Pradesh,185,SULTANPUR,DUBEY PUR,DUBEY PUR,Sultanpur,Ganga,Ganga,Gomti,-,-,Gomti,26.27527778,82.06670000,08-02-2026 23:00,NaN
2397,Sultanpur,CWC,9,Uttar Pradesh,185,SULTANPUR,DUBEY PUR,DUBEY PUR,Sultanpur,Ganga,Ganga,Gomti,-,-,Gomti,26.27527778,82.06670000,09-02-2026 00:00,NaN
2398,Sultanpur,CWC,9,Uttar Pradesh,185,SULTANPUR,DUBEY PUR,DUBEY PUR,Sultanpur,Ganga,Ganga,Gomti,-,-,Gomti,26.27527778,82.06670000,09-02-2026 02:00,NaN
2399,Sultanpur,CWC,9,Uttar Pradesh,185,SULTANPUR,DUBEY PUR,DUBEY PUR,Sultanpur,Ganga,Ganga,Gomti,-,-,Gomti,26.27527778,82.06670000,09-02-2026 18:00,NaN
2400,Sultanpur,CWC,9,Uttar Pradesh,185,SULTANPUR,DUBEY PUR,DUBEY PUR,Sultanpur,Ganga,Ganga,Gomti,-,-,Gomti,26.27527778,82.06670000,09-02-2026 20:00,NaN
2401,Sultanpur,CWC,9,Uttar Pradesh,185,SULTANPUR,DUBEY PUR,DUBEY PUR,Sultanpur,Ganga,Ganga,Gomti,-,-,Gomti,26.27527778,82.06670000,09-02-2026 21:00,NaN
2402,Sultanpur,CWC,9,Uttar Pradesh,185,SULTANPUR,DUBEY PUR,DUBEY PUR,Sultanpur,Ganga,Ganga,Gomti,-,-,Gomti,26.27527778,82.06670000,09-02-2026 22:00,NaN
2403,Sultanpur,CWC,9,Uttar Pradesh,185,SULTANPUR,DUBEY PUR,DUBEY PUR,Sultanpur,Ganga,Ganga,Gomti,-,-,Gomti,26.27527778,82.06670000,09-02-2026 23:00,NaN
2404,Sultanpur,CWC,9,Uttar Pradesh,185,SULTANPUR,DUBEY PUR,DUBEY PUR,Sultanpur,Ganga,Ganga,Gomti,-,-,Gomti,26.27527778,82.06670000,10-02-2026 00:00,NaN
2405,Sultanpur,CWC,9,Uttar Pradesh,185,SULTANPUR,DUBEY PUR,DUBEY PUR,Sultanpur,Ganga,Ganga,Gomti,-,-,Gomti,26.27527778,82.06670000,10-02-2026 03:00,NaN
2406,Sultanpur,CWC,9,Uttar Pradesh,185,SULTANPUR,DUBEY PUR,DUBEY PUR,Sultanpur,Ganga,Ganga,Gomti,-,-,Gomti,26.27527778,82.06670000,10-02-2026 18:00,NaN
2407,Sultanpur,CWC,9,Uttar Pradesh,185,SULTANPUR,DUBEY PUR,DUBEY PUR,Sultanpur,Ganga,Ganga,Gomti,-,-,Gomti,26.27527778,82.06670000,10-02-2026 19:00,NaN
2408,Sultanpur,CWC,9,Uttar Pradesh,185,SULTANPUR,DUBEY PUR,DUBEY PUR,Sultanpur,Ganga,Ganga,Gomti,-,-,Gomti,26.27527778,82.06670000,10-02-2026 20:00,NaN
2409,Sultanpur,CWC,9,Uttar Pradesh,185,SULTANPUR,DUBEY PUR,DUBEY PUR,Sultanpur,Ganga,Ganga,Gomti,-,-,Gomti,26.27527778,82.06670000,10-02-2026 21:00,NaN
2410,Sultanpur,CWC,9,Uttar Pradesh,185,SULTANPUR,DUBEY PUR,DUBEY PUR,Sultanpur,Ganga,Ganga,Gomti,-,-,Gomti,26.27527778,82.06670000,10-02-2026 22:00,NaN
2411,Sultanpur,CWC,9,Uttar Pradesh,185,SULTANPUR,DUBEY PUR,DUBEY PUR,Sultanpur,Ganga,Ganga,Gomti,-,-,Gomti,26.27527778,82.06670000,10-02-2026 23:00,NaN
2412,Sultanpur,CWC,9,Uttar Pradesh,185,SULTANPUR,DUBEY PUR,DUBEY PUR,Sultanpur,Ganga,Ganga,Gomti,-,-,Gomti,26.27527778,82.06670000,11-02-2026 00:00,NaN
2413,Sultanpur,CWC,9,Uttar Pradesh,185,SULTANPUR,DUBEY PUR,DUBEY PUR,Sultanpur,Ganga,Ganga,Gomti,-,-,Gomti,26.27527778,82.06670000,11-02-2026 01:00,NaN
2414,Sultanpur,CWC,9,Uttar Pradesh,185,SULTANPUR,DUBEY PUR,DUBEY PUR,Sultanpur,Ganga,Ganga,Gomti,-,-,Gomti,26.27527778,82.06670000,11-02-2026 02:00,NaN
2415,Sultanpur,CWC,9,Uttar Pradesh,185,SULTANPUR,DUBEY PUR,DUBEY PUR,Sultanpur,Ganga,Ganga,Gomti,-,-,Gomti,26.27527778,82.06670000,11-02-2026 13:00,NaN
2416,Sultanpur,CWC,9,Uttar Pradesh,185,SULTANPUR,DUBEY PUR,DUBEY PUR,Sultanpur,Ganga,Ganga,Gomti,-,-,Gomti,26.27527778,82.06670000,11-02-2026 21:00,NaN
2417,Sultanpur,CWC,9,Uttar Pradesh,185,SULTANPUR,DUBEY PUR,DUBEY PUR,Sultanpur,Ganga,Ganga,Gomti,-,-,Gomti,26.27527778,82.06670000,11-02-2026 23:00,NaN
2418,Sultanpur,CWC,9,Uttar Pradesh,185,SULTANPUR,DUBEY PUR,DUBEY PUR,Sultanpur,Ganga,Ganga,Gomti,-,-,Gomti,26.27527778,82.06670000,12-02-2026 02:00,NaN
2419,Sultanpur,CWC,9,Uttar Pradesh,185,SULTANPUR,DUBEY PUR,DUBEY PUR,Sultanpur,Ganga,Ganga,Gomti,-,-,Gomti,26.27527778,82.06670000,12-02-2026 11:00,NaN
2420,Sultanpur,CWC,9,Uttar Pradesh,185,SULTANPUR,DUBEY PUR,DUBEY PUR,Sultanpur,Ganga,Ganga,Gomti,-,-,Gomti,26.27527778,82.06670000,12-02-2026 20:00,NaN
2421,Sultanpur,CWC,9,Uttar Pradesh,185,SULTANPUR,DUBEY PUR,DUBEY PUR,Sultanpur,Ganga,Ganga,Gomti,-,-,Gomti,26.27527778,82.06670000,12-02-2026 21:00,NaN
2422,Sultanpur,CWC,9,Uttar Pradesh,185,SULTANPUR,DUBEY PUR,DUBEY PUR,Sultanpur,Ganga,Ganga,Gomti,-,-,Gomti,26.27527778,82.06670000,12-02-2026 22:00,NaN
2423,Sultanpur,CWC,9,Uttar Pradesh,185,SULTANPUR,DUBEY PUR,DUBEY PUR,Sultanpur,Ganga,Ganga,Gomti,-,-,Gomti,26.27527778,82.06670000,12-02-2026 23:00,NaN
2424,Sultanpur,CWC,9,Uttar Pradesh,185,SULTANPUR,DUBEY PUR,DUBEY PUR,Sultanpur,Ganga,Ganga,Gomti,-,-,Gomti,26.27527778,82.06670000,13-02-2026 00:00,NaN
2425,Sultanpur,CWC,9,Uttar Pradesh,185,SULTANPUR,DUBEY PUR,DUBEY PUR,Sultanpur,Ganga,Ganga,Gomti,-,-,Gomti,26.27527778,82.06670000,13-02-2026 01:00,NaN
2426,Sultanpur,CWC,9,Uttar Pradesh,185,SULTANPUR,DUBEY PUR,DUBEY PUR,Sultanpur,Ganga,Ganga,Gomti,-,-,Gomti,26.27527778,82.06670000,13-02-2026 12:00,NaN
2427,Sultanpur,CWC,9,Uttar Pradesh,185,SULTANPUR,DUBEY PUR,DUBEY PUR,Sultanpur,Ganga,Ganga,Gomti,-,-,Gomti,26.27527778,82.06670000,13-02-2026 13:00,NaN
2428,Sultanpur,CWC,9,Uttar Pradesh,185,SULTANPUR,DUBEY PUR,DUBEY PUR,Sultanpur,Ganga,Ganga,Gomti,-,-,Gomti,26.27527778,82.06670000,13-02-2026 22:00,NaN
2429,Sultanpur,CWC,9,Uttar Pradesh,185,SULTANPUR,DUBEY PUR,DUBEY PUR,Sultanpur,Ganga,Ganga,Gomti,-,-,Gomti,26.27527778,82.06670000,14-02-2026 00:00,NaN
2430,Sultanpur,CWC,9,Uttar Pradesh,185,SULTANPUR,DUBEY PUR,DUBEY PUR,Sultanpur,Ganga,Ganga,Gomti,-,-,Gomti,26.27527778,82.06670000,14-02-2026 13:00,NaN
2431,Sultanpur,CWC,9,Uttar Pradesh,185,SULTANPUR,DUBEY PUR,DUBEY PUR,Sultanpur,Ganga,Ganga,Gomti,-,-,Gomti,26.27527778,82.06670000,14-02-2026 21:00,NaN
2432,Sultanpur,CWC,9,Uttar Pradesh,185,SULTANPUR,DUBEY PUR,DUBEY PUR,Sultanpur,Ganga,Ganga,Gomti,-,-,Gomti,26.27527778,82.06670000,14-02-2026 22:00,NaN
2433,Sultanpur,CWC,9,Uttar Pradesh,185,SULTANPUR,DUBEY PUR,DUBEY PUR,Sultanpur,Ganga,Ganga,Gomti,-,-,Gomti,26.27527778,82.06670000,14-02-2026 23:00,NaN
2434,Sultanpur,CWC,9,Uttar Pradesh,185,SULTANPUR,DUBEY PUR,DUBEY PUR,Sultanpur,Ganga,Ganga,Gomti,-,-,Gomti,26.27527778,82.06670000,15-02-2026 00:00,NaN
2435,Sultanpur,CWC,9,Uttar Pradesh,185,SULTANPUR,DUBEY PUR,DUBEY PUR,Sultanpur,Ganga,Ganga,Gomti,-,-,Gomti,26.27527778,82.06670000,15-02-2026 01:00,NaN
2436,Sultanpur,CWC,9,Uttar Pradesh,185,SULTANPUR,DUBEY PUR,DUBEY PUR,Sultanpur,Ganga,Ganga,Gomti,-,-,Gomti,26.27527778,82.06670000,15-02-2026 02:00,NaN
2437,Sultanpur,CWC,9,Uttar Pradesh,185,SULTANPUR,DUBEY PUR,DUBEY PUR,Sultanpur,Ganga,Ganga,Gomti,-,-,Gomti,26.27527778,82.06670000,15-02-2026 03:00,NaN
2438,Sultanpur,CWC,9,Uttar Pradesh,185,SULTANPUR,DUBEY PUR,DUBEY PUR,Sultanpur,Ganga,Ganga,Gomti,-,-,Gomti,26.27527778,82.06670000,15-02-2026 21:00,NaN
2439,Sultanpur,CWC,9,Uttar Pradesh,185,SULTANPUR,DUBEY PUR,DUBEY PUR,Sultanpur,Ganga,Ganga,Gomti,-,-,Gomti,26.27527778,82.06670000,15-02-2026 23:00,NaN
2440,Sultanpur,CWC,9,Uttar Pradesh,185,SULTANPUR,DUBEY PUR,DUBEY PUR,Sultanpur,Ganga,Ganga,Gomti,-,-,Gomti,26.27527778,82.06670000,16-02-2026 18:00,NaN
2441,Sultanpur,CWC,9,Uttar Pradesh,185,SULTANPUR,DUBEY PUR,DUBEY PUR,Sultanpur,Ganga,Ganga,Gomti,-,-,Gomti,26.27527778,82.06670000,17-02-2026 21:00,NaN
2442,Sultanpur,CWC,9,Uttar Pradesh,185,SULTANPUR,DUBEY PUR,DUBEY PUR,Sultanpur,Ganga,Ganga,Gomti,-,-,Gomti,26.27527778,82.06670000,17-02-2026 22:00,NaN
2443,Sultanpur,CWC,9,Uttar Pradesh,185,SULTANPUR,DUBEY PUR,DUBEY PUR,Sultanpur,Ganga,Ganga,Gomti,-,-,Gomti,26.27527778,82.06670000,18-02-2026 02:00,NaN
2444,Sultanpur,CWC,9,Uttar Pradesh,185,SULTANPUR,DUBEY PUR,DUBEY PUR,Sultanpur,Ganga,Ganga,Gomti,-,-,Gomti,26.27527778,82.06670000,19-02-2026 20:00,NaN
2445,Sultanpur,CWC,9,Uttar Pradesh,185,SULTANPUR,DUBEY PUR,DUBEY PUR,Sultanpur,Ganga,Ganga,Gomti,-,-,Gomti,26.27527778,82.06670000,19-02-2026 21:00,NaN
2446,Sultanpur,CWC,9,Uttar Pradesh,185,SULTANPUR,DUBEY PUR,DUBEY PUR,Sultanpur,Ganga,Ganga,Gomti,-,-,Gomti,26.27527778,82.06670000,19-02-2026 23:00,NaN
2447,Sultanpur,CWC,9,Uttar Pradesh,185,SULTANPUR,DUBEY PUR,DUBEY PUR,Sultanpur,Ganga,Ganga,Gomti,-,-,Gomti,26.27527778,82.06670000,20-02-2026 02:00,NaN
2448,Sultanpur,CWC,9,Uttar Pradesh,185,SULTANPUR,DUBEY PUR,DUBEY PUR,Sultanpur,Ganga,Ganga,Gomti,-,-,Gomti,26.27527778,82.06670000,20-02-2026 20:00,NaN
2449,Sultanpur,CWC,9,Uttar Pradesh,185,SULTANPUR,DUBEY PUR,DUBEY PUR,Sultanpur,Ganga,Ganga,Gomti,-,-,Gomti,26.27527778,82.06670000,20-02-2026 21:00,NaN
2450,Sultanpur,CWC,9,Uttar Pradesh,185,SULTANPUR,DUBEY PUR,DUBEY PUR,Sultanpur,Ganga,Ganga,Gomti,-,-,Gomti,26.27527778,82.06670000,20-02-2026 22:00,NaN
2451,Sultanpur,CWC,9,Uttar Pradesh,185,SULTANPUR,DUBEY PUR,DUBEY PUR,Sultanpur,Ganga,Ganga,Gomti,-,-,Gomti,26.27527778,82.06670000,20-02-2026 23:00,NaN
2452,Sultanpur,CWC,9,Uttar Pradesh,185,SULTANPUR,DUBEY PUR,DUBEY PUR,Sultanpur,Ganga,Ganga,Gomti,-,-,Gomti,26.27527778,82.06670000,21-02-2026 00:00,NaN
2453,Sultanpur,CWC,9,Uttar Pradesh,185,SULTANPUR,DUBEY PUR,DUBEY PUR,Sultanpur,Ganga,Ganga,Gomti,-,-,Gomti,26.27527778,82.06670000,21-02-2026 01:00,NaN
2454,Sultanpur,CWC,9,Uttar Pradesh,185,SULTANPUR,DUBEY PUR,DUBEY PUR,Sultanpur,Ganga,Ganga,Gomti,-,-,Gomti,26.27527778,82.06670000,21-02-2026 02:00,NaN
2455,Sultanpur,CWC,9,Uttar Pradesh,185,SULTANPUR,DUBEY PUR,DUBEY PUR,Sultanpur,Ganga,Ganga,Gomti,-,-,Gomti,26.27527778,82.06670000,21-02-2026 20:00,NaN
2456,Sultanpur,CWC,9,Uttar Pradesh,185,SULTANPUR,DUBEY PUR,DUBEY PUR,Sultanpur,Ganga,Ganga,Gomti,-,-,Gomti,26.27527778,82.06670000,21-02-2026 22:00,NaN
2457,Sultanpur,CWC,9,Uttar Pradesh,185,SULTANPUR,DUBEY PUR,DUBEY PUR,Sultanpur,Ganga,Ganga,Gomti,-,-,Gomti,26.27527778,82.06670000,21-02-2026 23:00,NaN
2458,Sultanpur,CWC,9,Uttar Pradesh,185,SULTANPUR,DUBEY PUR,DUBEY PUR,Sultanpur,Ganga,Ganga,Gomti,-,-,Gomti,26.27527778,82.06670000,22-02-2026 00:00,NaN
2459,Sultanpur,CWC,9,Uttar Pradesh,185,SULTANPUR,DUBEY PUR,DUBEY PUR,Sultanpur,Ganga,Ganga,Gomti,-,-,Gomti,26.27527778,82.06670000,22-02-2026 01:00,NaN
2460,Sultanpur,CWC,9,Uttar Pradesh,185,SULTANPUR,DUBEY PUR,DUBEY PUR,Sultanpur,Ganga,Ganga,Gomti,-,-,Gomti,26.27527778,82.06670000,22-02-2026 20:00,NaN
2461,Sultanpur,CWC,9,Uttar Pradesh,185,SULTANPUR,DUBEY PUR,DUBEY PUR,Sultanpur,Ganga,Ganga,Gomti,-,-,Gomti,26.27527778,82.06670000,23-02-2026 00:00,NaN
2462,Sultanpur,CWC,9,Uttar Pradesh,185,SULTANPUR,DUBEY PUR,DUBEY PUR,Sultanpur,Ganga,Ganga,Gomti,-,-,Gomti,26.27527778,82.06670000,23-02-2026 02:00,NaN
2463,Sultanpur,CWC,9,Uttar Pradesh,185,SULTANPUR,DUBEY PUR,DUBEY PUR,Sultanpur,Ganga,Ganga,Gomti,-,-,Gomti,26.27527778,82.06670000,23-02-2026 13:00,NaN
2464,Sultanpur,CWC,9,Uttar Pradesh,185,SULTANPUR,DUBEY PUR,DUBEY PUR,Sultanpur,Ganga,Ganga,Gomti,-,-,Gomti,26.27527778,82.06670000,23-02-2026 20:00,NaN
2465,Sultanpur,CWC,9,Uttar Pradesh,185,SULTANPUR,DUBEY PUR,DUBEY PUR,Sultanpur,Ganga,Ganga,Gomti,-,-,Gomti,26.27527778,82.06670000,23-02-2026 23:00,NaN
2466,Sultanpur,CWC,9,Uttar Pradesh,185,SULTANPUR,DUBEY PUR,DUBEY PUR,Sultanpur,Ganga,Ganga,Gomti,-,-,Gomti,26.27527778,82.06670000,24-02-2026 00:00,NaN
2467,Sultanpur,CWC,9,Uttar Pradesh,185,SULTANPUR,DUBEY PUR,DUBEY PUR,Sultanpur,Ganga,Ganga,Gomti,-,-,Gomti,26.27527778,82.06670000,24-02-2026 01:00,NaN
2468,Sultanpur,CWC,9,Uttar Pradesh,185,SULTANPUR,DUBEY PUR,DUBEY PUR,Sultanpur,Ganga,Ganga,Gomti,-,-,Gomti,26.27527778,82.06670000,24-02-2026 13:00,NaN
2469,Sultanpur,CWC,9,Uttar Pradesh,185,SULTANPUR,DUBEY PUR,DUBEY PUR,Sultanpur,Ganga,Ganga,Gomti,-,-,Gomti,26.27527778,82.06670000,24-02-2026 17:00,NaN
2470,Sultanpur,CWC,9,Uttar Pradesh,185,SULTANPUR,DUBEY PUR,DUBEY PUR,Sultanpur,Ganga,Ganga,Gomti,-,-,Gomti,26.27527778,82.06670000,24-02-2026 18:00,NaN
2471,Sultanpur,CWC,9,Uttar Pradesh,185,SULTANPUR,DUBEY PUR,DUBEY PUR,Sultanpur,Ganga,Ganga,Gomti,-,-,Gomti,26.27527778,82.06670000,24-02-2026 19:00,NaN
2472,Sultanpur,CWC,9,Uttar Pradesh,185,SULTANPUR,DUBEY PUR,DUBEY PUR,Sultanpur,Ganga,Ganga,Gomti,-,-,Gomti,26.27527778,82.06670000,24-02-2026 21:00,NaN
2473,Sultanpur,CWC,9,Uttar Pradesh,185,SULTANPUR,DUBEY PUR,DUBEY PUR,Sultanpur,Ganga,Ganga,Gomti,-,-,Gomti,26.27527778,82.06670000,24-02-2026 22:00,NaN
2474,Sultanpur,CWC,9,Uttar Pradesh,185,SULTANPUR,DUBEY PUR,DUBEY PUR,Sultanpur,Ganga,Ganga,Gomti,-,-,Gomti,26.27527778,82.06670000,24-02-2026 23:00,NaN
2475,Sultanpur,CWC,9,Uttar Pradesh,185,SULTANPUR,DUBEY PUR,DUBEY PUR,Sultanpur,Ganga,Ganga,Gomti,-,-,Gomti,26.27527778,82.06670000,25-02-2026 00:00,NaN
2476,Sultanpur,CWC,9,Uttar Pradesh,185,SULTANPUR,DUBEY PUR,DUBEY PUR,Sultanpur,Ganga,Ganga,Gomti,-,-,Gomti,26.27527778,82.06670000,25-02-2026 01:00,NaN
2477,Sultanpur,CWC,9,Uttar Pradesh,185,SULTANPUR,DUBEY PUR,DUBEY PUR,Sultanpur,Ganga,Ganga,Gomti,-,-,Gomti,26.27527778,82.06670000,25-02-2026 16:00,NaN
2478,Sultanpur,CWC,9,Uttar Pradesh,185,SULTANPUR,DUBEY PUR,DUBEY PUR,Sultanpur,Ganga,Ganga,Gomti,-,-,Gomti,26.27527778,82.06670000,25-02-2026 22:00,NaN
2479,Sultanpur,CWC,9,Uttar Pradesh,185,SULTANPUR,DUBEY PUR,DUBEY PUR,Sultanpur,Ganga,Ganga,Gomti,-,-,Gomti,26.27527778,82.06670000,26-02-2026 00:00,NaN
2480,Sultanpur,CWC,9,Uttar Pradesh,185,SULTANPUR,DUBEY PUR,DUBEY PUR,Sultanpur,Ganga,Ganga,Gomti,-,-,Gomti,26.27527778,82.06670000,26-02-2026 14:00,NaN
2481,Sultanpur,CWC,9,Uttar Pradesh,185,SULTANPUR,DUBEY PUR,DUBEY PUR,Sultanpur,Ganga,Ganga,Gomti,-,-,Gomti,26.27527778,82.06670000,27-02-2026 00:00,NaN
2482,Sultanpur,CWC,9,Uttar Pradesh,185,SULTANPUR,DUBEY PUR,DUBEY PUR,Sultanpur,Ganga,Ganga,Gomti,-,-,Gomti,26.27527778,82.06670000,27-02-2026 21:00,NaN
2483,Sultanpur,CWC,9,Uttar Pradesh,185,SULTANPUR,DUBEY PUR,DUBEY PUR,Sultanpur,Ganga,Ganga,Gomti,-,-,Gomti,26.27527778,82.06670000,27-02-2026 22:00,NaN
2484,Sultanpur,CWC,9,Uttar Pradesh,185,SULTANPUR,DUBEY PUR,DUBEY PUR,Sultanpur,Ganga,Ganga,Gomti,-,-,Gomti,26.27527778,82.06670000,28-02-2026 13:00,NaN
2485,Sultanpur,CWC,9,Uttar Pradesh,185,SULTANPUR,DUBEY PUR,DUBEY PUR,Sultanpur,Ganga,Ganga,Gomti,-,-,Gomti,26.27527778,82.06670000,01-03-2026 06:30,NaN
2486,Sultanpur,CWC,9,Uttar Pradesh,185,SULTANPUR,DUBEY PUR,DUBEY PUR,Sultanpur,Ganga,Ganga,Gomti,-,-,Gomti,26.27527778,82.06670000,01-03-2026 20:00,NaN
2487,Sultanpur,CWC,9,Uttar Pradesh,185,SULTANPUR,DUBEY PUR,DUBEY PUR,Sultanpur,Ganga,Ganga,Gomti,-,-,Gomti,26.27527778,82.06670000,01-03-2026 21:00,NaN
2488,Sultanpur,CWC,9,Uttar Pradesh,185,SULTANPUR,DUBEY PUR,DUBEY PUR,Sultanpur,Ganga,Ganga,Gomti,-,-,Gomti,26.27527778,82.06670000,01-03-2026 22:00,NaN
2489,Sultanpur,CWC,9,Uttar Pradesh,185,SULTANPUR,DUBEY PUR,DUBEY PUR,Sultanpur,Ganga,Ganga,Gomti,-,-,Gomti,26.27527778,82.06670000,02-03-2026 00:00,NaN
2490,Sultanpur,CWC,9,Uttar Pradesh,185,SULTANPUR,DUBEY PUR,DUBEY PUR,Sultanpur,Ganga,Ganga,Gomti,-,-,Gomti,26.27527778,82.06670000,02-03-2026 03:00,NaN
2491,Sultanpur,CWC,9,Uttar Pradesh,185,SULTANPUR,DUBEY PUR,DUBEY PUR,Sultanpur,Ganga,Ganga,Gomti,-,-,Gomti,26.27527778,82.06670000,02-03-2026 21:00,NaN
2492,Sultanpur,CWC,9,Uttar Pradesh,185,SULTANPUR,DUBEY PUR,DUBEY PUR,Sultanpur,Ganga,Ganga,Gomti,-,-,Gomti,26.27527778,82.06670000,02-03-2026 22:00,NaN
2493,Sultanpur,CWC,9,Uttar Pradesh,185,SULTANPUR,DUBEY PUR,DUBEY PUR,Sultanpur,Ganga,Ganga,Gomti,-,-,Gomti,26.27527778,82.06670000,18-03-2026 21:00,NaN
2494,Sultanpur,CWC,9,Uttar Pradesh,185,SULTANPUR,DUBEY PUR,DUBEY PUR,Sultanpur,Ganga,Ganga,Gomti,-,-,Gomti,26.27527778,82.06670000,23-03-2026 18:00,NaN
2495,Sultanpur,CWC,9,Uttar Pradesh,185,SULTANPUR,DUBEY PUR,DUBEY PUR,Sultanpur,Ganga,Ganga,Gomti,-,-,Gomti,26.27527778,82.06670000,23-03-2026 19:00,NaN
2496,Sultanpur,CWC,9,Uttar Pradesh,185,SULTANPUR,DUBEY PUR,DUBEY PUR,Sultanpur,Ganga,Ganga,Gomti,-,-,Gomti,26.27527778,82.06670000,23-03-2026 20:00,NaN
2497,Sultanpur,CWC,9,Uttar Pradesh,185,SULTANPUR,DUBEY PUR,DUBEY PUR,Sultanpur,Ganga,Ganga,Gomti,-,-,Gomti,26.27527778,82.06670000,23-03-2026 21:00,NaN
2498,Sultanpur,CWC,9,Uttar Pradesh,185,SULTANPUR,DUBEY PUR,DUBEY PUR,Sultanpur,Ganga,Ganga,Gomti,-,-,Gomti,26.27527778,82.06670000,23-03-2026 22:00,NaN
2499,Sultanpur,CWC,9,Uttar Pradesh,185,SULTANPUR,DUBEY PUR,DUBEY PUR,Sultanpur,Ganga,Ganga,Gomti,-,-,Gomti,26.27527778,82.06670000,23-03-2026 23:00,NaN
2500,Sultanpur,CWC,9,Uttar Pradesh,185,SULTANPUR,DUBEY PUR,DUBEY PUR,Sultanpur,Ganga,Ganga,Gomti,-,-,Gomti,26.27527778,82.06670000,24-03-2026 14:00,NaN
2501,Sultanpur,CWC,9,Uttar Pradesh,185,SULTANPUR,DUBEY PUR,DUBEY PUR,Sultanpur,Ganga,Ganga,Gomti,-,-,Gomti,26.27527778,82.06670000,24-03-2026 20:00,NaN
2502,Sultanpur,CWC,9,Uttar Pradesh,185,SULTANPUR,DUBEY PUR,DUBEY PUR,Sultanpur,Ganga,Ganga,Gomti,-,-,Gomti,26.27527778,82.06670000,24-03-2026 21:00,NaN
2503,Sultanpur,CWC,9,Uttar Pradesh,185,SULTANPUR,DUBEY PUR,DUBEY PUR,Sultanpur,Ganga,Ganga,Gomti,-,-,Gomti,26.27527778,82.06670000,24-03-2026 22:00,NaN
2504,Sultanpur,CWC,9,Uttar Pradesh,185,SULTANPUR,DUBEY PUR,DUBEY PUR,Sultanpur,Ganga,Ganga,Gomti,-,-,Gomti,26.27527778,82.06670000,24-03-2026 23:00,NaN
2505,Sultanpur,CWC,9,Uttar Pradesh,185,SULTANPUR,DUBEY PUR,DUBEY PUR,Sultanpur,Ganga,Ganga,Gomti,-,-,Gomti,26.27527778,82.06670000,25-03-2026 00:00,NaN
2506,Sultanpur,CWC,9,Uttar Pradesh,185,SULTANPUR,DUBEY PUR,DUBEY PUR,Sultanpur,Ganga,Ganga,Gomti,-,-,Gomti,26.27527778,82.06670000,25-03-2026 01:00,NaN
2507,Sultanpur,CWC,9,Uttar Pradesh,185,SULTANPUR,DUBEY PUR,DUBEY PUR,Sultanpur,Ganga,Ganga,Gomti,-,-,Gomti,26.27527778,82.06670000,25-03-2026 02:00,NaN
2508,Sultanpur,CWC,9,Uttar Pradesh,185,SULTANPUR,DUBEY PUR,DUBEY PUR,Sultanpur,Ganga,Ganga,Gomti,-,-,Gomti,26.27527778,82.06670000,25-03-2026 16:00,NaN
2509,Sultanpur,CWC,9,Uttar Pradesh,185,SULTANPUR,DUBEY PUR,DUBEY PUR,Sultanpur,Ganga,Ganga,Gomti,-,-,Gomti,26.27527778,82.06670000,25-03-2026 18:00,NaN
2510,Sultanpur,CWC,9,Uttar Pradesh,185,SULTANPUR,DUBEY PUR,DUBEY PUR,Sultanpur,Ganga,Ganga,Gomti,-,-,Gomti,26.27527778,82.06670000,25-03-2026 19:00,NaN
2511,Sultanpur,CWC,9,Uttar Pradesh,185,SULTANPUR,DUBEY PUR,DUBEY PUR,Sultanpur,Ganga,Ganga,Gomti,-,-,Gomti,26.27527778,82.06670000,25-03-2026 21:00,NaN
2512,Sultanpur,CWC,9,Uttar Pradesh,185,SULTANPUR,DUBEY PUR,DUBEY PUR,Sultanpur,Ganga,Ganga,Gomti,-,-,Gomti,26.27527778,82.06670000,25-03-2026 22:00,NaN
2513,Sultanpur,CWC,9,Uttar Pradesh,185,SULTANPUR,DUBEY PUR,DUBEY PUR,Sultanpur,Ganga,Ganga,Gomti,-,-,Gomti,26.27527778,82.06670000,25-03-2026 23:00,NaN
2514,Sultanpur,CWC,9,Uttar Pradesh,185,SULTANPUR,DUBEY PUR,DUBEY PUR,Sultanpur,Ganga,Ganga,Gomti,-,-,Gomti,26.27527778,82.06670000,26-03-2026 00:00,NaN
2515,Sultanpur,CWC,9,Uttar Pradesh,185,SULTANPUR,DUBEY PUR,DUBEY PUR,Sultanpur,Ganga,Ganga,Gomti,-,-,Gomti,26.27527778,82.06670000,26-03-2026 01:00,NaN
2516,Sultanpur,CWC,9,Uttar Pradesh,185,SULTANPUR,DUBEY PUR,DUBEY PUR,Sultanpur,Ganga,Ganga,Gomti,-,-,Gomti,26.27527778,82.06670000,26-03-2026 02:00,NaN
2517,Sultanpur,CWC,9,Uttar Pradesh,185,SULTANPUR,DUBEY PUR,DUBEY PUR,Sultanpur,Ganga,Ganga,Gomti,-,-,Gomti,26.27527778,82.06670000,26-03-2026 03:00,NaN
2518,Sultanpur,CWC,9,Uttar Pradesh,185,SULTANPUR,DUBEY PUR,DUBEY PUR,Sultanpur,Ganga,Ganga,Gomti,-,-,Gomti,26.27527778,82.06670000,26-03-2026 04:00,NaN
2519,Sultanpur,CWC,9,Uttar Pradesh,185,SULTANPUR,DUBEY PUR,DUBEY PUR,Sultanpur,Ganga,Ganga,Gomti,-,-,Gomti,26.27527778,82.06670000,26-03-2026 05:00,NaN
2520,Sultanpur,CWC,9,Uttar Pradesh,185,SULTANPUR,DUBEY PUR,DUBEY PUR,Sultanpur,Ganga,Ganga,Gomti,-,-,Gomti,26.27527778,82.06670000,26-03-2026 14:00,NaN
2521,Sultanpur,CWC,9,Uttar Pradesh,185,SULTANPUR,DUBEY PUR,DUBEY PUR,Sultanpur,Ganga,Ganga,Gomti,-,-,Gomti,26.27527778,82.06670000,26-03-2026 15:00,NaN
2522,Sultanpur,CWC,9,Uttar Pradesh,185,SULTANPUR,DUBEY PUR,DUBEY PUR,Sultanpur,Ganga,Ganga,Gomti,-,-,Gomti,26.27527778,82.06670000,26-03-2026 20:00,NaN
2523,Sultanpur,CWC,9,Uttar Pradesh,185,SULTANPUR,DUBEY PUR,DUBEY PUR,Sultanpur,Ganga,Ganga,Gomti,-,-,Gomti,26.27527778,82.06670000,26-03-2026 21:00,NaN
2524,Sultanpur,CWC,9,Uttar Pradesh,185,SULTANPUR,DUBEY PUR,DUBEY PUR,Sultanpur,Ganga,Ganga,Gomti,-,-,Gomti,26.27527778,82.06670000,26-03-2026 22:00,NaN
2525,Sultanpur,CWC,9,Uttar Pradesh,185,SULTANPUR,DUBEY PUR,DUBEY PUR,Sultanpur,Ganga,Ganga,Gomti,-,-,Gomti,26.27527778,82.06670000,26-03-2026 23:00,NaN
2526,Sultanpur,CWC,9,Uttar Pradesh,185,SULTANPUR,DUBEY PUR,DUBEY PUR,Sultanpur,Ganga,Ganga,Gomti,-,-,Gomti,26.27527778,82.06670000,27-03-2026 00:00,NaN
2527,Sultanpur,CWC,9,Uttar Pradesh,185,SULTANPUR,DUBEY PUR,DUBEY PUR,Sultanpur,Ganga,Ganga,Gomti,-,-,Gomti,26.27527778,82.06670000,27-03-2026 01:00,NaN
2528,Sultanpur,CWC,9,Uttar Pradesh,185,SULTANPUR,DUBEY PUR,DUBEY PUR,Sultanpur,Ganga,Ganga,Gomti,-,-,Gomti,26.27527778,82.06670000,27-03-2026 02:00,NaN
2529,Sultanpur,CWC,9,Uttar Pradesh,185,SULTANPUR,DUBEY PUR,DUBEY PUR,Sultanpur,Ganga,Ganga,Gomti,-,-,Gomti,26.27527778,82.06670000,27-03-2026 14:00,NaN
2530,Sultanpur,CWC,9,Uttar Pradesh,185,SULTANPUR,DUBEY PUR,DUBEY PUR,Sultanpur,Ganga,Ganga,Gomti,-,-,Gomti,26.27527778,82.06670000,27-03-2026 15:00,NaN
2531,Sultanpur,CWC,9,Uttar Pradesh,185,SULTANPUR,DUBEY PUR,DUBEY PUR,Sultanpur,Ganga,Ganga,Gomti,-,-,Gomti,26.27527778,82.06670000,27-03-2026 17:00,NaN
2532,Sultanpur,CWC,9,Uttar Pradesh,185,SULTANPUR,DUBEY PUR,DUBEY PUR,Sultanpur,Ganga,Ganga,Gomti,-,-,Gomti,26.27527778,82.06670000,27-03-2026 18:00,NaN
2533,Sultanpur,CWC,9,Uttar Pradesh,185,SULTANPUR,DUBEY PUR,DUBEY PUR,Sultanpur,Ganga,Ganga,Gomti,-,-,Gomti,26.27527778,82.06670000,27-03-2026 19:00,NaN
2534,Sultanpur,CWC,9,Uttar Pradesh,185,SULTANPUR,DUBEY PUR,DUBEY PUR,Sultanpur,Ganga,Ganga,Gomti,-,-,Gomti,26.27527778,82.06670000,27-03-2026 20:00,NaN
2535,Sultanpur,CWC,9,Uttar Pradesh,185,SULTANPUR,DUBEY PUR,DUBEY PUR,Sultanpur,Ganga,Ganga,Gomti,-,-,Gomti,26.27527778,82.06670000,27-03-2026 21:00,NaN
2536,Sultanpur,CWC,9,Uttar Pradesh,185,SULTANPUR,DUBEY PUR,DUBEY PUR,Sultanpur,Ganga,Ganga,Gomti,-,-,Gomti,26.27527778,82.06670000,27-03-2026 22:00,NaN
2537,Sultanpur,CWC,9,Uttar Pradesh,185,SULTANPUR,DUBEY PUR,DUBEY PUR,Sultanpur,Ganga,Ganga,Gomti,-,-,Gomti,26.27527778,82.06670000,27-03-2026 23:00,NaN
2538,Sultanpur,CWC,9,Uttar Pradesh,185,SULTANPUR,DUBEY PUR,DUBEY PUR,Sultanpur,Ganga,Ganga,Gomti,-,-,Gomti,26.27527778,82.06670000,28-03-2026 00:00,NaN
2539,Sultanpur,CWC,9,Uttar Pradesh,185,SULTANPUR,DUBEY PUR,DUBEY PUR,Sultanpur,Ganga,Ganga,Gomti,-,-,Gomti,26.27527778,82.06670000,28-03-2026 01:00,NaN
2540,Sultanpur,CWC,9,Uttar Pradesh,185,SULTANPUR,DUBEY PUR,DUBEY PUR,Sultanpur,Ganga,Ganga,Gomti,-,-,Gomti,26.27527778,82.06670000,28-03-2026 02:00,NaN
2541,Sultanpur,CWC,9,Uttar Pradesh,185,SULTANPUR,DUBEY PUR,DUBEY PUR,Sultanpur,Ganga,Ganga,Gomti,-,-,Gomti,26.27527778,82.06670000,28-03-2026 21:00,NaN
2542,Sultanpur,CWC,9,Uttar Pradesh,185,SULTANPUR,DUBEY PUR,DUBEY PUR,Sultanpur,Ganga,Ganga,Gomti,-,-,Gomti,26.27527778,82.06670000,28-03-2026 22:00,NaN
2543,Sultanpur,CWC,9,Uttar Pradesh,185,SULTANPUR,DUBEY PUR,DUBEY PUR,Sultanpur,Ganga,Ganga,Gomti,-,-,Gomti,26.27527778,82.06670000,29-03-2026 00:00,NaN
2544,Sultanpur,CWC,9,Uttar Pradesh,185,SULTANPUR,DUBEY PUR,DUBEY PUR,Sultanpur,Ganga,Ganga,Gomti,-,-,Gomti,26.27527778,82.06670000,29-03-2026 01:00,NaN
2545,Sultanpur,CWC,9,Uttar Pradesh,185,SULTANPUR,DUBEY PUR,DUBEY PUR,Sultanpur,Ganga,Ganga,Gomti,-,-,Gomti,26.27527778,82.06670000,29-03-2026 02:00,NaN
2546,Sultanpur,CWC,9,Uttar Pradesh,185,SULTANPUR,DUBEY PUR,DUBEY PUR,Sultanpur,Ganga,Ganga,Gomti,-,-,Gomti,26.27527778,82.06670000,29-03-2026 03:00,NaN
2547,Sultanpur,CWC,9,Uttar Pradesh,185,SULTANPUR,DUBEY PUR,DUBEY PUR,Sultanpur,Ganga,Ganga,Gomti,-,-,Gomti,26.27527778,82.06670000,29-03-2026 19:00,NaN
2548,Sultanpur,CWC,9,Uttar Pradesh,185,SULTANPUR,DUBEY PUR,DUBEY PUR,Sultanpur,Ganga,Ganga,Gomti,-,-,Gomti,26.27527778,82.06670000,29-03-2026 20:00,NaN
2549,Sultanpur,CWC,9,Uttar Pradesh,185,SULTANPUR,DUBEY PUR,DUBEY PUR,Sultanpur,Ganga,Ganga,Gomti,-,-,Gomti,26.27527778,82.06670000,29-03-2026 21:00,NaN
2550,Sultanpur,CWC,9,Uttar Pradesh,185,SULTANPUR,DUBEY PUR,DUBEY PUR,Sultanpur,Ganga,Ganga,Gomti,-,-,Gomti,26.27527778,82.06670000,29-03-2026 22:00,NaN
2551,Sultanpur,CWC,9,Uttar Pradesh,185,SULTANPUR,DUBEY PUR,DUBEY PUR,Sultanpur,Ganga,Ganga,Gomti,-,-,Gomti,26.27527778,82.06670000,29-03-2026 23:00,NaN
2552,Sultanpur,CWC,9,Uttar Pradesh,185,SULTANPUR,DUBEY PUR,DUBEY PUR,Sultanpur,Ganga,Ganga,Gomti,-,-,Gomti,26.27527778,82.06670000,30-03-2026 00:00,NaN
2553,Sultanpur,CWC,9,Uttar Pradesh,185,SULTANPUR,DUBEY PUR,DUBEY PUR,Sultanpur,Ganga,Ganga,Gomti,-,-,Gomti,26.27527778,82.06670000,30-03-2026 01:00,NaN
2554,Sultanpur,CWC,9,Uttar Pradesh,185,SULTANPUR,DUBEY PUR,DUBEY PUR,Sultanpur,Ganga,Ganga,Gomti,-,-,Gomti,26.27527778,82.06670000,30-03-2026 02:00,NaN
2555,Sultanpur,CWC,9,Uttar Pradesh,185,SULTANPUR,DUBEY PUR,DUBEY PUR,Sultanpur,Ganga,Ganga,Gomti,-,-,Gomti,26.27527778,82.06670000,30-03-2026 19:00,NaN
2556,Sultanpur,CWC,9,Uttar Pradesh,185,SULTANPUR,DUBEY PUR,DUBEY PUR,Sultanpur,Ganga,Ganga,Gomti,-,-,Gomti,26.27527778,82.06670000,30-03-2026 20:00,NaN
2557,Sultanpur,CWC,9,Uttar Pradesh,185,SULTANPUR,DUBEY PUR,DUBEY PUR,Sultanpur,Ganga,Ganga,Gomti,-,-,Gomti,26.27527778,82.06670000,30-03-2026 21:00,NaN
2558,Sultanpur,CWC,9,Uttar Pradesh,185,SULTANPUR,DUBEY PUR,DUBEY PUR,Sultanpur,Ganga,Ganga,Gomti,-,-,Gomti,26.27527778,82.06670000,30-03-2026 22:00,NaN
2559,Sultanpur,CWC,9,Uttar Pradesh,185,SULTANPUR,DUBEY PUR,DUBEY PUR,Sultanpur,Ganga,Ganga,Gomti,-,-,Gomti,26.27527778,82.06670000,30-03-2026 23:00,NaN
2560,Sultanpur,CWC,9,Uttar Pradesh,185,SULTANPUR,DUBEY PUR,DUBEY PUR,Sultanpur,Ganga,Ganga,Gomti,-,-,Gomti,26.27527778,82.06670000,31-03-2026 00:00,NaN
2561,Sultanpur,CWC,9,Uttar Pradesh,185,SULTANPUR,DUBEY PUR,DUBEY PUR,Sultanpur,Ganga,Ganga,Gomti,-,-,Gomti,26.27527778,82.06670000,31-03-2026 08:00,NaN
2562,Sultanpur,CWC,9,Uttar Pradesh,185,SULTANPUR,DUBEY PUR,DUBEY PUR,Sultanpur,Ganga,Ganga,Gomti,-,-,Gomti,26.27527778,82.06670000,31-03-2026 13:00,NaN
2563,Sultanpur,CWC,9,Uttar Pradesh,185,SULTANPUR,DUBEY PUR,DUBEY PUR,Sultanpur,Ganga,Ganga,Gomti,-,-,Gomti,26.27527778,82.06670000,31-03-2026 15:00,NaN
2564,Sultanpur,CWC,9,Uttar Pradesh,185,SULTANPUR,DUBEY PUR,DUBEY PUR,Sultanpur,Ganga,Ganga,Gomti,-,-,Gomti,26.27527778,82.06670000,31-03-2026 16:00,NaN
2565,Sultanpur,CWC,9,Uttar Pradesh,185,SULTANPUR,DUBEY PUR,DUBEY PUR,Sultanpur,Ganga,Ganga,Gomti,-,-,Gomti,26.27527778,82.06670000,31-03-2026 17:00,NaN
2566,Sultanpur,CWC,9,Uttar Pradesh,185,SULTANPUR,DUBEY PUR,DUBEY PUR,Sultanpur,Ganga,Ganga,Gomti,-,-,Gomti,26.27527778,82.06670000,31-03-2026 18:00,NaN
2567,Sultanpur,CWC,9,Uttar Pradesh,185,SULTANPUR,DUBEY PUR,DUBEY PUR,Sultanpur,Ganga,Ganga,Gomti,-,-,Gomti,26.27527778,82.06670000,31-03-2026 19:00,NaN
2568,Sultanpur,CWC,9,Uttar Pradesh,185,SULTANPUR,DUBEY PUR,DUBEY PUR,Sultanpur,Ganga,Ganga,Gomti,-,-,Gomti,26.27527778,82.06670000,31-03-2026 20:00,NaN
2569,Sultanpur,CWC,9,Uttar Pradesh,185,SULTANPUR,DUBEY PUR,DUBEY PUR,Sultanpur,Ganga,Ganga,Gomti,-,-,Gomti,26.27527778,82.06670000,31-03-2026 21:00,NaN
2570,Sultanpur,CWC,9,Uttar Pradesh,185,SULTANPUR,DUBEY PUR,DUBEY PUR,Sultanpur,Ganga,Ganga,Gomti,-,-,Gomti,26.27527778,82.06670000,31-03-2026 22:00,NaN
2571,Sultanpur,CWC,9,Uttar Pradesh,185,SULTANPUR,DUBEY PUR,DUBEY PUR,Sultanpur,Ganga,Ganga,Gomti,-,-,Gomti,26.27527778,82.06670000,31-03-2026 23:00,NaN
2572,Sultanpur,CWC,9,Uttar Pradesh,185,SULTANPUR,DUBEY PUR,DUBEY PUR,Sultanpur,Ganga,Ganga,Gomti,-,-,Gomti,26.27527778,82.06670000,01-04-2026 00:00,NaN
2573,Sultanpur,CWC,9,Uttar Pradesh,185,SULTANPUR,DUBEY PUR,DUBEY PUR,Sultanpur,Ganga,Ganga,Gomti,-,-,Gomti,26.27527778,82.06670000,01-04-2026 01:00,NaN
2574,Sultanpur,CWC,9,Uttar Pradesh,185,SULTANPUR,DUBEY PUR,DUBEY PUR,Sultanpur,Ganga,Ganga,Gomti,-,-,Gomti,26.27527778,82.06670000,01-04-2026 02:00,NaN
2575,Sultanpur,CWC,9,Uttar Pradesh,185,SULTANPUR,DUBEY PUR,DUBEY PUR,Sultanpur,Ganga,Ganga,Gomti,-,-,Gomti,26.27527778,82.06670000,01-04-2026 03:00,NaN
2576,Sultanpur,CWC,9,Uttar Pradesh,185,SULTANPUR,DUBEY PUR,DUBEY PUR,Sultanpur,Ganga,Ganga,Gomti,-,-,Gomti,26.27527778,82.06670000,01-04-2026 04:00,NaN
2577,Sultanpur,CWC,9,Uttar Pradesh,185,SULTANPUR,DUBEY PUR,DUBEY PUR,Sultanpur,Ganga,Ganga,Gomti,-,-,Gomti,26.27527778,82.06670000,01-04-2026 05:00,NaN
2578,Sultanpur,CWC,9,Uttar Pradesh,185,SULTANPUR,DUBEY PUR,DUBEY PUR,Sultanpur,Ganga,Ganga,Gomti,-,-,Gomti,26.27527778,82.06670000,01-04-2026 06:00,NaN
2579,Sultanpur,CWC,9,Uttar Pradesh,185,SULTANPUR,DUBEY PUR,DUBEY PUR,Sultanpur,Ganga,Ganga,Gomti,-,-,Gomti,26.27527778,82.06670000,01-04-2026 10:00,NaN
2580,Sultanpur,CWC,9,Uttar Pradesh,185,SULTANPUR,DUBEY PUR,DUBEY PUR,Sultanpur,Ganga,Ganga,Gomti,-,-,Gomti,26.27527778,82.06670000,01-04-2026 11:00,NaN
2581,Sultanpur,CWC,9,Uttar Pradesh,185,SULTANPUR,DUBEY PUR,DUBEY PUR,Sultanpur,Ganga,Ganga,Gomti,-,-,Gomti,26.27527778,82.06670000,01-04-2026 12:00,NaN
2582,Sultanpur,CWC,9,Uttar Pradesh,185,SULTANPUR,DUBEY PUR,DUBEY PUR,Sultanpur,Ganga,Ganga,Gomti,-,-,Gomti,26.27527778,82.06670000,01-04-2026 13:00,NaN
2583,Sultanpur,CWC,9,Uttar Pradesh,185,SULTANPUR,DUBEY PUR,DUBEY PUR,Sultanpur,Ganga,Ganga,Gomti,-,-,Gomti,26.27527778,82.06670000,01-04-2026 14:00,NaN
2584,Sultanpur,CWC,9,Uttar Pradesh,185,SULTANPUR,DUBEY PUR,DUBEY PUR,Sultanpur,Ganga,Ganga,Gomti,-,-,Gomti,26.27527778,82.06670000,01-04-2026 15:00,NaN
2585,Sultanpur,CWC,9,Uttar Pradesh,185,SULTANPUR,DUBEY PUR,DUBEY PUR,Sultanpur,Ganga,Ganga,Gomti,-,-,Gomti,26.27527778,82.06670000,01-04-2026 16:00,NaN
2586,Sultanpur,CWC,9,Uttar Pradesh,185,SULTANPUR,DUBEY PUR,DUBEY PUR,Sultanpur,Ganga,Ganga,Gomti,-,-,Gomti,26.27527778,82.06670000,01-04-2026 17:00,NaN
2587,Sultanpur,CWC,9,Uttar Pradesh,185,SULTANPUR,DUBEY PUR,DUBEY PUR,Sultanpur,Ganga,Ganga,Gomti,-,-,Gomti,26.27527778,82.06670000,01-04-2026 18:00,NaN
2588,Sultanpur,CWC,9,Uttar Pradesh,185,SULTANPUR,DUBEY PUR,DUBEY PUR,Sultanpur,Ganga,Ganga,Gomti,-,-,Gomti,26.27527778,82.06670000,01-04-2026 19:00,NaN
2589,Sultanpur,CWC,9,Uttar Pradesh,185,SULTANPUR,DUBEY PUR,DUBEY PUR,Sultanpur,Ganga,Ganga,Gomti,-,-,Gomti,26.27527778,82.06670000,01-04-2026 20:00,NaN
2590,Sultanpur,CWC,9,Uttar Pradesh,185,SULTANPUR,DUBEY PUR,DUBEY PUR,Sultanpur,Ganga,Ganga,Gomti,-,-,Gomti,26.27527778,82.06670000,01-04-2026 21:00,NaN
2591,Sultanpur,CWC,9,Uttar Pradesh,185,SULTANPUR,DUBEY PUR,DUBEY PUR,Sultanpur,Ganga,Ganga,Gomti,-,-,Gomti,26.27527778,82.06670000,01-04-2026 22:00,NaN
2592,Sultanpur,CWC,9,Uttar Pradesh,185,SULTANPUR,DUBEY PUR,DUBEY PUR,Sultanpur,Ganga,Ganga,Gomti,-,-,Gomti,26.27527778,82.06670000,01-04-2026 23:00,NaN
2593,Sultanpur,CWC,9,Uttar Pradesh,185,SULTANPUR,DUBEY PUR,DUBEY PUR,Sultanpur,Ganga,Ganga,Gomti,-,-,Gomti,26.27527778,82.06670000,02-04-2026 00:00,NaN
2594,Sultanpur,CWC,9,Uttar Pradesh,185,SULTANPUR,DUBEY PUR,DUBEY PUR,Sultanpur,Ganga,Ganga,Gomti,-,-,Gomti,26.27527778,82.06670000,02-04-2026 01:00,NaN
2595,Sultanpur,CWC,9,Uttar Pradesh,185,SULTANPUR,DUBEY PUR,DUBEY PUR,Sultanpur,Ganga,Ganga,Gomti,-,-,Gomti,26.27527778,82.06670000,02-04-2026 02:00,NaN
2596,Sultanpur,CWC,9,Uttar Pradesh,185,SULTANPUR,DUBEY PUR,DUBEY PUR,Sultanpur,Ganga,Ganga,Gomti,-,-,Gomti,26.27527778,82.06670000,02-04-2026 03:00,NaN
2597,Sultanpur,CWC,9,Uttar Pradesh,185,SULTANPUR,DUBEY PUR,DUBEY PUR,Sultanpur,Ganga,Ganga,Gomti,-,-,Gomti,26.27527778,82.06670000,02-04-2026 06:00,NaN
2598,Sultanpur,CWC,9,Uttar Pradesh,185,SULTANPUR,DUBEY PUR,DUBEY PUR,Sultanpur,Ganga,Ganga,Gomti,-,-,Gomti,26.27527778,82.06670000,02-04-2026 07:00,NaN
2599,Sultanpur,CWC,9,Uttar Pradesh,185,SULTANPUR,DUBEY PUR,DUBEY PUR,Sultanpur,Ganga,Ganga,Gomti,-,-,Gomti,26.27527778,82.06670000,02-04-2026 08:00,NaN
2600,Sultanpur,CWC,9,Uttar Pradesh,185,SULTANPUR,DUBEY PUR,DUBEY PUR,Sultanpur,Ganga,Ganga,Gomti,-,-,Gomti,26.27527778,82.06670000,02-04-2026 09:00,NaN
2601,Sultanpur,CWC,9,Uttar Pradesh,185,SULTANPUR,DUBEY PUR,DUBEY PUR,Sultanpur,Ganga,Ganga,Gomti,-,-,Gomti,26.27527778,82.06670000,02-04-2026 10:00,NaN
2602,Sultanpur,CWC,9,Uttar Pradesh,185,SULTANPUR,DUBEY PUR,DUBEY PUR,Sultanpur,Ganga,Ganga,Gomti,-,-,Gomti,26.27527778,82.06670000,02-04-2026 11:00,NaN
2603,Sultanpur,CWC,9,Uttar Pradesh,185,SULTANPUR,DUBEY PUR,DUBEY PUR,Sultanpur,Ganga,Ganga,Gomti,-,-,Gomti,26.27527778,82.06670000,02-04-2026 12:00,NaN
2604,Sultanpur,CWC,9,Uttar Pradesh,185,SULTANPUR,DUBEY PUR,DUBEY PUR,Sultanpur,Ganga,Ganga,Gomti,-,-,Gomti,26.27527778,82.06670000,02-04-2026 13:00,NaN
2605,Sultanpur,CWC,9,Uttar Pradesh,185,SULTANPUR,DUBEY PUR,DUBEY PUR,Sultanpur,Ganga,Ganga,Gomti,-,-,Gomti,26.27527778,82.06670000,02-04-2026 14:00,NaN
2606,Sultanpur,CWC,9,Uttar Pradesh,185,SULTANPUR,DUBEY PUR,DUBEY PUR,Sultanpur,Ganga,Ganga,Gomti,-,-,Gomti,26.27527778,82.06670000,02-04-2026 15:00,NaN
2607,Sultanpur,CWC,9,Uttar Pradesh,185,SULTANPUR,DUBEY PUR,DUBEY PUR,Sultanpur,Ganga,Ganga,Gomti,-,-,Gomti,26.27527778,82.06670000,02-04-2026 16:00,NaN
2608,Sultanpur,CWC,9,Uttar Pradesh,185,SULTANPUR,DUBEY PUR,DUBEY PUR,Sultanpur,Ganga,Ganga,Gomti,-,-,Gomti,26.27527778,82.06670000,02-04-2026 18:00,NaN
2609,Sultanpur,CWC,9,Uttar Pradesh,185,SULTANPUR,DUBEY PUR,DUBEY PUR,Sultanpur,Ganga,Ganga,Gomti,-,-,Gomti,26.27527778,82.06670000,02-04-2026 19:00,NaN
2610,Sultanpur,CWC,9,Uttar Pradesh,185,SULTANPUR,DUBEY PUR,DUBEY PUR,Sultanpur,Ganga,Ganga,Gomti,-,-,Gomti,26.27527778,82.06670000,02-04-2026 20:00,NaN
2611,Sultanpur,CWC,9,Uttar Pradesh,185,SULTANPUR,DUBEY PUR,DUBEY PUR,Sultanpur,Ganga,Ganga,Gomti,-,-,Gomti,26.27527778,82.06670000,02-04-2026 21:00,NaN
2612,Sultanpur,CWC,9,Uttar Pradesh,185,SULTANPUR,DUBEY PUR,DUBEY PUR,Sultanpur,Ganga,Ganga,Gomti,-,-,Gomti,26.27527778,82.06670000,03-04-2026 01:00,NaN
2613,Sultanpur,CWC,9,Uttar Pradesh,185,SULTANPUR,DUBEY PUR,DUBEY PUR,Sultanpur,Ganga,Ganga,Gomti,-,-,Gomti,26.27527778,82.06670000,03-04-2026 02:00,NaN
2614,Sultanpur,CWC,9,Uttar Pradesh,185,SULTANPUR,DUBEY PUR,DUBEY PUR,Sultanpur,Ganga,Ganga,Gomti,-,-,Gomti,26.27527778,82.06670000,03-04-2026 03:00,NaN
2615,Sultanpur,CWC,9,Uttar Pradesh,185,SULTANPUR,DUBEY PUR,DUBEY PUR,Sultanpur,Ganga,Ganga,Gomti,-,-,Gomti,26.27527778,82.06670000,03-04-2026 04:00,NaN
2616,Sultanpur,CWC,9,Uttar Pradesh,185,SULTANPUR,DUBEY PUR,DUBEY PUR,Sultanpur,Ganga,Ganga,Gomti,-,-,Gomti,26.27527778,82.06670000,03-04-2026 05:00,NaN
2617,Sultanpur,CWC,9,Uttar Pradesh,185,SULTANPUR,DUBEY PUR,DUBEY PUR,Sultanpur,Ganga,Ganga,Gomti,-,-,Gomti,26.27527778,82.06670000,03-04-2026 06:00,NaN
2618,Sultanpur,CWC,9,Uttar Pradesh,185,SULTANPUR,DUBEY PUR,DUBEY PUR,Sultanpur,Ganga,Ganga,Gomti,-,-,Gomti,26.27527778,82.06670000,03-04-2026 07:00,NaN
2619,Sultanpur,CWC,9,Uttar Pradesh,185,SULTANPUR,DUBEY PUR,DUBEY PUR,Sultanpur,Ganga,Ganga,Gomti,-,-,Gomti,26.27527778,82.06670000,03-04-2026 08:00,NaN
2620,Sultanpur,CWC,9,Uttar Pradesh,185,SULTANPUR,DUBEY PUR,DUBEY PUR,Sultanpur,Ganga,Ganga,Gomti,-,-,Gomti,26.27527778,82.06670000,03-04-2026 09:00,NaN
2621,Sultanpur,CWC,9,Uttar Pradesh,185,SULTANPUR,DUBEY PUR,DUBEY PUR,Sultanpur,Ganga,Ganga,Gomti,-,-,Gomti,26.27527778,82.06670000,03-04-2026 10:00,NaN
2622,Sultanpur,CWC,9,Uttar Pradesh,185,SULTANPUR,DUBEY PUR,DUBEY PUR,Sultanpur,Ganga,Ganga,Gomti,-,-,Gomti,26.27527778,82.06670000,03-04-2026 11:00,NaN
2623,Sultanpur,CWC,9,Uttar Pradesh,185,SULTANPUR,DUBEY PUR,DUBEY PUR,Sultanpur,Ganga,Ganga,Gomti,-,-,Gomti,26.27527778,82.06670000,03-04-2026 12:00,NaN
2624,Sultanpur,CWC,9,Uttar Pradesh,185,SULTANPUR,DUBEY PUR,DUBEY PUR,Sultanpur,Ganga,Ganga,Gomti,-,-,Gomti,26.27527778,82.06670000,03-04-2026 13:00,NaN
2625,Sultanpur,CWC,9,Uttar Pradesh,185,SULTANPUR,DUBEY PUR,DUBEY PUR,Sultanpur,Ganga,Ganga,Gomti,-,-,Gomti,26.27527778,82.06670000,03-04-2026 14:00,NaN
2626,Sultanpur,CWC,9,Uttar Pradesh,185,SULTANPUR,DUBEY PUR,DUBEY PUR,Sultanpur,Ganga,Ganga,Gomti,-,-,Gomti,26.27527778,82.06670000,03-04-2026 15:00,NaN
2627,Sultanpur,CWC,9,Uttar Pradesh,185,SULTANPUR,DUBEY PUR,DUBEY PUR,Sultanpur,Ganga,Ganga,Gomti,-,-,Gomti,26.27527778,82.06670000,03-04-2026 16:00,NaN
2628,Sultanpur,CWC,9,Uttar Pradesh,185,SULTANPUR,DUBEY PUR,DUBEY PUR,Sultanpur,Ganga,Ganga,Gomti,-,-,Gomti,26.27527778,82.06670000,03-04-2026 17:00,NaN
2629,Sultanpur,CWC,9,Uttar Pradesh,185,SULTANPUR,DUBEY PUR,DUBEY PUR,Sultanpur,Ganga,Ganga,Gomti,-,-,Gomti,26.27527778,82.06670000,03-04-2026 18:00,NaN
2630,Sultanpur,CWC,9,Uttar Pradesh,185,SULTANPUR,DUBEY PUR,DUBEY PUR,Sultanpur,Ganga,Ganga,Gomti,-,-,Gomti,26.27527778,82.06670000,03-04-2026 19:00,NaN
2631,Sultanpur,CWC,9,Uttar Pradesh,185,SULTANPUR,DUBEY PUR,DUBEY PUR,Sultanpur,Ganga,Ganga,Gomti,-,-,Gomti,26.27527778,82.06670000,04-04-2026 02:00,NaN
2632,Sultanpur,CWC,9,Uttar Pradesh,185,SULTANPUR,DUBEY PUR,DUBEY PUR,Sultanpur,Ganga,Ganga,Gomti,-,-,Gomti,26.27527778,82.06670000,04-04-2026 03:00,NaN
2633,Sultanpur,CWC,9,Uttar Pradesh,185,SULTANPUR,DUBEY PUR,DUBEY PUR,Sultanpur,Ganga,Ganga,Gomti,-,-,Gomti,26.27527778,82.06670000,04-04-2026 04:00,NaN
2634,Sultanpur,CWC,9,Uttar Pradesh,185,SULTANPUR,DUBEY PUR,DUBEY PUR,Sultanpur,Ganga,Ganga,Gomti,-,-,Gomti,26.27527778,82.06670000,04-04-2026 05:00,NaN
2635,Sultanpur,CWC,9,Uttar Pradesh,185,SULTANPUR,DUBEY PUR,DUBEY PUR,Sultanpur,Ganga,Ganga,Gomti,-,-,Gomti,26.27527778,82.06670000,04-04-2026 06:00,NaN
2636,Sultanpur,CWC,9,Uttar Pradesh,185,SULTANPUR,DUBEY PUR,DUBEY PUR,Sultanpur,Ganga,Ganga,Gomti,-,-,Gomti,26.27527778,82.06670000,04-04-2026 10:00,NaN
2637,Sultanpur,CWC,9,Uttar Pradesh,185,SULTANPUR,DUBEY PUR,DUBEY PUR,Sultanpur,Ganga,Ganga,Gomti,-,-,Gomti,26.27527778,82.06670000,04-04-2026 11:00,NaN
2638,Sultanpur,CWC,9,Uttar Pradesh,185,SULTANPUR,DUBEY PUR,DUBEY PUR,Sultanpur,Ganga,Ganga,Gomti,-,-,Gomti,26.27527778,82.06670000,04-04-2026 12:00,NaN
2639,Sultanpur,CWC,9,Uttar Pradesh,185,SULTANPUR,DUBEY PUR,DUBEY PUR,Sultanpur,Ganga,Ganga,Gomti,-,-,Gomti,26.27527778,82.06670000,05-04-2026 01:00,NaN
2640,Sultanpur,CWC,9,Uttar Pradesh,185,SULTANPUR,DUBEY PUR,DUBEY PUR,Sultanpur,Ganga,Ganga,Gomti,-,-,Gomti,26.27527778,82.06670000,05-04-2026 02:00,NaN
2641,Sultanpur,CWC,9,Uttar Pradesh,185,SULTANPUR,DUBEY PUR,DUBEY PUR,Sultanpur,Ganga,Ganga,Gomti,-,-,Gomti,26.27527778,82.06670000,05-04-2026 03:00,NaN
2642,Sultanpur,CWC,9,Uttar Pradesh,185,SULTANPUR,DUBEY PUR,DUBEY PUR,Sultanpur,Ganga,Ganga,Gomti,-,-,Gomti,26.27527778,82.06670000,05-04-2026 04:00,NaN
2643,Sultanpur,CWC,9,Uttar Pradesh,185,SULTANPUR,DUBEY PUR,DUBEY PUR,Sultanpur,Ganga,Ganga,Gomti,-,-,Gomti,26.27527778,82.06670000,05-04-2026 05:00,NaN
2644,Sultanpur,CWC,9,Uttar Pradesh,185,SULTANPUR,DUBEY PUR,DUBEY PUR,Sultanpur,Ganga,Ganga,Gomti,-,-,Gomti,26.27527778,82.06670000,05-04-2026 06:00,NaN
2645,Sultanpur,CWC,9,Uttar Pradesh,185,SULTANPUR,DUBEY PUR,DUBEY PUR,Sultanpur,Ganga,Ganga,Gomti,-,-,Gomti,26.27527778,82.06670000,05-04-2026 07:00,NaN
2646,Sultanpur,CWC,9,Uttar Pradesh,185,SULTANPUR,DUBEY PUR,DUBEY PUR,Sultanpur,Ganga,Ganga,Gomti,-,-,Gomti,26.27527778,82.06670000,05-04-2026 08:00,NaN
2647,Sultanpur,CWC,9,Uttar Pradesh,185,SULTANPUR,DUBEY PUR,DUBEY PUR,Sultanpur,Ganga,Ganga,Gomti,-,-,Gomti,26.27527778,82.06670000,05-04-2026 09:00,NaN
2648,Sultanpur,CWC,9,Uttar Pradesh,185,SULTANPUR,DUBEY PUR,DUBEY PUR,Sultanpur,Ganga,Ganga,Gomti,-,-,Gomti,26.27527778,82.06670000,05-04-2026 10:00,NaN
2649,Sultanpur,CWC,9,Uttar Pradesh,185,SULTANPUR,DUBEY PUR,DUBEY PUR,Sultanpur,Ganga,Ganga,Gomti,-,-,Gomti,26.27527778,82.06670000,05-04-2026 11:00,NaN
2650,Sultanpur,CWC,9,Uttar Pradesh,185,SULTANPUR,DUBEY PUR,DUBEY PUR,Sultanpur,Ganga,Ganga,Gomti,-,-,Gomti,26.27527778,82.06670000,05-04-2026 12:00,NaN
2651,Sultanpur,CWC,9,Uttar Pradesh,185,SULTANPUR,DUBEY PUR,DUBEY PUR,Sultanpur,Ganga,Ganga,Gomti,-,-,Gomti,26.27527778,82.06670000,05-04-2026 13:00,NaN
2652,Sultanpur,CWC,9,Uttar Pradesh,185,SULTANPUR,DUBEY PUR,DUBEY PUR,Sultanpur,Ganga,Ganga,Gomti,-,-,Gomti,26.27527778,82.06670000,05-04-2026 14:00,NaN
2653,Sultanpur,CWC,9,Uttar Pradesh,185,SULTANPUR,DUBEY PUR,DUBEY PUR,Sultanpur,Ganga,Ganga,Gomti,-,-,Gomti,26.27527778,82.06670000,05-04-2026 15:00,NaN
2654,Sultanpur,CWC,9,Uttar Pradesh,185,SULTANPUR,DUBEY PUR,DUBEY PUR,Sultanpur,Ganga,Ganga,Gomti,-,-,Gomti,26.27527778,82.06670000,05-04-2026 16:00,NaN
2655,Sultanpur,CWC,9,Uttar Pradesh,185,SULTANPUR,DUBEY PUR,DUBEY PUR,Sultanpur,Ganga,Ganga,Gomti,-,-,Gomti,26.27527778,82.06670000,05-04-2026 17:00,NaN
2656,Sultanpur,CWC,9,Uttar Pradesh,185,SULTANPUR,DUBEY PUR,DUBEY PUR,Sultanpur,Ganga,Ganga,Gomti,-,-,Gomti,26.27527778,82.06670000,05-04-2026 18:00,NaN
2657,Sultanpur,CWC,9,Uttar Pradesh,185,SULTANPUR,DUBEY PUR,DUBEY PUR,Sultanpur,Ganga,Ganga,Gomti,-,-,Gomti,26.27527778,82.06670000,06-04-2026 02:00,NaN
2658,Sultanpur,CWC,9,Uttar Pradesh,185,SULTANPUR,DUBEY PUR,DUBEY PUR,Sultanpur,Ganga,Ganga,Gomti,-,-,Gomti,26.27527778,82.06670000,06-04-2026 03:00,NaN
2659,Sultanpur,CWC,9,Uttar Pradesh,185,SULTANPUR,DUBEY PUR,DUBEY PUR,Sultanpur,Ganga,Ganga,Gomti,-,-,Gomti,26.27527778,82.06670000,06-04-2026 06:00,NaN
2660,Sultanpur,CWC,9,Uttar Pradesh,185,SULTANPUR,DUBEY PUR,DUBEY PUR,Sultanpur,Ganga,Ganga,Gomti,-,-,Gomti,26.27527778,82.06670000,06-04-2026 07:00,NaN
2661,Sultanpur,CWC,9,Uttar Pradesh,185,SULTANPUR,DUBEY PUR,DUBEY PUR,Sultanpur,Ganga,Ganga,Gomti,-,-,Gomti,26.27527778,82.06670000,06-04-2026 09:00,NaN
2662,Sultanpur,CWC,9,Uttar Pradesh,185,SULTANPUR,DUBEY PUR,DUBEY PUR,Sultanpur,Ganga,Ganga,Gomti,-,-,Gomti,26.27527778,82.06670000,06-04-2026 10:00,NaN
2663,Sultanpur,CWC,9,Uttar Pradesh,185,SULTANPUR,DUBEY PUR,DUBEY PUR,Sultanpur,Ganga,Ganga,Gomti,-,-,Gomti,26.27527778,82.06670000,06-04-2026 11:00,NaN
2664,Sultanpur,CWC,9,Uttar Pradesh,185,SULTANPUR,DUBEY PUR,DUBEY PUR,Sultanpur,Ganga,Ganga,Gomti,-,-,Gomti,26.27527778,82.06670000,06-04-2026 12:00,NaN
2665,Sultanpur,CWC,9,Uttar Pradesh,185,SULTANPUR,DUBEY PUR,DUBEY PUR,Sultanpur,Ganga,Ganga,Gomti,-,-,Gomti,26.27527778,82.06670000,06-04-2026 13:00,NaN
2666,Sultanpur,CWC,9,Uttar Pradesh,185,SULTANPUR,DUBEY PUR,DUBEY PUR,Sultanpur,Ganga,Ganga,Gomti,-,-,Gomti,26.27527778,82.06670000,06-04-2026 14:00,NaN
2667,Sultanpur,CWC,9,Uttar Pradesh,185,SULTANPUR,DUBEY PUR,DUBEY PUR,Sultanpur,Ganga,Ganga,Gomti,-,-,Gomti,26.27527778,82.06670000,06-04-2026 15:00,NaN
2668,Sultanpur,CWC,9,Uttar Pradesh,185,SULTANPUR,DUBEY PUR,DUBEY PUR,Sultanpur,Ganga,Ganga,Gomti,-,-,Gomti,26.27527778,82.06670000,06-04-2026 16:00,NaN
2669,Sultanpur,CWC,9,Uttar Pradesh,185,SULTANPUR,DUBEY PUR,DUBEY PUR,Sultanpur,Ganga,Ganga,Gomti,-,-,Gomti,26.27527778,82.06670000,06-04-2026 17:00,NaN
2670,Sultanpur,CWC,9,Uttar Pradesh,185,SULTANPUR,DUBEY PUR,DUBEY PUR,Sultanpur,Ganga,Ganga,Gomti,-,-,Gomti,26.27527778,82.06670000,06-04-2026 18:00,NaN
2671,Sultanpur,CWC,9,Uttar Pradesh,185,SULTANPUR,DUBEY PUR,DUBEY PUR,Sultanpur,Ganga,Ganga,Gomti,-,-,Gomti,26.27527778,82.06670000,06-04-2026 19:00,NaN
2672,Sultanpur,CWC,9,Uttar Pradesh,185,SULTANPUR,DUBEY PUR,DUBEY PUR,Sultanpur,Ganga,Ganga,Gomti,-,-,Gomti,26.27527778,82.06670000,06-04-2026 20:00,NaN
2673,Sultanpur,CWC,9,Uttar Pradesh,185,SULTANPUR,DUBEY PUR,DUBEY PUR,Sultanpur,Ganga,Ganga,Gomti,-,-,Gomti,26.27527778,82.06670000,06-04-2026 21:00,NaN
2674,Sultanpur,CWC,9,Uttar Pradesh,185,SULTANPUR,DUBEY PUR,DUBEY PUR,Sultanpur,Ganga,Ganga,Gomti,-,-,Gomti,26.27527778,82.06670000,06-04-2026 22:00,NaN
2675,Sultanpur,CWC,9,Uttar Pradesh,185,SULTANPUR,DUBEY PUR,DUBEY PUR,Sultanpur,Ganga,Ganga,Gomti,-,-,Gomti,26.27527778,82.06670000,06-04-2026 23:00,NaN
2676,Sultanpur,CWC,9,Uttar Pradesh,185,SULTANPUR,DUBEY PUR,DUBEY PUR,Sultanpur,Ganga,Ganga,Gomti,-,-,Gomti,26.27527778,82.06670000,07-04-2026 01:00,NaN
2677,Sultanpur,CWC,9,Uttar Pradesh,185,SULTANPUR,DUBEY PUR,DUBEY PUR,Sultanpur,Ganga,Ganga,Gomti,-,-,Gomti,26.27527778,82.06670000,07-04-2026 02:00,NaN
2678,Sultanpur,CWC,9,Uttar Pradesh,185,SULTANPUR,DUBEY PUR,DUBEY PUR,Sultanpur,Ganga,Ganga,Gomti,-,-,Gomti,26.27527778,82.06670000,07-04-2026 03:00,NaN
2679,Sultanpur,CWC,9,Uttar Pradesh,185,SULTANPUR,DUBEY PUR,DUBEY PUR,Sultanpur,Ganga,Ganga,Gomti,-,-,Gomti,26.27527778,82.06670000,07-04-2026 04:00,NaN
2680,Sultanpur,CWC,9,Uttar Pradesh,185,SULTANPUR,DUBEY PUR,DUBEY PUR,Sultanpur,Ganga,Ganga,Gomti,-,-,Gomti,26.27527778,82.06670000,07-04-2026 05:00,NaN
2681,Sultanpur,CWC,9,Uttar Pradesh,185,SULTANPUR,DUBEY PUR,DUBEY PUR,Sultanpur,Ganga,Ganga,Gomti,-,-,Gomti,26.27527778,82.06670000,07-04-2026 06:00,NaN
2682,Sultanpur,CWC,9,Uttar Pradesh,185,SULTANPUR,DUBEY PUR,DUBEY PUR,Sultanpur,Ganga,Ganga,Gomti,-,-,Gomti,26.27527778,82.06670000,07-04-2026 07:00,NaN
2683,Sultanpur,CWC,9,Uttar Pradesh,185,SULTANPUR,DUBEY PUR,DUBEY PUR,Sultanpur,Ganga,Ganga,Gomti,-,-,Gomti,26.27527778,82.06670000,07-04-2026 08:00,NaN
2684,Sultanpur,CWC,9,Uttar Pradesh,185,SULTANPUR,DUBEY PUR,DUBEY PUR,Sultanpur,Ganga,Ganga,Gomti,-,-,Gomti,26.27527778,82.06670000,07-04-2026 11:00,NaN
2685,Sultanpur,CWC,9,Uttar Pradesh,185,SULTANPUR,DUBEY PUR,DUBEY PUR,Sultanpur,Ganga,Ganga,Gomti,-,-,Gomti,26.27527778,82.06670000,07-04-2026 12:00,NaN
2686,Sultanpur,CWC,9,Uttar Pradesh,185,SULTANPUR,DUBEY PUR,DUBEY PUR,Sultanpur,Ganga,Ganga,Gomti,-,-,Gomti,26.27527778,82.06670000,07-04-2026 13:00,NaN
2687,Sultanpur,CWC,9,Uttar Pradesh,185,SULTANPUR,DUBEY PUR,DUBEY PUR,Sultanpur,Ganga,Ganga,Gomti,-,-,Gomti,26.27527778,82.06670000,07-04-2026 14:00,NaN
2688,Sultanpur,CWC,9,Uttar Pradesh,185,SULTANPUR,DUBEY PUR,DUBEY PUR,Sultanpur,Ganga,Ganga,Gomti,-,-,Gomti,26.27527778,82.06670000,07-04-2026 15:00,NaN
2689,Sultanpur,CWC,9,Uttar Pradesh,185,SULTANPUR,DUBEY PUR,DUBEY PUR,Sultanpur,Ganga,Ganga,Gomti,-,-,Gomti,26.27527778,82.06670000,07-04-2026 16:00,NaN
2690,Sultanpur,CWC,9,Uttar Pradesh,185,SULTANPUR,DUBEY PUR,DUBEY PUR,Sultanpur,Ganga,Ganga,Gomti,-,-,Gomti,26.27527778,82.06670000,07-04-2026 17:00,NaN
2691,Sultanpur,CWC,9,Uttar Pradesh,185,SULTANPUR,DUBEY PUR,DUBEY PUR,Sultanpur,Ganga,Ganga,Gomti,-,-,Gomti,26.27527778,82.06670000,07-04-2026 18:00,NaN
2692,Sultanpur,CWC,9,Uttar Pradesh,185,SULTANPUR,DUBEY PUR,DUBEY PUR,Sultanpur,Ganga,Ganga,Gomti,-,-,Gomti,26.27527778,82.06670000,07-04-2026 19:00,NaN
2693,Sultanpur,CWC,9,Uttar Pradesh,185,SULTANPUR,DUBEY PUR,DUBEY PUR,Sultanpur,Ganga,Ganga,Gomti,-,-,Gomti,26.27527778,82.06670000,07-04-2026 20:00,NaN
2694,Sultanpur,CWC,9,Uttar Pradesh,185,SULTANPUR,DUBEY PUR,DUBEY PUR,Sultanpur,Ganga,Ganga,Gomti,-,-,Gomti,26.27527778,82.06670000,07-04-2026 21:00,NaN
2695,Sultanpur,CWC,9,Uttar Pradesh,185,SULTANPUR,DUBEY PUR,DUBEY PUR,Sultanpur,Ganga,Ganga,Gomti,-,-,Gomti,26.27527778,82.06670000,08-04-2026 01:00,NaN
2696,Sultanpur,CWC,9,Uttar Pradesh,185,SULTANPUR,DUBEY PUR,DUBEY PUR,Sultanpur,Ganga,Ganga,Gomti,-,-,Gomti,26.27527778,82.06670000,08-04-2026 02:00,NaN
2697,Sultanpur,CWC,9,Uttar Pradesh,185,SULTANPUR,DUBEY PUR,DUBEY PUR,Sultanpur,Ganga,Ganga,Gomti,-,-,Gomti,26.27527778,82.06670000,08-04-2026 03:00,NaN
2698,Sultanpur,CWC,9,Uttar Pradesh,185,SULTANPUR,DUBEY PUR,DUBEY PUR,Sultanpur,Ganga,Ganga,Gomti,-,-,Gomti,26.27527778,82.06670000,08-04-2026 04:00,NaN
2699,Sultanpur,CWC,9,Uttar Pradesh,185,SULTANPUR,DUBEY PUR,DUBEY PUR,Sultanpur,Ganga,Ganga,Gomti,-,-,Gomti,26.27527778,82.06670000,08-04-2026 05:00,NaN
2700,Sultanpur,CWC,9,Uttar Pradesh,185,SULTANPUR,DUBEY PUR,DUBEY PUR,Sultanpur,Ganga,Ganga,Gomti,-,-,Gomti,26.27527778,82.06670000,08-04-2026 06:00,NaN
2701,Sultanpur,CWC,9,Uttar Pradesh,185,SULTANPUR,DUBEY PUR,DUBEY PUR,Sultanpur,Ganga,Ganga,Gomti,-,-,Gomti,26.27527778,82.06670000,08-04-2026 07:00,NaN
2702,Sultanpur,CWC,9,Uttar Pradesh,185,SULTANPUR,DUBEY PUR,DUBEY PUR,Sultanpur,Ganga,Ganga,Gomti,-,-,Gomti,26.27527778,82.06670000,08-04-2026 08:00,NaN
2703,Sultanpur,CWC,9,Uttar Pradesh,185,SULTANPUR,DUBEY PUR,DUBEY PUR,Sultanpur,Ganga,Ganga,Gomti,-,-,Gomti,26.27527778,82.06670000,08-04-2026 11:00,NaN
2704,Sultanpur,CWC,9,Uttar Pradesh,185,SULTANPUR,DUBEY PUR,DUBEY PUR,Sultanpur,Ganga,Ganga,Gomti,-,-,Gomti,26.27527778,82.06670000,08-04-2026 12:00,NaN
2705,Sultanpur,CWC,9,Uttar Pradesh,185,SULTANPUR,DUBEY PUR,DUBEY PUR,Sultanpur,Ganga,Ganga,Gomti,-,-,Gomti,26.27527778,82.06670000,08-04-2026 13:00,NaN
2706,Sultanpur,CWC,9,Uttar Pradesh,185,SULTANPUR,DUBEY PUR,DUBEY PUR,Sultanpur,Ganga,Ganga,Gomti,-,-,Gomti,26.27527778,82.06670000,08-04-2026 14:00,NaN
2707,Sultanpur,CWC,9,Uttar Pradesh,185,SULTANPUR,DUBEY PUR,DUBEY PUR,Sultanpur,Ganga,Ganga,Gomti,-,-,Gomti,26.27527778,82.06670000,08-04-2026 15:00,NaN
2708,Sultanpur,CWC,9,Uttar Pradesh,185,SULTANPUR,DUBEY PUR,DUBEY PUR,Sultanpur,Ganga,Ganga,Gomti,-,-,Gomti,26.27527778,82.06670000,08-04-2026 16:00,NaN
2709,Sultanpur,CWC,9,Uttar Pradesh,185,SULTANPUR,DUBEY PUR,DUBEY PUR,Sultanpur,Ganga,Ganga,Gomti,-,-,Gomti,26.27527778,82.06670000,08-04-2026 17:00,NaN
2710,Sultanpur,CWC,9,Uttar Pradesh,185,SULTANPUR,DUBEY PUR,DUBEY PUR,Sultanpur,Ganga,Ganga,Gomti,-,-,Gomti,26.27527778,82.06670000,08-04-2026 18:00,NaN
2711,Sultanpur,CWC,9,Uttar Pradesh,185,SULTANPUR,DUBEY PUR,DUBEY PUR,Sultanpur,Ganga,Ganga,Gomti,-,-,Gomti,26.27527778,82.06670000,08-04-2026 19:00,NaN
2712,Sultanpur,CWC,9,Uttar Pradesh,185,SULTANPUR,DUBEY PUR,DUBEY PUR,Sultanpur,Ganga,Ganga,Gomti,-,-,Gomti,26.27527778,82.06670000,08-04-2026 20:00,NaN
2713,Sultanpur,CWC,9,Uttar Pradesh,185,SULTANPUR,DUBEY PUR,DUBEY PUR,Sultanpur,Ganga,Ganga,Gomti,-,-,Gomti,26.27527778,82.06670000,08-04-2026 21:00,NaN
2714,Sultanpur,CWC,9,Uttar Pradesh,185,SULTANPUR,DUBEY PUR,DUBEY PUR,Sultanpur,Ganga,Ganga,Gomti,-,-,Gomti,26.27527778,82.06670000,08-04-2026 22:00,NaN
2715,Sultanpur,CWC,9,Uttar Pradesh,185,SULTANPUR,DUBEY PUR,DUBEY PUR,Sultanpur,Ganga,Ganga,Gomti,-,-,Gomti,26.27527778,82.06670000,08-04-2026 23:00,NaN
2716,Sultanpur,CWC,9,Uttar Pradesh,185,SULTANPUR,DUBEY PUR,DUBEY PUR,Sultanpur,Ganga,Ganga,Gomti,-,-,Gomti,26.27527778,82.06670000,09-04-2026 00:00,NaN
2717,Sultanpur,CWC,9,Uttar Pradesh,185,SULTANPUR,DUBEY PUR,DUBEY PUR,Sultanpur,Ganga,Ganga,Gomti,-,-,Gomti,26.27527778,82.06670000,09-04-2026 01:00,NaN
2718,Sultanpur,CWC,9,Uttar Pradesh,185,SULTANPUR,DUBEY PUR,DUBEY PUR,Sultanpur,Ganga,Ganga,Gomti,-,-,Gomti,26.27527778,82.06670000,09-04-2026 02:00,NaN
2719,Sultanpur,CWC,9,Uttar Pradesh,185,SULTANPUR,DUBEY PUR,DUBEY PUR,Sultanpur,Ganga,Ganga,Gomti,-,-,Gomti,26.27527778,82.06670000,09-04-2026 03:00,NaN
2720,Sultanpur,CWC,9,Uttar Pradesh,185,SULTANPUR,DUBEY PUR,DUBEY PUR,Sultanpur,Ganga,Ganga,Gomti,-,-,Gomti,26.27527778,82.06670000,09-04-2026 04:00,NaN
2721,Sultanpur,CWC,9,Uttar Pradesh,185,SULTANPUR,DUBEY PUR,DUBEY PUR,Sultanpur,Ganga,Ganga,Gomti,-,-,Gomti,26.27527778,82.06670000,09-04-2026 05:00,NaN
2722,Sultanpur,CWC,9,Uttar Pradesh,185,SULTANPUR,DUBEY PUR,DUBEY PUR,Sultanpur,Ganga,Ganga,Gomti,-,-,Gomti,26.27527778,82.06670000,09-04-2026 06:00,NaN
2723,Sultanpur,CWC,9,Uttar Pradesh,185,SULTANPUR,DUBEY PUR,DUBEY PUR,Sultanpur,Ganga,Ganga,Gomti,-,-,Gomti,26.27527778,82.06670000,09-04-2026 07:00,NaN
2724,Sultanpur,CWC,9,Uttar Pradesh,185,SULTANPUR,DUBEY PUR,DUBEY PUR,Sultanpur,Ganga,Ganga,Gomti,-,-,Gomti,26.27527778,82.06670000,09-04-2026 08:00,NaN
2725,Sultanpur,CWC,9,Uttar Pradesh,185,SULTANPUR,DUBEY PUR,DUBEY PUR,Sultanpur,Ganga,Ganga,Gomti,-,-,Gomti,26.27527778,82.06670000,09-04-2026 10:00,NaN
2726,Sultanpur,CWC,9,Uttar Pradesh,185,SULTANPUR,DUBEY PUR,DUBEY PUR,Sultanpur,Ganga,Ganga,Gomti,-,-,Gomti,26.27527778,82.06670000,09-04-2026 11:00,NaN
2727,Sultanpur,CWC,9,Uttar Pradesh,185,SULTANPUR,DUBEY PUR,DUBEY PUR,Sultanpur,Ganga,Ganga,Gomti,-,-,Gomti,26.27527778,82.06670000,09-04-2026 12:00,NaN
2728,Sultanpur,CWC,9,Uttar Pradesh,185,SULTANPUR,DUBEY PUR,DUBEY PUR,Sultanpur,Ganga,Ganga,Gomti,-,-,Gomti,26.27527778,82.06670000,09-04-2026 13:00,NaN
2729,Sultanpur,CWC,9,Uttar Pradesh,185,SULTANPUR,DUBEY PUR,DUBEY PUR,Sultanpur,Ganga,Ganga,Gomti,-,-,Gomti,26.27527778,82.06670000,09-04-2026 14:00,NaN
2730,Sultanpur,CWC,9,Uttar Pradesh,185,SULTANPUR,DUBEY PUR,DUBEY PUR,Sultanpur,Ganga,Ganga,Gomti,-,-,Gomti,26.27527778,82.06670000,09-04-2026 15:00,NaN
2731,Sultanpur,CWC,9,Uttar Pradesh,185,SULTANPUR,DUBEY PUR,DUBEY PUR,Sultanpur,Ganga,Ganga,Gomti,-,-,Gomti,26.27527778,82.06670000,09-04-2026 16:00,NaN
2732,Sultanpur,CWC,9,Uttar Pradesh,185,SULTANPUR,DUBEY PUR,DUBEY PUR,Sultanpur,Ganga,Ganga,Gomti,-,-,Gomti,26.27527778,82.06670000,09-04-2026 17:00,NaN
2733,Sultanpur,CWC,9,Uttar Pradesh,185,SULTANPUR,DUBEY PUR,DUBEY PUR,Sultanpur,Ganga,Ganga,Gomti,-,-,Gomti,26.27527778,82.06670000,09-04-2026 18:00,NaN
2734,Sultanpur,CWC,9,Uttar Pradesh,185,SULTANPUR,DUBEY PUR,DUBEY PUR,Sultanpur,Ganga,Ganga,Gomti,-,-,Gomti,26.27527778,82.06670000,09-04-2026 19:00,NaN
2735,Sultanpur,CWC,9,Uttar Pradesh,185,SULTANPUR,DUBEY PUR,DUBEY PUR,Sultanpur,Ganga,Ganga,Gomti,-,-,Gomti,26.27527778,82.06670000,09-04-2026 20:00,NaN
2736,Sultanpur,CWC,9,Uttar Pradesh,185,SULTANPUR,DUBEY PUR,DUBEY PUR,Sultanpur,Ganga,Ganga,Gomti,-,-,Gomti,26.27527778,82.06670000,09-04-2026 21:00,NaN
2737,Sultanpur,CWC,9,Uttar Pradesh,185,SULTANPUR,DUBEY PUR,DUBEY PUR,Sultanpur,Ganga,Ganga,Gomti,-,-,Gomti,26.27527778,82.06670000,09-04-2026 22:00,NaN
2738,Sultanpur,CWC,9,Uttar Pradesh,185,SULTANPUR,DUBEY PUR,DUBEY PUR,Sultanpur,Ganga,Ganga,Gomti,-,-,Gomti,26.27527778,82.06670000,09-04-2026 23:00,NaN
2739,Sultanpur,CWC,9,Uttar Pradesh,185,SULTANPUR,DUBEY PUR,DUBEY PUR,Sultanpur,Ganga,Ganga,Gomti,-,-,Gomti,26.27527778,82.06670000,10-04-2026 00:00,NaN
2740,Sultanpur,CWC,9,Uttar Pradesh,185,SULTANPUR,DUBEY PUR,DUBEY PUR,Sultanpur,Ganga,Ganga,Gomti,-,-,Gomti,26.27527778,82.06670000,10-04-2026 01:00,NaN
2741,Sultanpur,CWC,9,Uttar Pradesh,185,SULTANPUR,DUBEY PUR,DUBEY PUR,Sultanpur,Ganga,Ganga,Gomti,-,-,Gomti,26.27527778,82.06670000,10-04-2026 02:00,NaN
2742,Sultanpur,CWC,9,Uttar Pradesh,185,SULTANPUR,DUBEY PUR,DUBEY PUR,Sultanpur,Ganga,Ganga,Gomti,-,-,Gomti,26.27527778,82.06670000,10-04-2026 03:00,NaN
2743,Sultanpur,CWC,9,Uttar Pradesh,185,SULTANPUR,DUBEY PUR,DUBEY PUR,Sultanpur,Ganga,Ganga,Gomti,-,-,Gomti,26.27527778,82.06670000,10-04-2026 04:00,NaN
2744,Sultanpur,CWC,9,Uttar Pradesh,185,SULTANPUR,DUBEY PUR,DUBEY PUR,Sultanpur,Ganga,Ganga,Gomti,-,-,Gomti,26.27527778,82.06670000,10-04-2026 05:00,NaN
2745,Sultanpur,CWC,9,Uttar Pradesh,185,SULTANPUR,DUBEY PUR,DUBEY PUR,Sultanpur,Ganga,Ganga,Gomti,-,-,Gomti,26.27527778,82.06670000,10-04-2026 06:00,NaN
2746,Sultanpur,CWC,9,Uttar Pradesh,185,SULTANPUR,DUBEY PUR,DUBEY PUR,Sultanpur,Ganga,Ganga,Gomti,-,-,Gomti,26.27527778,82.06670000,10-04-2026 07:00,NaN
2747,Sultanpur,CWC,9,Uttar Pradesh,185,SULTANPUR,DUBEY PUR,DUBEY PUR,Sultanpur,Ganga,Ganga,Gomti,-,-,Gomti,26.27527778,82.06670000,10-04-2026 08:00,NaN
2748,Sultanpur,CWC,9,Uttar Pradesh,185,SULTANPUR,DUBEY PUR,DUBEY PUR,Sultanpur,Ganga,Ganga,Gomti,-,-,Gomti,26.27527778,82.06670000,10-04-2026 09:00,NaN
2749,Sultanpur,CWC,9,Uttar Pradesh,185,SULTANPUR,DUBEY PUR,DUBEY PUR,Sultanpur,Ganga,Ganga,Gomti,-,-,Gomti,26.27527778,82.06670000,10-04-2026 10:00,NaN
2750,Sultanpur,CWC,9,Uttar Pradesh,185,SULTANPUR,DUBEY PUR,DUBEY PUR,Sultanpur,Ganga,Ganga,Gomti,-,-,Gomti,26.27527778,82.06670000,10-04-2026 11:00,NaN
2751,Sultanpur,CWC,9,Uttar Pradesh,185,SULTANPUR,DUBEY PUR,DUBEY PUR,Sultanpur,Ganga,Ganga,Gomti,-,-,Gomti,26.27527778,82.06670000,10-04-2026 12:00,NaN
2752,Sultanpur,CWC,9,Uttar Pradesh,185,SULTANPUR,DUBEY PUR,DUBEY PUR,Sultanpur,Ganga,Ganga,Gomti,-,-,Gomti,26.27527778,82.06670000,10-04-2026 13:00,NaN
2753,Sultanpur,CWC,9,Uttar Pradesh,185,SULTANPUR,DUBEY PUR,DUBEY PUR,Sultanpur,Ganga,Ganga,Gomti,-,-,Gomti,26.27527778,82.06670000,10-04-2026 14:00,NaN
2754,Sultanpur,CWC,9,Uttar Pradesh,185,SULTANPUR,DUBEY PUR,DUBEY PUR,Sultanpur,Ganga,Ganga,Gomti,-,-,Gomti,26.27527778,82.06670000,10-04-2026 15:00,NaN
2755,Sultanpur,CWC,9,Uttar Pradesh,185,SULTANPUR,DUBEY PUR,DUBEY PUR,Sultanpur,Ganga,Ganga,Gomti,-,-,Gomti,26.27527778,82.06670000,10-04-2026 16:00,NaN
2756,Sultanpur,CWC,9,Uttar Pradesh,185,SULTANPUR,DUBEY PUR,DUBEY PUR,Sultanpur,Ganga,Ganga,Gomti,-,-,Gomti,26.27527778,82.06670000,10-04-2026 17:00,NaN
2757,Sultanpur,CWC,9,Uttar Pradesh,185,SULTANPUR,DUBEY PUR,DUBEY PUR,Sultanpur,Ganga,Ganga,Gomti,-,-,Gomti,26.27527778,82.06670000,10-04-2026 18:00,NaN
2758,Sultanpur,CWC,9,Uttar Pradesh,185,SULTANPUR,DUBEY PUR,DUBEY PUR,Sultanpur,Ganga,Ganga,Gomti,-,-,Gomti,26.27527778,82.06670000,10-04-2026 19:00,NaN
2759,Sultanpur,CWC,9,Uttar Pradesh,185,SULTANPUR,DUBEY PUR,DUBEY PUR,Sultanpur,Ganga,Ganga,Gomti,-,-,Gomti,26.27527778,82.06670000,10-04-2026 20:00,NaN
2760,Sultanpur,CWC,9,Uttar Pradesh,185,SULTANPUR,DUBEY PUR,DUBEY PUR,Sultanpur,Ganga,Ganga,Gomti,-,-,Gomti,26.27527778,82.06670000,10-04-2026 21:00,NaN
2761,Sultanpur,CWC,9,Uttar Pradesh,185,SULTANPUR,DUBEY PUR,DUBEY PUR,Sultanpur,Ganga,Ganga,Gomti,-,-,Gomti,26.27527778,82.06670000,10-04-2026 22:00,NaN
2762,Sultanpur,CWC,9,Uttar Pradesh,185,SULTANPUR,DUBEY PUR,DUBEY PUR,Sultanpur,Ganga,Ganga,Gomti,-,-,Gomti,26.27527778,82.06670000,11-04-2026 00:00,NaN
2763,Sultanpur,CWC,9,Uttar Pradesh,185,SULTANPUR,DUBEY PUR,DUBEY PUR,Sultanpur,Ganga,Ganga,Gomti,-,-,Gomti,26.27527778,82.06670000,11-04-2026 01:00,NaN
2764,Sultanpur,CWC,9,Uttar Pradesh,185,SULTANPUR,DUBEY PUR,DUBEY PUR,Sultanpur,Ganga,Ganga,Gomti,-,-,Gomti,26.27527778,82.06670000,11-04-2026 02:00,NaN
2765,Sultanpur,CWC,9,Uttar Pradesh,185,SULTANPUR,DUBEY PUR,DUBEY PUR,Sultanpur,Ganga,Ganga,Gomti,-,-,Gomti,26.27527778,82.06670000,11-04-2026 03:00,NaN
2766,Sultanpur,CWC,9,Uttar Pradesh,185,SULTANPUR,DUBEY PUR,DUBEY PUR,Sultanpur,Ganga,Ganga,Gomti,-,-,Gomti,26.27527778,82.06670000,11-04-2026 04:00,NaN
2767,Sultanpur,CWC,9,Uttar Pradesh,185,SULTANPUR,DUBEY PUR,DUBEY PUR,Sultanpur,Ganga,Ganga,Gomti,-,-,Gomti,26.27527778,82.06670000,11-04-2026 05:00,NaN
2768,Sultanpur,CWC,9,Uttar Pradesh,185,SULTANPUR,DUBEY PUR,DUBEY PUR,Sultanpur,Ganga,Ganga,Gomti,-,-,Gomti,26.27527778,82.06670000,11-04-2026 06:00,NaN
2769,Sultanpur,CWC,9,Uttar Pradesh,185,SULTANPUR,DUBEY PUR,DUBEY PUR,Sultanpur,Ganga,Ganga,Gomti,-,-,Gomti,26.27527778,82.06670000,11-04-2026 08:00,NaN
2770,Sultanpur,CWC,9,Uttar Pradesh,185,SULTANPUR,DUBEY PUR,DUBEY PUR,Sultanpur,Ganga,Ganga,Gomti,-,-,Gomti,26.27527778,82.06670000,11-04-2026 09:00,NaN
2771,Sultanpur,CWC,9,Uttar Pradesh,185,SULTANPUR,DUBEY PUR,DUBEY PUR,Sultanpur,Ganga,Ganga,Gomti,-,-,Gomti,26.27527778,82.06670000,11-04-2026 10:00,NaN
2772,Sultanpur,CWC,9,Uttar Pradesh,185,SULTANPUR,DUBEY PUR,DUBEY PUR,Sultanpur,Ganga,Ganga,Gomti,-,-,Gomti,26.27527778,82.06670000,11-04-2026 11:00,NaN
2773,Sultanpur,CWC,9,Uttar Pradesh,185,SULTANPUR,DUBEY PUR,DUBEY PUR,Sultanpur,Ganga,Ganga,Gomti,-,-,Gomti,26.27527778,82.06670000,11-04-2026 12:00,NaN
2774,Sultanpur,CWC,9,Uttar Pradesh,185,SULTANPUR,DUBEY PUR,DUBEY PUR,Sultanpur,Ganga,Ganga,Gomti,-,-,Gomti,26.27527778,82.06670000,11-04-2026 13:00,NaN
2775,Sultanpur,CWC,9,Uttar Pradesh,185,SULTANPUR,DUBEY PUR,DUBEY PUR,Sultanpur,Ganga,Ganga,Gomti,-,-,Gomti,26.27527778,82.06670000,11-04-2026 14:00,NaN
2776,Sultanpur,CWC,9,Uttar Pradesh,185,SULTANPUR,DUBEY PUR,DUBEY PUR,Sultanpur,Ganga,Ganga,Gomti,-,-,Gomti,26.27527778,82.06670000,11-04-2026 15:00,NaN
2777,Sultanpur,CWC,9,Uttar Pradesh,185,SULTANPUR,DUBEY PUR,DUBEY PUR,Sultanpur,Ganga,Ganga,Gomti,-,-,Gomti,26.27527778,82.06670000,11-04-2026 16:00,NaN
2778,Sultanpur,CWC,9,Uttar Pradesh,185,SULTANPUR,DUBEY PUR,DUBEY PUR,Sultanpur,Ganga,Ganga,Gomti,-,-,Gomti,26.27527778,82.06670000,11-04-2026 18:00,NaN
2779,Sultanpur,CWC,9,Uttar Pradesh,185,SULTANPUR,DUBEY PUR,DUBEY PUR,Sultanpur,Ganga,Ganga,Gomti,-,-,Gomti,26.27527778,82.06670000,11-04-2026 19:00,NaN
2780,Sultanpur,CWC,9,Uttar Pradesh,185,SULTANPUR,DUBEY PUR,DUBEY PUR,Sultanpur,Ganga,Ganga,Gomti,-,-,Gomti,26.27527778,82.06670000,11-04-2026 20:00,NaN
2781,Sultanpur,CWC,9,Uttar Pradesh,185,SULTANPUR,DUBEY PUR,DUBEY PUR,Sultanpur,Ganga,Ganga,Gomti,-,-,Gomti,26.27527778,82.06670000,11-04-2026 21:00,NaN
2782,Sultanpur,CWC,9,Uttar Pradesh,185,SULTANPUR,DUBEY PUR,DUBEY PUR,Sultanpur,Ganga,Ganga,Gomti,-,-,Gomti,26.27527778,82.06670000,11-04-2026 22:00,NaN
2783,Sultanpur,CWC,9,Uttar Pradesh,185,SULTANPUR,DUBEY PUR,DUBEY PUR,Sultanpur,Ganga,Ganga,Gomti,-,-,Gomti,26.27527778,82.06670000,12-04-2026 00:00,NaN
2784,Sultanpur,CWC,9,Uttar Pradesh,185,SULTANPUR,DUBEY PUR,DUBEY PUR,Sultanpur,Ganga,Ganga,Gomti,-,-,Gomti,26.27527778,82.06670000,12-04-2026 01:00,NaN
2785,Sultanpur,CWC,9,Uttar Pradesh,185,SULTANPUR,DUBEY PUR,DUBEY PUR,Sultanpur,Ganga,Ganga,Gomti,-,-,Gomti,26.27527778,82.06670000,12-04-2026 02:00,NaN
2786,Sultanpur,CWC,9,Uttar Pradesh,185,SULTANPUR,DUBEY PUR,DUBEY PUR,Sultanpur,Ganga,Ganga,Gomti,-,-,Gomti,26.27527778,82.06670000,12-04-2026 03:00,NaN
2787,Sultanpur,CWC,9,Uttar Pradesh,185,SULTANPUR,DUBEY PUR,DUBEY PUR,Sultanpur,Ganga,Ganga,Gomti,-,-,Gomti,26.27527778,82.06670000,12-04-2026 04:00,NaN
2788,Sultanpur,CWC,9,Uttar Pradesh,185,SULTANPUR,DUBEY PUR,DUBEY PUR,Sultanpur,Ganga,Ganga,Gomti,-,-,Gomti,26.27527778,82.06670000,12-04-2026 05:00,NaN
2789,Sultanpur,CWC,9,Uttar Pradesh,185,SULTANPUR,DUBEY PUR,DUBEY PUR,Sultanpur,Ganga,Ganga,Gomti,-,-,Gomti,26.27527778,82.06670000,12-04-2026 06:00,NaN
2790,Sultanpur,CWC,9,Uttar Pradesh,185,SULTANPUR,DUBEY PUR,DUBEY PUR,Sultanpur,Ganga,Ganga,Gomti,-,-,Gomti,26.27527778,82.06670000,12-04-2026 07:00,NaN
2791,Sultanpur,CWC,9,Uttar Pradesh,185,SULTANPUR,DUBEY PUR,DUBEY PUR,Sultanpur,Ganga,Ganga,Gomti,-,-,Gomti,26.27527778,82.06670000,12-04-2026 08:00,NaN
2792,Sultanpur,CWC,9,Uttar Pradesh,185,SULTANPUR,DUBEY PUR,DUBEY PUR,Sultanpur,Ganga,Ganga,Gomti,-,-,Gomti,26.27527778,82.06670000,12-04-2026 09:00,NaN
2793,Sultanpur,CWC,9,Uttar Pradesh,185,SULTANPUR,DUBEY PUR,DUBEY PUR,Sultanpur,Ganga,Ganga,Gomti,-,-,Gomti,26.27527778,82.06670000,12-04-2026 10:00,NaN
2794,Sultanpur,CWC,9,Uttar Pradesh,185,SULTANPUR,DUBEY PUR,DUBEY PUR,Sultanpur,Ganga,Ganga,Gomti,-,-,Gomti,26.27527778,82.06670000,12-04-2026 11:00,NaN
2795,Sultanpur,CWC,9,Uttar Pradesh,185,SULTANPUR,DUBEY PUR,DUBEY PUR,Sultanpur,Ganga,Ganga,Gomti,-,-,Gomti,26.27527778,82.06670000,12-04-2026 12:00,NaN
2796,Sultanpur,CWC,9,Uttar Pradesh,185,SULTANPUR,DUBEY PUR,DUBEY PUR,Sultanpur,Ganga,Ganga,Gomti,-,-,Gomti,26.27527778,82.06670000,12-04-2026 13:00,NaN
2797,Sultanpur,CWC,9,Uttar Pradesh,185,SULTANPUR,DUBEY PUR,DUBEY PUR,Sultanpur,Ganga,Ganga,Gomti,-,-,Gomti,26.27527778,82.06670000,12-04-2026 14:00,NaN
2798,Sultanpur,CWC,9,Uttar Pradesh,185,SULTANPUR,DUBEY PUR,DUBEY PUR,Sultanpur,Ganga,Ganga,Gomti,-,-,Gomti,26.27527778,82.06670000,12-04-2026 15:00,NaN
2799,Sultanpur,CWC,9,Uttar Pradesh,185,SULTANPUR,DUBEY PUR,DUBEY PUR,Sultanpur,Ganga,Ganga,Gomti,-,-,Gomti,26.27527778,82.06670000,13-04-2026 00:00,NaN
2800,Sultanpur,CWC,9,Uttar Pradesh,185,SULTANPUR,DUBEY PUR,DUBEY PUR,Sultanpur,Ganga,Ganga,Gomti,-,-,Gomti,26.27527778,82.06670000,13-04-2026 01:00,NaN
2801,Sultanpur,CWC,9,Uttar Pradesh,185,SULTANPUR,DUBEY PUR,DUBEY PUR,Sultanpur,Ganga,Ganga,Gomti,-,-,Gomti,26.27527778,82.06670000,13-04-2026 02:00,NaN
2802,Sultanpur,CWC,9,Uttar Pradesh,185,SULTANPUR,DUBEY PUR,DUBEY PUR,Sultanpur,Ganga,Ganga,Gomti,-,-,Gomti,26.27527778,82.06670000,13-04-2026 03:00,NaN
2803,Sultanpur,CWC,9,Uttar Pradesh,185,SULTANPUR,DUBEY PUR,DUBEY PUR,Sultanpur,Ganga,Ganga,Gomti,-,-,Gomti,26.27527778,82.06670000,13-04-2026 04:00,NaN
2804,Sultanpur,CWC,9,Uttar Pradesh,185,SULTANPUR,DUBEY PUR,DUBEY PUR,Sultanpur,Ganga,Ganga,Gomti,-,-,Gomti,26.27527778,82.06670000,13-04-2026 05:00,NaN
2805,Sultanpur,CWC,9,Uttar Pradesh,185,SULTANPUR,DUBEY PUR,DUBEY PUR,Sultanpur,Ganga,Ganga,Gomti,-,-,Gomti,26.27527778,82.06670000,13-04-2026 06:00,NaN
2806,Sultanpur,CWC,9,Uttar Pradesh,185,SULTANPUR,DUBEY PUR,DUBEY PUR,Sultanpur,Ganga,Ganga,Gomti,-,-,Gomti,26.27527778,82.06670000,13-04-2026 07:00,NaN
2807,Sultanpur,CWC,9,Uttar Pradesh,185,SULTANPUR,DUBEY PUR,DUBEY PUR,Sultanpur,Ganga,Ganga,Gomti,-,-,Gomti,26.27527778,82.06670000,13-04-2026 08:00,NaN
2808,Sultanpur,CWC,9,Uttar Pradesh,185,SULTANPUR,DUBEY PUR,DUBEY PUR,Sultanpur,Ganga,Ganga,Gomti,-,-,Gomti,26.27527778,82.06670000,13-04-2026 09:00,NaN
2809,Sultanpur,CWC,9,Uttar Pradesh,185,SULTANPUR,DUBEY PUR,DUBEY PUR,Sultanpur,Ganga,Ganga,Gomti,-,-,Gomti,26.27527778,82.06670000,13-04-2026 11:00,NaN
2810,Sultanpur,CWC,9,Uttar Pradesh,185,SULTANPUR,DUBEY PUR,DUBEY PUR,Sultanpur,Ganga,Ganga,Gomti,-,-,Gomti,26.27527778,82.06670000,13-04-2026 12:00,NaN
2811,Sultanpur,CWC,9,Uttar Pradesh,185,SULTANPUR,DUBEY PUR,DUBEY PUR,Sultanpur,Ganga,Ganga,Gomti,-,-,Gomti,26.27527778,82.06670000,13-04-2026 13:00,NaN
2812,Sultanpur,CWC,9,Uttar Pradesh,185,SULTANPUR,DUBEY PUR,DUBEY PUR,Sultanpur,Ganga,Ganga,Gomti,-,-,Gomti,26.27527778,82.06670000,13-04-2026 14:00,NaN
2813,Sultanpur,CWC,9,Uttar Pradesh,185,SULTANPUR,DUBEY PUR,DUBEY PUR,Sultanpur,Ganga,Ganga,Gomti,-,-,Gomti,26.27527778,82.06670000,13-04-2026 15:00,NaN
2814,Sultanpur,CWC,9,Uttar Pradesh,185,SULTANPUR,DUBEY PUR,DUBEY PUR,Sultanpur,Ganga,Ganga,Gomti,-,-,Gomti,26.27527778,82.06670000,13-04-2026 16:00,NaN
2815,Sultanpur,CWC,9,Uttar Pradesh,185,SULTANPUR,DUBEY PUR,DUBEY PUR,Sultanpur,Ganga,Ganga,Gomti,-,-,Gomti,26.27527778,82.06670000,13-04-2026 17:00,NaN
2816,Sultanpur,CWC,9,Uttar Pradesh,185,SULTANPUR,DUBEY PUR,DUBEY PUR,Sultanpur,Ganga,Ganga,Gomti,-,-,Gomti,26.27527778,82.06670000,13-04-2026 18:00,NaN
2817,Sultanpur,CWC,9,Uttar Pradesh,185,SULTANPUR,DUBEY PUR,DUBEY PUR,Sultanpur,Ganga,Ganga,Gomti,-,-,Gomti,26.27527778,82.06670000,13-04-2026 19:00,NaN
2818,Sultanpur,CWC,9,Uttar Pradesh,185,SULTANPUR,DUBEY PUR,DUBEY PUR,Sultanpur,Ganga,Ganga,Gomti,-,-,Gomti,26.27527778,82.06670000,13-04-2026 20:00,NaN
2819,Sultanpur,CWC,9,Uttar Pradesh,185,SULTANPUR,DUBEY PUR,DUBEY PUR,Sultanpur,Ganga,Ganga,Gomti,-,-,Gomti,26.27527778,82.06670000,13-04-2026 21:00,NaN
2820,Sultanpur,CWC,9,Uttar Pradesh,185,SULTANPUR,DUBEY PUR,DUBEY PUR,Sultanpur,Ganga,Ganga,Gomti,-,-,Gomti,26.27527778,82.06670000,13-04-2026 22:00,NaN
2821,Sultanpur,CWC,9,Uttar Pradesh,185,SULTANPUR,DUBEY PUR,DUBEY PUR,Sultanpur,Ganga,Ganga,Gomti,-,-,Gomti,26.27527778,82.06670000,13-04-2026 23:00,NaN
2822,Sultanpur,CWC,9,Uttar Pradesh,185,SULTANPUR,DUBEY PUR,DUBEY PUR,Sultanpur,Ganga,Ganga,Gomti,-,-,Gomti,26.27527778,82.06670000,14-04-2026 00:00,NaN
2823,Sultanpur,CWC,9,Uttar Pradesh,185,SULTANPUR,DUBEY PUR,DUBEY PUR,Sultanpur,Ganga,Ganga,Gomti,-,-,Gomti,26.27527778,82.06670000,14-04-2026 01:00,NaN
2824,Sultanpur,CWC,9,Uttar Pradesh,185,SULTANPUR,DUBEY PUR,DUBEY PUR,Sultanpur,Ganga,Ganga,Gomti,-,-,Gomti,26.27527778,82.06670000,14-04-2026 02:00,NaN
2825,Sultanpur,CWC,9,Uttar Pradesh,185,SULTANPUR,DUBEY PUR,DUBEY PUR,Sultanpur,Ganga,Ganga,Gomti,-,-,Gomti,26.27527778,82.06670000,14-04-2026 03:00,NaN
2826,Sultanpur,CWC,9,Uttar Pradesh,185,SULTANPUR,DUBEY PUR,DUBEY PUR,Sultanpur,Ganga,Ganga,Gomti,-,-,Gomti,26.27527778,82.06670000,14-04-2026 04:00,NaN
2827,Sultanpur,CWC,9,Uttar Pradesh,185,SULTANPUR,DUBEY PUR,DUBEY PUR,Sultanpur,Ganga,Ganga,Gomti,-,-,Gomti,26.27527778,82.06670000,14-04-2026 05:00,NaN
2828,Sultanpur,CWC,9,Uttar Pradesh,185,SULTANPUR,DUBEY PUR,DUBEY PUR,Sultanpur,Ganga,Ganga,Gomti,-,-,Gomti,26.27527778,82.06670000,14-04-2026 06:00,NaN
2829,Sultanpur,CWC,9,Uttar Pradesh,185,SULTANPUR,DUBEY PUR,DUBEY PUR,Sultanpur,Ganga,Ganga,Gomti,-,-,Gomti,26.27527778,82.06670000,14-04-2026 07:00,NaN
2830,Sultanpur,CWC,9,Uttar Pradesh,185,SULTANPUR,DUBEY PUR,DUBEY PUR,Sultanpur,Ganga,Ganga,Gomti,-,-,Gomti,26.27527778,82.06670000,14-04-2026 08:00,NaN
2831,Sultanpur,CWC,9,Uttar Pradesh,185,SULTANPUR,DUBEY PUR,DUBEY PUR,Sultanpur,Ganga,Ganga,Gomti,-,-,Gomti,26.27527778,82.06670000,14-04-2026 09:00,NaN
2832,Sultanpur,CWC,9,Uttar Pradesh,185,SULTANPUR,DUBEY PUR,DUBEY PUR,Sultanpur,Ganga,Ganga,Gomti,-,-,Gomti,26.27527778,82.06670000,14-04-2026 10:00,NaN
2833,Sultanpur,CWC,9,Uttar Pradesh,185,SULTANPUR,DUBEY PUR,DUBEY PUR,Sultanpur,Ganga,Ganga,Gomti,-,-,Gomti,26.27527778,82.06670000,14-04-2026 11:00,NaN
2834,Sultanpur,CWC,9,Uttar Pradesh,185,SULTANPUR,DUBEY PUR,DUBEY PUR,Sultanpur,Ganga,Ganga,Gomti,-,-,Gomti,26.27527778,82.06670000,14-04-2026 12:00,NaN
2835,Sultanpur,CWC,9,Uttar Pradesh,185,SULTANPUR,DUBEY PUR,DUBEY PUR,Sultanpur,Ganga,Ganga,Gomti,-,-,Gomti,26.27527778,82.06670000,14-04-2026 13:00,NaN
2836,Sultanpur,CWC,9,Uttar Pradesh,185,SULTANPUR,DUBEY PUR,DUBEY PUR,Sultanpur,Ganga,Ganga,Gomti,-,-,Gomti,26.27527778,82.06670000,14-04-2026 14:00,NaN
2837,Sultanpur,CWC,9,Uttar Pradesh,185,SULTANPUR,DUBEY PUR,DUBEY PUR,Sultanpur,Ganga,Ganga,Gomti,-,-,Gomti,26.27527778,82.06670000,14-04-2026 16:00,NaN
2838,Sultanpur,CWC,9,Uttar Pradesh,185,SULTANPUR,DUBEY PUR,DUBEY PUR,Sultanpur,Ganga,Ganga,Gomti,-,-,Gomti,26.27527778,82.06670000,14-04-2026 17:00,NaN
2839,Sultanpur,CWC,9,Uttar Pradesh,185,SULTANPUR,DUBEY PUR,DUBEY PUR,Sultanpur,Ganga,Ganga,Gomti,-,-,Gomti,26.27527778,82.06670000,14-04-2026 18:00,NaN
2840,Sultanpur,CWC,9,Uttar Pradesh,185,SULTANPUR,DUBEY PUR,DUBEY PUR,Sultanpur,Ganga,Ganga,Gomti,-,-,Gomti,26.27527778,82.06670000,14-04-2026 19:00,NaN
2841,Sultanpur,CWC,9,Uttar Pradesh,185,SULTANPUR,DUBEY PUR,DUBEY PUR,Sultanpur,Ganga,Ganga,Gomti,-,-,Gomti,26.27527778,82.06670000,14-04-2026 20:00,NaN
2842,Sultanpur,CWC,9,Uttar Pradesh,185,SULTANPUR,DUBEY PUR,DUBEY PUR,Sultanpur,Ganga,Ganga,Gomti,-,-,Gomti,26.27527778,82.06670000,14-04-2026 21:00,NaN
2843,Sultanpur,CWC,9,Uttar Pradesh,185,SULTANPUR,DUBEY PUR,DUBEY PUR,Sultanpur,Ganga,Ganga,Gomti,-,-,Gomti,26.27527778,82.06670000,14-04-2026 22:00,NaN
2844,Sultanpur,CWC,9,Uttar Pradesh,185,SULTANPUR,DUBEY PUR,DUBEY PUR,Sultanpur,Ganga,Ganga,Gomti,-,-,Gomti,26.27527778,82.06670000,14-04-2026 23:00,NaN
2845,Sultanpur,CWC,9,Uttar Pradesh,185,SULTANPUR,DUBEY PUR,DUBEY PUR,Sultanpur,Ganga,Ganga,Gomti,-,-,Gomti,26.27527778,82.06670000,15-04-2026 00:00,NaN
2846,Sultanpur,CWC,9,Uttar Pradesh,185,SULTANPUR,DUBEY PUR,DUBEY PUR,Sultanpur,Ganga,Ganga,Gomti,-,-,Gomti,26.27527778,82.06670000,15-04-2026 01:00,NaN
2847,Sultanpur,CWC,9,Uttar Pradesh,185,SULTANPUR,DUBEY PUR,DUBEY PUR,Sultanpur,Ganga,Ganga,Gomti,-,-,Gomti,26.27527778,82.06670000,15-04-2026 02:00,NaN
2848,Sultanpur,CWC,9,Uttar Pradesh,185,SULTANPUR,DUBEY PUR,DUBEY PUR,Sultanpur,Ganga,Ganga,Gomti,-,-,Gomti,26.27527778,82.06670000,15-04-2026 03:00,NaN
2849,Sultanpur,CWC,9,Uttar Pradesh,185,SULTANPUR,DUBEY PUR,DUBEY PUR,Sultanpur,Ganga,Ganga,Gomti,-,-,Gomti,26.27527778,82.06670000,15-04-2026 04:00,NaN
2850,Sultanpur,CWC,9,Uttar Pradesh,185,SULTANPUR,DUBEY PUR,DUBEY PUR,Sultanpur,Ganga,Ganga,Gomti,-,-,Gomti,26.27527778,82.06670000,15-04-2026 05:00,NaN
2851,Sultanpur,CWC,9,Uttar Pradesh,185,SULTANPUR,DUBEY PUR,DUBEY PUR,Sultanpur,Ganga,Ganga,Gomti,-,-,Gomti,26.27527778,82.06670000,15-04-2026 06:00,NaN
2852,Sultanpur,CWC,9,Uttar Pradesh,185,SULTANPUR,DUBEY PUR,DUBEY PUR,Sultanpur,Ganga,Ganga,Gomti,-,-,Gomti,26.27527778,82.06670000,15-04-2026 07:00,NaN
2853,Sultanpur,CWC,9,Uttar Pradesh,185,SULTANPUR,DUBEY PUR,DUBEY PUR,Sultanpur,Ganga,Ganga,Gomti,-,-,Gomti,26.27527778,82.06670000,15-04-2026 08:00,NaN
2854,Sultanpur,CWC,9,Uttar Pradesh,185,SULTANPUR,DUBEY PUR,DUBEY PUR,Sultanpur,Ganga,Ganga,Gomti,-,-,Gomti,26.27527778,82.06670000,15-04-2026 09:00,NaN
2855,Sultanpur,CWC,9,Uttar Pradesh,185,SULTANPUR,DUBEY PUR,DUBEY PUR,Sultanpur,Ganga,Ganga,Gomti,-,-,Gomti,26.27527778,82.06670000,15-04-2026 10:00,NaN
2856,Sultanpur,CWC,9,Uttar Pradesh,185,SULTANPUR,DUBEY PUR,DUBEY PUR,Sultanpur,Ganga,Ganga,Gomti,-,-,Gomti,26.27527778,82.06670000,15-04-2026 11:00,NaN
2857,Sultanpur,CWC,9,Uttar Pradesh,185,SULTANPUR,DUBEY PUR,DUBEY PUR,Sultanpur,Ganga,Ganga,Gomti,-,-,Gomti,26.27527778,82.06670000,15-04-2026 12:00,NaN
2858,Sultanpur,CWC,9,Uttar Pradesh,185,SULTANPUR,DUBEY PUR,DUBEY PUR,Sultanpur,Ganga,Ganga,Gomti,-,-,Gomti,26.27527778,82.06670000,15-04-2026 13:00,NaN
2859,Sultanpur,CWC,9,Uttar Pradesh,185,SULTANPUR,DUBEY PUR,DUBEY PUR,Sultanpur,Ganga,Ganga,Gomti,-,-,Gomti,26.27527778,82.06670000,15-04-2026 14:00,NaN
2860,Sultanpur,CWC,9,Uttar Pradesh,185,SULTANPUR,DUBEY PUR,DUBEY PUR,Sultanpur,Ganga,Ganga,Gomti,-,-,Gomti,26.27527778,82.06670000,15-04-2026 15:00,NaN
2861,Sultanpur,CWC,9,Uttar Pradesh,185,SULTANPUR,DUBEY PUR,DUBEY PUR,Sultanpur,Ganga,Ganga,Gomti,-,-,Gomti,26.27527778,82.06670000,15-04-2026 16:00,NaN
2862,Sultanpur,CWC,9,Uttar Pradesh,185,SULTANPUR,DUBEY PUR,DUBEY PUR,Sultanpur,Ganga,Ganga,Gomti,-,-,Gomti,26.27527778,82.06670000,15-04-2026 17:00,NaN
2863,Sultanpur,CWC,9,Uttar Pradesh,185,SULTANPUR,DUBEY PUR,DUBEY PUR,Sultanpur,Ganga,Ganga,Gomti,-,-,Gomti,26.27527778,82.06670000,15-04-2026 18:00,NaN
2864,Sultanpur,CWC,9,Uttar Pradesh,185,SULTANPUR,DUBEY PUR,DUBEY PUR,Sultanpur,Ganga,Ganga,Gomti,-,-,Gomti,26.27527778,82.06670000,15-04-2026 19:00,NaN
2865,Sultanpur,CWC,9,Uttar Pradesh,185,SULTANPUR,DUBEY PUR,DUBEY PUR,Sultanpur,Ganga,Ganga,Gomti,-,-,Gomti,26.27527778,82.06670000,15-04-2026 20:00,NaN
2866,Sultanpur,CWC,9,Uttar Pradesh,185,SULTANPUR,DUBEY PUR,DUBEY PUR,Sultanpur,Ganga,Ganga,Gomti,-,-,Gomti,26.27527778,82.06670000,15-04-2026 21:00,NaN
2867,Sultanpur,CWC,9,Uttar Pradesh,185,SULTANPUR,DUBEY PUR,DUBEY PUR,Sultanpur,Ganga,Ganga,Gomti,-,-,Gomti,26.27527778,82.06670000,16-04-2026 00:00,NaN
2868,Sultanpur,CWC,9,Uttar Pradesh,185,SULTANPUR,DUBEY PUR,DUBEY PUR,Sultanpur,Ganga,Ganga,Gomti,-,-,Gomti,26.27527778,82.06670000,16-04-2026 01:00,NaN
2869,Sultanpur,CWC,9,Uttar Pradesh,185,SULTANPUR,DUBEY PUR,DUBEY PUR,Sultanpur,Ganga,Ganga,Gomti,-,-,Gomti,26.27527778,82.06670000,16-04-2026 02:00,NaN
2870,Sultanpur,CWC,9,Uttar Pradesh,185,SULTANPUR,DUBEY PUR,DUBEY PUR,Sultanpur,Ganga,Ganga,Gomti,-,-,Gomti,26.27527778,82.06670000,16-04-2026 03:00,NaN
2871,Sultanpur,CWC,9,Uttar Pradesh,185,SULTANPUR,DUBEY PUR,DUBEY PUR,Sultanpur,Ganga,Ganga,Gomti,-,-,Gomti,26.27527778,82.06670000,16-04-2026 04:00,NaN
2872,Sultanpur,CWC,9,Uttar Pradesh,185,SULTANPUR,DUBEY PUR,DUBEY PUR,Sultanpur,Ganga,Ganga,Gomti,-,-,Gomti,26.27527778,82.06670000,16-04-2026 05:00,NaN
2873,Sultanpur,CWC,9,Uttar Pradesh,185,SULTANPUR,DUBEY PUR,DUBEY PUR,Sultanpur,Ganga,Ganga,Gomti,-,-,Gomti,26.27527778,82.06670000,16-04-2026 06:00,NaN
2874,Sultanpur,CWC,9,Uttar Pradesh,185,SULTANPUR,DUBEY PUR,DUBEY PUR,Sultanpur,Ganga,Ganga,Gomti,-,-,Gomti,26.27527778,82.06670000,16-04-2026 07:00,NaN
2875,Sultanpur,CWC,9,Uttar Pradesh,185,SULTANPUR,DUBEY PUR,DUBEY PUR,Sultanpur,Ganga,Ganga,Gomti,-,-,Gomti,26.27527778,82.06670000,16-04-2026 08:00,NaN
2876,Sultanpur,CWC,9,Uttar Pradesh,185,SULTANPUR,DUBEY PUR,DUBEY PUR,Sultanpur,Ganga,Ganga,Gomti,-,-,Gomti,26.27527778,82.06670000,16-04-2026 09:00,NaN
2877,Sultanpur,CWC,9,Uttar Pradesh,185,SULTANPUR,DUBEY PUR,DUBEY PUR,Sultanpur,Ganga,Ganga,Gomti,-,-,Gomti,26.27527778,82.06670000,16-04-2026 10:00,NaN
2878,Sultanpur,CWC,9,Uttar Pradesh,185,SULTANPUR,DUBEY PUR,DUBEY PUR,Sultanpur,Ganga,Ganga,Gomti,-,-,Gomti,26.27527778,82.06670000,16-04-2026 11:00,NaN
2879,Sultanpur,CWC,9,Uttar Pradesh,185,SULTANPUR,DUBEY PUR,DUBEY PUR,Sultanpur,Ganga,Ganga,Gomti,-,-,Gomti,26.27527778,82.06670000,16-04-2026 12:00,NaN
2880,Sultanpur,CWC,9,Uttar Pradesh,185,SULTANPUR,DUBEY PUR,DUBEY PUR,Sultanpur,Ganga,Ganga,Gomti,-,-,Gomti,26.27527778,82.06670000,17-04-2026 00:00,NaN
2881,Sultanpur,CWC,9,Uttar Pradesh,185,SULTANPUR,DUBEY PUR,DUBEY PUR,Sultanpur,Ganga,Ganga,Gomti,-,-,Gomti,26.27527778,82.06670000,17-04-2026 01:00,NaN
2882,Sultanpur,CWC,9,Uttar Pradesh,185,SULTANPUR,DUBEY PUR,DUBEY PUR,Sultanpur,Ganga,Ganga,Gomti,-,-,Gomti,26.27527778,82.06670000,17-04-2026 02:00,NaN
2883,Sultanpur,CWC,9,Uttar Pradesh,185,SULTANPUR,DUBEY PUR,DUBEY PUR,Sultanpur,Ganga,Ganga,Gomti,-,-,Gomti,26.27527778,82.06670000,17-04-2026 03:00,NaN
2884,Sultanpur,CWC,9,Uttar Pradesh,185,SULTANPUR,DUBEY PUR,DUBEY PUR,Sultanpur,Ganga,Ganga,Gomti,-,-,Gomti,26.27527778,82.06670000,17-04-2026 04:00,NaN
2885,Sultanpur,CWC,9,Uttar Pradesh,185,SULTANPUR,DUBEY PUR,DUBEY PUR,Sultanpur,Ganga,Ganga,Gomti,-,-,Gomti,26.27527778,82.06670000,17-04-2026 05:00,NaN
2886,Sultanpur,CWC,9,Uttar Pradesh,185,SULTANPUR,DUBEY PUR,DUBEY PUR,Sultanpur,Ganga,Ganga,Gomti,-,-,Gomti,26.27527778,82.06670000,17-04-2026 06:00,NaN
2887,Sultanpur,CWC,9,Uttar Pradesh,185,SULTANPUR,DUBEY PUR,DUBEY PUR,Sultanpur,Ganga,Ganga,Gomti,-,-,Gomti,26.27527778,82.06670000,17-04-2026 07:00,NaN
2888,Sultanpur,CWC,9,Uttar Pradesh,185,SULTANPUR,DUBEY PUR,DUBEY PUR,Sultanpur,Ganga,Ganga,Gomti,-,-,Gomti,26.27527778,82.06670000,17-04-2026 08:00,NaN
2889,Sultanpur,CWC,9,Uttar Pradesh,185,SULTANPUR,DUBEY PUR,DUBEY PUR,Sultanpur,Ganga,Ganga,Gomti,-,-,Gomti,26.27527778,82.06670000,17-04-2026 09:00,NaN
2890,Sultanpur,CWC,9,Uttar Pradesh,185,SULTANPUR,DUBEY PUR,DUBEY PUR,Sultanpur,Ganga,Ganga,Gomti,-,-,Gomti,26.27527778,82.06670000,17-04-2026 11:00,NaN
2891,Sultanpur,CWC,9,Uttar Pradesh,185,SULTANPUR,DUBEY PUR,DUBEY PUR,Sultanpur,Ganga,Ganga,Gomti,-,-,Gomti,26.27527778,82.06670000,17-04-2026 12:00,NaN
2892,Sultanpur,CWC,9,Uttar Pradesh,185,SULTANPUR,DUBEY PUR,DUBEY PUR,Sultanpur,Ganga,Ganga,Gomti,-,-,Gomti,26.27527778,82.06670000,18-04-2026 00:00,NaN
2893,Sultanpur,CWC,9,Uttar Pradesh,185,SULTANPUR,DUBEY PUR,DUBEY PUR,Sultanpur,Ganga,Ganga,Gomti,-,-,Gomti,26.27527778,82.06670000,18-04-2026 01:00,NaN
2894,Sultanpur,CWC,9,Uttar Pradesh,185,SULTANPUR,DUBEY PUR,DUBEY PUR,Sultanpur,Ganga,Ganga,Gomti,-,-,Gomti,26.27527778,82.06670000,18-04-2026 02:00,NaN
2895,Sultanpur,CWC,9,Uttar Pradesh,185,SULTANPUR,DUBEY PUR,DUBEY PUR,Sultanpur,Ganga,Ganga,Gomti,-,-,Gomti,26.27527778,82.06670000,18-04-2026 03:00,NaN
2896,Sultanpur,CWC,9,Uttar Pradesh,185,SULTANPUR,DUBEY PUR,DUBEY PUR,Sultanpur,Ganga,Ganga,Gomti,-,-,Gomti,26.27527778,82.06670000,18-04-2026 04:00,NaN
2897,Sultanpur,CWC,9,Uttar Pradesh,185,SULTANPUR,DUBEY PUR,DUBEY PUR,Sultanpur,Ganga,Ganga,Gomti,-,-,Gomti,26.27527778,82.06670000,18-04-2026 05:00,NaN
2898,Sultanpur,CWC,9,Uttar Pradesh,185,SULTANPUR,DUBEY PUR,DUBEY PUR,Sultanpur,Ganga,Ganga,Gomti,-,-,Gomti,26.27527778,82.06670000,18-04-2026 06:00,NaN
2899,Sultanpur,CWC,9,Uttar Pradesh,185,SULTANPUR,DUBEY PUR,DUBEY PUR,Sultanpur,Ganga,Ganga,Gomti,-,-,Gomti,26.27527778,82.06670000,18-04-2026 07:00,NaN
2900,Sultanpur,CWC,9,Uttar Pradesh,185,SULTANPUR,DUBEY PUR,DUBEY PUR,Sultanpur,Ganga,Ganga,Gomti,-,-,Gomti,26.27527778,82.06670000,18-04-2026 08:00,NaN
2901,Sultanpur,CWC,9,Uttar Pradesh,185,SULTANPUR,DUBEY PUR,DUBEY PUR,Sultanpur,Ganga,Ganga,Gomti,-,-,Gomti,26.27527778,82.06670000,18-04-2026 09:00,NaN
2902,Sultanpur,CWC,9,Uttar Pradesh,185,SULTANPUR,DUBEY PUR,DUBEY PUR,Sultanpur,Ganga,Ganga,Gomti,-,-,Gomti,26.27527778,82.06670000,18-04-2026 10:00,NaN
2903,Sultanpur,CWC,9,Uttar Pradesh,185,SULTANPUR,DUBEY PUR,DUBEY PUR,Sultanpur,Ganga,Ganga,Gomti,-,-,Gomti,26.27527778,82.06670000,19-04-2026 00:00,NaN
2904,Sultanpur,CWC,9,Uttar Pradesh,185,SULTANPUR,DUBEY PUR,DUBEY PUR,Sultanpur,Ganga,Ganga,Gomti,-,-,Gomti,26.27527778,82.06670000,19-04-2026 01:00,NaN
2905,Sultanpur,CWC,9,Uttar Pradesh,185,SULTANPUR,DUBEY PUR,DUBEY PUR,Sultanpur,Ganga,Ganga,Gomti,-,-,Gomti,26.27527778,82.06670000,19-04-2026 02:00,NaN
2906,Sultanpur,CWC,9,Uttar Pradesh,185,SULTANPUR,DUBEY PUR,DUBEY PUR,Sultanpur,Ganga,Ganga,Gomti,-,-,Gomti,26.27527778,82.06670000,19-04-2026 03:00,NaN
2907,Sultanpur,CWC,9,Uttar Pradesh,185,SULTANPUR,DUBEY PUR,DUBEY PUR,Sultanpur,Ganga,Ganga,Gomti,-,-,Gomti,26.27527778,82.06670000,19-04-2026 04:00,NaN
2908,Sultanpur,CWC,9,Uttar Pradesh,185,SULTANPUR,DUBEY PUR,DUBEY PUR,Sultanpur,Ganga,Ganga,Gomti,-,-,Gomti,26.27527778,82.06670000,19-04-2026 05:00,NaN
2909,Sultanpur,CWC,9,Uttar Pradesh,185,SULTANPUR,DUBEY PUR,DUBEY PUR,Sultanpur,Ganga,Ganga,Gomti,-,-,Gomti,26.27527778,82.06670000,19-04-2026 06:00,NaN
2910,Sultanpur,CWC,9,Uttar Pradesh,185,SULTANPUR,DUBEY PUR,DUBEY PUR,Sultanpur,Ganga,Ganga,Gomti,-,-,Gomti,26.27527778,82.06670000,19-04-2026 07:00,NaN
2911,Sultanpur,CWC,9,Uttar Pradesh,185,SULTANPUR,DUBEY PUR,DUBEY PUR,Sultanpur,Ganga,Ganga,Gomti,-,-,Gomti,26.27527778,82.06670000,19-04-2026 08:00,NaN
2912,Sultanpur,CWC,9,Uttar Pradesh,185,SULTANPUR,DUBEY PUR,DUBEY PUR,Sultanpur,Ganga,Ganga,Gomti,-,-,Gomti,26.27527778,82.06670000,19-04-2026 09:00,NaN
2913,Sultanpur,CWC,9,Uttar Pradesh,185,SULTANPUR,DUBEY PUR,DUBEY PUR,Sultanpur,Ganga,Ganga,Gomti,-,-,Gomti,26.27527778,82.06670000,19-04-2026 10:00,NaN
2914,Sultanpur,CWC,9,Uttar Pradesh,185,SULTANPUR,DUBEY PUR,DUBEY PUR,Sultanpur,Ganga,Ganga,Gomti,-,-,Gomti,26.27527778,82.06670000,19-04-2026 11:00,NaN
2915,Sultanpur,CWC,9,Uttar Pradesh,185,SULTANPUR,DUBEY PUR,DUBEY PUR,Sultanpur,Ganga,Ganga,Gomti,-,-,Gomti,26.27527778,82.06670000,19-04-2026 12:00,NaN
2916,Sultanpur,CWC,9,Uttar Pradesh,185,SULTANPUR,DUBEY PUR,DUBEY PUR,Sultanpur,Ganga,Ganga,Gomti,-,-,Gomti,26.27527778,82.06670000,19-04-2026 13:00,NaN
2917,Sultanpur,CWC,9,Uttar Pradesh,185,SULTANPUR,DUBEY PUR,DUBEY PUR,Sultanpur,Ganga,Ganga,Gomti,-,-,Gomti,26.27527778,82.06670000,19-04-2026 14:00,NaN
2918,Sultanpur,CWC,9,Uttar Pradesh,185,SULTANPUR,DUBEY PUR,DUBEY PUR,Sultanpur,Ganga,Ganga,Gomti,-,-,Gomti,26.27527778,82.06670000,19-04-2026 15:00,NaN
2919,Sultanpur,CWC,9,Uttar Pradesh,185,SULTANPUR,DUBEY PUR,DUBEY PUR,Sultanpur,Ganga,Ganga,Gomti,-,-,Gomti,26.27527778,82.06670000,19-04-2026 16:00,NaN
2920,Sultanpur,CWC,9,Uttar Pradesh,185,SULTANPUR,DUBEY PUR,DUBEY PUR,Sultanpur,Ganga,Ganga,Gomti,-,-,Gomti,26.27527778,82.06670000,20-04-2026 00:00,NaN
2921,Sultanpur,CWC,9,Uttar Pradesh,185,SULTANPUR,DUBEY PUR,DUBEY PUR,Sultanpur,Ganga,Ganga,Gomti,-,-,Gomti,26.27527778,82.06670000,20-04-2026 01:00,NaN
2922,Sultanpur,CWC,9,Uttar Pradesh,185,SULTANPUR,DUBEY PUR,DUBEY PUR,Sultanpur,Ganga,Ganga,Gomti,-,-,Gomti,26.27527778,82.06670000,20-04-2026 02:00,NaN
2923,Sultanpur,CWC,9,Uttar Pradesh,185,SULTANPUR,DUBEY PUR,DUBEY PUR,Sultanpur,Ganga,Ganga,Gomti,-,-,Gomti,26.27527778,82.06670000,20-04-2026 03:00,NaN
2924,Sultanpur,CWC,9,Uttar Pradesh,185,SULTANPUR,DUBEY PUR,DUBEY PUR,Sultanpur,Ganga,Ganga,Gomti,-,-,Gomti,26.27527778,82.06670000,20-04-2026 05:00,NaN
2925,Sultanpur,CWC,9,Uttar Pradesh,185,SULTANPUR,DUBEY PUR,DUBEY PUR,Sultanpur,Ganga,Ganga,Gomti,-,-,Gomti,26.27527778,82.06670000,20-04-2026 06:00,NaN
2926,Sultanpur,CWC,9,Uttar Pradesh,185,SULTANPUR,DUBEY PUR,DUBEY PUR,Sultanpur,Ganga,Ganga,Gomti,-,-,Gomti,26.27527778,82.06670000,20-04-2026 07:00,NaN
2927,Sultanpur,CWC,9,Uttar Pradesh,185,SULTANPUR,DUBEY PUR,DUBEY PUR,Sultanpur,Ganga,Ganga,Gomti,-,-,Gomti,26.27527778,82.06670000,20-04-2026 08:00,NaN
2928,Sultanpur,CWC,9,Uttar Pradesh,185,SULTANPUR,DUBEY PUR,DUBEY PUR,Sultanpur,Ganga,Ganga,Gomti,-,-,Gomti,26.27527778,82.06670000,20-04-2026 09:00,NaN
2929,Sultanpur,CWC,9,Uttar Pradesh,185,SULTANPUR,DUBEY PUR,DUBEY PUR,Sultanpur,Ganga,Ganga,Gomti,-,-,Gomti,26.27527778,82.06670000,20-04-2026 10:00,NaN
2930,Sultanpur,CWC,9,Uttar Pradesh,185,SULTANPUR,DUBEY PUR,DUBEY PUR,Sultanpur,Ganga,Ganga,Gomti,-,-,Gomti,26.27527778,82.06670000,20-04-2026 11:00,NaN
2931,Sultanpur,CWC,9,Uttar Pradesh,185,SULTANPUR,DUBEY PUR,DUBEY PUR,Sultanpur,Ganga,Ganga,Gomti,-,-,Gomti,26.27527778,82.06670000,20-04-2026 12:00,NaN
2932,Sultanpur,CWC,9,Uttar Pradesh,185,SULTANPUR,DUBEY PUR,DUBEY PUR,Sultanpur,Ganga,Ganga,Gomti,-,-,Gomti,26.27527778,82.06670000,20-04-2026 13:00,NaN
2933,Sultanpur,CWC,9,Uttar Pradesh,185,SULTANPUR,DUBEY PUR,DUBEY PUR,Sultanpur,Ganga,Ganga,Gomti,-,-,Gomti,26.27527778,82.06670000,20-04-2026 14:00,NaN
2934,Sultanpur,CWC,9,Uttar Pradesh,185,SULTANPUR,DUBEY PUR,DUBEY PUR,Sultanpur,Ganga,Ganga,Gomti,-,-,Gomti,26.27527778,82.06670000,20-04-2026 15:00,NaN
2935,Sultanpur,CWC,9,Uttar Pradesh,185,SULTANPUR,DUBEY PUR,DUBEY PUR,Sultanpur,Ganga,Ganga,Gomti,-,-,Gomti,26.27527778,82.06670000,20-04-2026 16:00,NaN
2936,Sultanpur,CWC,9,Uttar Pradesh,185,SULTANPUR,DUBEY PUR,DUBEY PUR,Sultanpur,Ganga,Ganga,Gomti,-,-,Gomti,26.27527778,82.06670000,20-04-2026 17:00,NaN
2937,Sultanpur,CWC,9,Uttar Pradesh,185,SULTANPUR,DUBEY PUR,DUBEY PUR,Sultanpur,Ganga,Ganga,Gomti,-,-,Gomti,26.27527778,82.06670000,21-04-2026 00:00,NaN
2938,Sultanpur,CWC,9,Uttar Pradesh,185,SULTANPUR,DUBEY PUR,DUBEY PUR,Sultanpur,Ganga,Ganga,Gomti,-,-,Gomti,26.27527778,82.06670000,21-04-2026 01:00,NaN
2939,Sultanpur,CWC,9,Uttar Pradesh,185,SULTANPUR,DUBEY PUR,DUBEY PUR,Sultanpur,Ganga,Ganga,Gomti,-,-,Gomti,26.27527778,82.06670000,21-04-2026 02:00,NaN
2940,Sultanpur,CWC,9,Uttar Pradesh,185,SULTANPUR,DUBEY PUR,DUBEY PUR,Sultanpur,Ganga,Ganga,Gomti,-,-,Gomti,26.27527778,82.06670000,21-04-2026 03:00,NaN
2941,Sultanpur,CWC,9,Uttar Pradesh,185,SULTANPUR,DUBEY PUR,DUBEY PUR,Sultanpur,Ganga,Ganga,Gomti,-,-,Gomti,26.27527778,82.06670000,21-04-2026 04:00,NaN
2942,Sultanpur,CWC,9,Uttar Pradesh,185,SULTANPUR,DUBEY PUR,DUBEY PUR,Sultanpur,Ganga,Ganga,Gomti,-,-,Gomti,26.27527778,82.06670000,21-04-2026 05:00,NaN
2943,Sultanpur,CWC,9,Uttar Pradesh,185,SULTANPUR,DUBEY PUR,DUBEY PUR,Sultanpur,Ganga,Ganga,Gomti,-,-,Gomti,26.27527778,82.06670000,21-04-2026 06:00,NaN
2944,Sultanpur,CWC,9,Uttar Pradesh,185,SULTANPUR,DUBEY PUR,DUBEY PUR,Sultanpur,Ganga,Ganga,Gomti,-,-,Gomti,26.27527778,82.06670000,21-04-2026 07:00,NaN
2945,Sultanpur,CWC,9,Uttar Pradesh,185,SULTANPUR,DUBEY PUR,DUBEY PUR,Sultanpur,Ganga,Ganga,Gomti,-,-,Gomti,26.27527778,82.06670000,21-04-2026 08:00,NaN
2946,Sultanpur,CWC,9,Uttar Pradesh,185,SULTANPUR,DUBEY PUR,DUBEY PUR,Sultanpur,Ganga,Ganga,Gomti,-,-,Gomti,26.27527778,82.06670000,21-04-2026 09:00,NaN
2947,Sultanpur,CWC,9,Uttar Pradesh,185,SULTANPUR,DUBEY PUR,DUBEY PUR,Sultanpur,Ganga,Ganga,Gomti,-,-,Gomti,26.27527778,82.06670000,21-04-2026 10:00,NaN
2948,Sultanpur,CWC,9,Uttar Pradesh,185,SULTANPUR,DUBEY PUR,DUBEY PUR,Sultanpur,Ganga,Ganga,Gomti,-,-,Gomti,26.27527778,82.06670000,21-04-2026 11:00,NaN
2949,Sultanpur,CWC,9,Uttar Pradesh,185,SULTANPUR,DUBEY PUR,DUBEY PUR,Sultanpur,Ganga,Ganga,Gomti,-,-,Gomti,26.27527778,82.06670000,21-04-2026 12:00,NaN
2950,Sultanpur,CWC,9,Uttar Pradesh,185,SULTANPUR,DUBEY PUR,DUBEY PUR,Sultanpur,Ganga,Ganga,Gomti,-,-,Gomti,26.27527778,82.06670000,21-04-2026 13:00,NaN
2951,Sultanpur,CWC,9,Uttar Pradesh,185,SULTANPUR,DUBEY PUR,DUBEY PUR,Sultanpur,Ganga,Ganga,Gomti,-,-,Gomti,26.27527778,82.06670000,21-04-2026 14:00,NaN
2952,Sultanpur,CWC,9,Uttar Pradesh,185,SULTANPUR,DUBEY PUR,DUBEY PUR,Sultanpur,Ganga,Ganga,Gomti,-,-,Gomti,26.27527778,82.06670000,21-04-2026 15:00,NaN
2953,Sultanpur,CWC,9,Uttar Pradesh,185,SULTANPUR,DUBEY PUR,DUBEY PUR,Sultanpur,Ganga,Ganga,Gomti,-,-,Gomti,26.27527778,82.06670000,21-04-2026 16:00,NaN
2954,Sultanpur,CWC,9,Uttar Pradesh,185,SULTANPUR,DUBEY PUR,DUBEY PUR,Sultanpur,Ganga,Ganga,Gomti,-,-,Gomti,26.27527778,82.06670000,22-04-2026 00:00,NaN
2955,Sultanpur,CWC,9,Uttar Pradesh,185,SULTANPUR,DUBEY PUR,DUBEY PUR,Sultanpur,Ganga,Ganga,Gomti,-,-,Gomti,26.27527778,82.06670000,22-04-2026 01:00,NaN
2956,Sultanpur,CWC,9,Uttar Pradesh,185,SULTANPUR,DUBEY PUR,DUBEY PUR,Sultanpur,Ganga,Ganga,Gomti,-,-,Gomti,26.27527778,82.06670000,22-04-2026 02:00,NaN
2957,Sultanpur,CWC,9,Uttar Pradesh,185,SULTANPUR,DUBEY PUR,DUBEY PUR,Sultanpur,Ganga,Ganga,Gomti,-,-,Gomti,26.27527778,82.06670000,22-04-2026 03:00,NaN
2958,Sultanpur,CWC,9,Uttar Pradesh,185,SULTANPUR,DUBEY PUR,DUBEY PUR,Sultanpur,Ganga,Ganga,Gomti,-,-,Gomti,26.27527778,82.06670000,22-04-2026 04:00,NaN
2959,Sultanpur,CWC,9,Uttar Pradesh,185,SULTANPUR,DUBEY PUR,DUBEY PUR,Sultanpur,Ganga,Ganga,Gomti,-,-,Gomti,26.27527778,82.06670000,22-04-2026 05:00,NaN
2960,Sultanpur,CWC,9,Uttar Pradesh,185,SULTANPUR,DUBEY PUR,DUBEY PUR,Sultanpur,Ganga,Ganga,Gomti,-,-,Gomti,26.27527778,82.06670000,22-04-2026 06:00,NaN
2961,Sultanpur,CWC,9,Uttar Pradesh,185,SULTANPUR,DUBEY PUR,DUBEY PUR,Sultanpur,Ganga,Ganga,Gomti,-,-,Gomti,26.27527778,82.06670000,22-04-2026 07:00,NaN
2962,Sultanpur,CWC,9,Uttar Pradesh,185,SULTANPUR,DUBEY PUR,DUBEY PUR,Sultanpur,Ganga,Ganga,Gomti,-,-,Gomti,26.27527778,82.06670000,22-04-2026 09:00,NaN
2963,Sultanpur,CWC,9,Uttar Pradesh,185,SULTANPUR,DUBEY PUR,DUBEY PUR,Sultanpur,Ganga,Ganga,Gomti,-,-,Gomti,26.27527778,82.06670000,22-04-2026 10:00,NaN
2964,Sultanpur,CWC,9,Uttar Pradesh,185,SULTANPUR,DUBEY PUR,DUBEY PUR,Sultanpur,Ganga,Ganga,Gomti,-,-,Gomti,26.27527778,82.06670000,22-04-2026 11:00,NaN
2965,Sultanpur,CWC,9,Uttar Pradesh,185,SULTANPUR,DUBEY PUR,DUBEY PUR,Sultanpur,Ganga,Ganga,Gomti,-,-,Gomti,26.27527778,82.06670000,22-04-2026 12:00,NaN
2966,Sultanpur,CWC,9,Uttar Pradesh,185,SULTANPUR,DUBEY PUR,DUBEY PUR,Sultanpur,Ganga,Ganga,Gomti,-,-,Gomti,26.27527778,82.06670000,22-04-2026 13:00,NaN
2967,Sultanpur,CWC,9,Uttar Pradesh,185,SULTANPUR,DUBEY PUR,DUBEY PUR,Sultanpur,Ganga,Ganga,Gomti,-,-,Gomti,26.27527778,82.06670000,22-04-2026 14:00,NaN
2968,Sultanpur,CWC,9,Uttar Pradesh,185,SULTANPUR,DUBEY PUR,DUBEY PUR,Sultanpur,Ganga,Ganga,Gomti,-,-,Gomti,26.27527778,82.06670000,23-04-2026 00:00,NaN
2969,Sultanpur,CWC,9,Uttar Pradesh,185,SULTANPUR,DUBEY PUR,DUBEY PUR,Sultanpur,Ganga,Ganga,Gomti,-,-,Gomti,26.27527778,82.06670000,23-04-2026 01:00,NaN
2970,Sultanpur,CWC,9,Uttar Pradesh,185,SULTANPUR,DUBEY PUR,DUBEY PUR,Sultanpur,Ganga,Ganga,Gomti,-,-,Gomti,26.27527778,82.06670000,23-04-2026 02:00,NaN
2971,Sultanpur,CWC,9,Uttar Pradesh,185,SULTANPUR,DUBEY PUR,DUBEY PUR,Sultanpur,Ganga,Ganga,Gomti,-,-,Gomti,26.27527778,82.06670000,23-04-2026 03:00,NaN
2972,Sultanpur,CWC,9,Uttar Pradesh,185,SULTANPUR,DUBEY PUR,DUBEY PUR,Sultanpur,Ganga,Ganga,Gomti,-,-,Gomti,26.27527778,82.06670000,23-04-2026 04:00,NaN
2973,Sultanpur,CWC,9,Uttar Pradesh,185,SULTANPUR,DUBEY PUR,DUBEY PUR,Sultanpur,Ganga,Ganga,Gomti,-,-,Gomti,26.27527778,82.06670000,23-04-2026 05:00,NaN
2974,Sultanpur,CWC,9,Uttar Pradesh,185,SULTANPUR,DUBEY PUR,DUBEY PUR,Sultanpur,Ganga,Ganga,Gomti,-,-,Gomti,26.27527778,82.06670000,23-04-2026 06:00,NaN
2975,Sultanpur,CWC,9,Uttar Pradesh,185,SULTANPUR,DUBEY PUR,DUBEY PUR,Sultanpur,Ganga,Ganga,Gomti,-,-,Gomti,26.27527778,82.06670000,23-04-2026 07:00,NaN
2976,Sultanpur,CWC,9,Uttar Pradesh,185,SULTANPUR,DUBEY PUR,DUBEY PUR,Sultanpur,Ganga,Ganga,Gomti,-,-,Gomti,26.27527778,82.06670000,23-04-2026 08:00,NaN
2977,Sultanpur,CWC,9,Uttar Pradesh,185,SULTANPUR,DUBEY PUR,DUBEY PUR,Sultanpur,Ganga,Ganga,Gomti,-,-,Gomti,26.27527778,82.06670000,23-04-2026 09:00,NaN
2978,Sultanpur,CWC,9,Uttar Pradesh,185,SULTANPUR,DUBEY PUR,DUBEY PUR,Sultanpur,Ganga,Ganga,Gomti,-,-,Gomti,26.27527778,82.06670000,23-04-2026 10:00,NaN
2979,Sultanpur,CWC,9,Uttar Pradesh,185,SULTANPUR,DUBEY PUR,DUBEY PUR,Sultanpur,Ganga,Ganga,Gomti,-,-,Gomti,26.27527778,82.06670000,23-04-2026 11:00,NaN
2980,Sultanpur,CWC,9,Uttar Pradesh,185,SULTANPUR,DUBEY PUR,DUBEY PUR,Sultanpur,Ganga,Ganga,Gomti,-,-,Gomti,26.27527778,82.06670000,23-04-2026 12:00,NaN
2981,Sultanpur,CWC,9,Uttar Pradesh,185,SULTANPUR,DUBEY PUR,DUBEY PUR,Sultanpur,Ganga,Ganga,Gomti,-,-,Gomti,26.27527778,82.06670000,23-04-2026 13:00,NaN
2982,Sultanpur,CWC,9,Uttar Pradesh,185,SULTANPUR,DUBEY PUR,DUBEY PUR,Sultanpur,Ganga,Ganga,Gomti,-,-,Gomti,26.27527778,82.06670000,23-04-2026 14:00,NaN
2983,Sultanpur,CWC,9,Uttar Pradesh,185,SULTANPUR,DUBEY PUR,DUBEY PUR,Sultanpur,Ganga,Ganga,Gomti,-,-,Gomti,26.27527778,82.06670000,24-04-2026 00:00,NaN
2984,Sultanpur,CWC,9,Uttar Pradesh,185,SULTANPUR,DUBEY PUR,DUBEY PUR,Sultanpur,Ganga,Ganga,Gomti,-,-,Gomti,26.27527778,82.06670000,24-04-2026 01:00,NaN
2985,Sultanpur,CWC,9,Uttar Pradesh,185,SULTANPUR,DUBEY PUR,DUBEY PUR,Sultanpur,Ganga,Ganga,Gomti,-,-,Gomti,26.27527778,82.06670000,24-04-2026 02:00,NaN
2986,Sultanpur,CWC,9,Uttar Pradesh,185,SULTANPUR,DUBEY PUR,DUBEY PUR,Sultanpur,Ganga,Ganga,Gomti,-,-,Gomti,26.27527778,82.06670000,24-04-2026 03:00,NaN
2987,Sultanpur,CWC,9,Uttar Pradesh,185,SULTANPUR,DUBEY PUR,DUBEY PUR,Sultanpur,Ganga,Ganga,Gomti,-,-,Gomti,26.27527778,82.06670000,24-04-2026 04:00,NaN
2988,Sultanpur,CWC,9,Uttar Pradesh,185,SULTANPUR,DUBEY PUR,DUBEY PUR,Sultanpur,Ganga,Ganga,Gomti,-,-,Gomti,26.27527778,82.06670000,24-04-2026 05:00,NaN
2989,Sultanpur,CWC,9,Uttar Pradesh,185,SULTANPUR,DUBEY PUR,DUBEY PUR,Sultanpur,Ganga,Ganga,Gomti,-,-,Gomti,26.27527778,82.06670000,24-04-2026 06:00,NaN
2990,Sultanpur,CWC,9,Uttar Pradesh,185,SULTANPUR,DUBEY PUR,DUBEY PUR,Sultanpur,Ganga,Ganga,Gomti,-,-,Gomti,26.27527778,82.06670000,24-04-2026 07:00,NaN
2991,Sultanpur,CWC,9,Uttar Pradesh,185,SULTANPUR,DUBEY PUR,DUBEY PUR,Sultanpur,Ganga,Ganga,Gomti,-,-,Gomti,26.27527778,82.06670000,24-04-2026 08:00,NaN
2992,Sultanpur,CWC,9,Uttar Pradesh,185,SULTANPUR,DUBEY PUR,DUBEY PUR,Sultanpur,Ganga,Ganga,Gomti,-,-,Gomti,26.27527778,82.06670000,24-04-2026 09:00,NaN
2993,Sultanpur,CWC,9,Uttar Pradesh,185,SULTANPUR,DUBEY PUR,DUBEY PUR,Sultanpur,Ganga,Ganga,Gomti,-,-,Gomti,26.27527778,82.06670000,24-04-2026 10:00,NaN
2994,Sultanpur,CWC,9,Uttar Pradesh,185,SULTANPUR,DUBEY PUR,DUBEY PUR,Sultanpur,Ganga,Ganga,Gomti,-,-,Gomti,26.27527778,82.06670000,24-04-2026 11:00,NaN
2995,Sultanpur,CWC,9,Uttar Pradesh,185,SULTANPUR,DUBEY PUR,DUBEY PUR,Sultanpur,Ganga,Ganga,Gomti,-,-,Gomti,26.27527778,82.06670000,24-04-2026 12:00,NaN
2996,Sultanpur,CWC,9,Uttar Pradesh,185,SULTANPUR,DUBEY PUR,DUBEY PUR,Sultanpur,Ganga,Ganga,Gomti,-,-,Gomti,26.27527778,82.06670000,24-04-2026 13:00,NaN
2997,Sultanpur,CWC,9,Uttar Pradesh,185,SULTANPUR,DUBEY PUR,DUBEY PUR,Sultanpur,Ganga,Ganga,Gomti,-,-,Gomti,26.27527778,82.06670000,25-04-2026 00:00,NaN
2998,Sultanpur,CWC,9,Uttar Pradesh,185,SULTANPUR,DUBEY PUR,DUBEY PUR,Sultanpur,Ganga,Ganga,Gomti,-,-,Gomti,26.27527778,82.06670000,25-04-2026 01:00,NaN
2999,Sultanpur,CWC,9,Uttar Pradesh,185,SULTANPUR,DUBEY PUR,DUBEY PUR,Sultanpur,Ganga,Ganga,Gomti,-,-,Gomti,26.27527778,82.06670000,25-04-2026 02:00,NaN
3000,Sultanpur,CWC,9,Uttar Pradesh,185,SULTANPUR,DUBEY PUR,DUBEY PUR,Sultanpur,Ganga,Ganga,Gomti,-,-,Gomti,26.27527778,82.06670000,25-04-2026 03:00,NaN
3001,Sultanpur,CWC,9,Uttar Pradesh,185,SULTANPUR,DUBEY PUR,DUBEY PUR,Sultanpur,Ganga,Ganga,Gomti,-,-,Gomti,26.27527778,82.06670000,25-04-2026 04:00,NaN
3002,Sultanpur,CWC,9,Uttar Pradesh,185,SULTANPUR,DUBEY PUR,DUBEY PUR,Sultanpur,Ganga,Ganga,Gomti,-,-,Gomti,26.27527778,82.06670000,25-04-2026 05:00,NaN
3003,Sultanpur,CWC,9,Uttar Pradesh,185,SULTANPUR,DUBEY PUR,DUBEY PUR,Sultanpur,Ganga,Ganga,Gomti,-,-,Gomti,26.27527778,82.06670000,25-04-2026 06:00,NaN
3004,Sultanpur,CWC,9,Uttar Pradesh,185,SULTANPUR,DUBEY PUR,DUBEY PUR,Sultanpur,Ganga,Ganga,Gomti,-,-,Gomti,26.27527778,82.06670000,25-04-2026 07:00,NaN
3005,Sultanpur,CWC,9,Uttar Pradesh,185,SULTANPUR,DUBEY PUR,DUBEY PUR,Sultanpur,Ganga,Ganga,Gomti,-,-,Gomti,26.27527778,82.06670000,25-04-2026 08:00,NaN
3006,Sultanpur,CWC,9,Uttar Pradesh,185,SULTANPUR,DUBEY PUR,DUBEY PUR,Sultanpur,Ganga,Ganga,Gomti,-,-,Gomti,26.27527778,82.06670000,25-04-2026 09:00,NaN
3007,Sultanpur,CWC,9,Uttar Pradesh,185,SULTANPUR,DUBEY PUR,DUBEY PUR,Sultanpur,Ganga,Ganga,Gomti,-,-,Gomti,26.27527778,82.06670000,25-04-2026 10:00,NaN
3008,Sultanpur,CWC,9,Uttar Pradesh,185,SULTANPUR,DUBEY PUR,DUBEY PUR,Sultanpur,Ganga,Ganga,Gomti,-,-,Gomti,26.27527778,82.06670000,25-04-2026 11:00,NaN
3009,Sultanpur,CWC,9,Uttar Pradesh,185,SULTANPUR,DUBEY PUR,DUBEY PUR,Sultanpur,Ganga,Ganga,Gomti,-,-,Gomti,26.27527778,82.06670000,25-04-2026 12:00,NaN
3010,Sultanpur,CWC,9,Uttar Pradesh,185,SULTANPUR,DUBEY PUR,DUBEY PUR,Sultanpur,Ganga,Ganga,Gomti,-,-,Gomti,26.27527778,82.06670000,26-04-2026 01:00,NaN
3011,Sultanpur,CWC,9,Uttar Pradesh,185,SULTANPUR,DUBEY PUR,DUBEY PUR,Sultanpur,Ganga,Ganga,Gomti,-,-,Gomti,26.27527778,82.06670000,26-04-2026 02:00,NaN
3012,Sultanpur,CWC,9,Uttar Pradesh,185,SULTANPUR,DUBEY PUR,DUBEY PUR,Sultanpur,Ganga,Ganga,Gomti,-,-,Gomti,26.27527778,82.06670000,26-04-2026 03:00,NaN
3013,Sultanpur,CWC,9,Uttar Pradesh,185,SULTANPUR,DUBEY PUR,DUBEY PUR,Sultanpur,Ganga,Ganga,Gomti,-,-,Gomti,26.27527778,82.06670000,26-04-2026 04:00,NaN
3014,Sultanpur,CWC,9,Uttar Pradesh,185,SULTANPUR,DUBEY PUR,DUBEY PUR,Sultanpur,Ganga,Ganga,Gomti,-,-,Gomti,26.27527778,82.06670000,26-04-2026 05:00,NaN
3015,Sultanpur,CWC,9,Uttar Pradesh,185,SULTANPUR,DUBEY PUR,DUBEY PUR,Sultanpur,Ganga,Ganga,Gomti,-,-,Gomti,26.27527778,82.06670000,26-04-2026 06:00,NaN
3016,Sultanpur,CWC,9,Uttar Pradesh,185,SULTANPUR,DUBEY PUR,DUBEY PUR,Sultanpur,Ganga,Ganga,Gomti,-,-,Gomti,26.27527778,82.06670000,26-04-2026 07:00,NaN
3017,Sultanpur,CWC,9,Uttar Pradesh,185,SULTANPUR,DUBEY PUR,DUBEY PUR,Sultanpur,Ganga,Ganga,Gomti,-,-,Gomti,26.27527778,82.06670000,26-04-2026 08:00,NaN
3018,Sultanpur,CWC,9,Uttar Pradesh,185,SULTANPUR,DUBEY PUR,DUBEY PUR,Sultanpur,Ganga,Ganga,Gomti,-,-,Gomti,26.27527778,82.06670000,26-04-2026 09:00,NaN
3019,Sultanpur,CWC,9,Uttar Pradesh,185,SULTANPUR,DUBEY PUR,DUBEY PUR,Sultanpur,Ganga,Ganga,Gomti,-,-,Gomti,26.27527778,82.06670000,26-04-2026 10:00,NaN
3020,Sultanpur,CWC,9,Uttar Pradesh,185,SULTANPUR,DUBEY PUR,DUBEY PUR,Sultanpur,Ganga,Ganga,Gomti,-,-,Gomti,26.27527778,82.06670000,26-04-2026 11:00,NaN
3021,Sultanpur,CWC,9,Uttar Pradesh,185,SULTANPUR,DUBEY PUR,DUBEY PUR,Sultanpur,Ganga,Ganga,Gomti,-,-,Gomti,26.27527778,82.06670000,26-04-2026 12:00,NaN
3022,Sultanpur,CWC,9,Uttar Pradesh,185,SULTANPUR,DUBEY PUR,DUBEY PUR,Sultanpur,Ganga,Ganga,Gomti,-,-,Gomti,26.27527778,82.06670000,26-04-2026 13:00,NaN
3023,Sultanpur,CWC,9,Uttar Pradesh,185,SULTANPUR,DUBEY PUR,DUBEY PUR,Sultanpur,Ganga,Ganga,Gomti,-,-,Gomti,26.27527778,82.06670000,27-04-2026 01:00,NaN
3024,Sultanpur,CWC,9,Uttar Pradesh,185,SULTANPUR,DUBEY PUR,DUBEY PUR,Sultanpur,Ganga,Ganga,Gomti,-,-,Gomti,26.27527778,82.06670000,27-04-2026 02:00,NaN
3025,Sultanpur,CWC,9,Uttar Pradesh,185,SULTANPUR,DUBEY PUR,DUBEY PUR,Sultanpur,Ganga,Ganga,Gomti,-,-,Gomti,26.27527778,82.06670000,27-04-2026 03:00,NaN
3026,Sultanpur,CWC,9,Uttar Pradesh,185,SULTANPUR,DUBEY PUR,DUBEY PUR,Sultanpur,Ganga,Ganga,Gomti,-,-,Gomti,26.27527778,82.06670000,27-04-2026 04:00,NaN
3027,Sultanpur,CWC,9,Uttar Pradesh,185,SULTANPUR,DUBEY PUR,DUBEY PUR,Sultanpur,Ganga,Ganga,Gomti,-,-,Gomti,26.27527778,82.06670000,27-04-2026 05:00,NaN
3028,Sultanpur,CWC,9,Uttar Pradesh,185,SULTANPUR,DUBEY PUR,DUBEY PUR,Sultanpur,Ganga,Ganga,Gomti,-,-,Gomti,26.27527778,82.06670000,27-04-2026 06:00,NaN
3029,Sultanpur,CWC,9,Uttar Pradesh,185,SULTANPUR,DUBEY PUR,DUBEY PUR,Sultanpur,Ganga,Ganga,Gomti,-,-,Gomti,26.27527778,82.06670000,27-04-2026 07:00,NaN
3030,Sultanpur,CWC,9,Uttar Pradesh,185,SULTANPUR,DUBEY PUR,DUBEY PUR,Sultanpur,Ganga,Ganga,Gomti,-,-,Gomti,26.27527778,82.06670000,27-04-2026 08:00,NaN
3031,Sultanpur,CWC,9,Uttar Pradesh,185,SULTANPUR,DUBEY PUR,DUBEY PUR,Sultanpur,Ganga,Ganga,Gomti,-,-,Gomti,26.27527778,82.06670000,27-04-2026 09:00,NaN
3032,Sultanpur,CWC,9,Uttar Pradesh,185,SULTANPUR,DUBEY PUR,DUBEY PUR,Sultanpur,Ganga,Ganga,Gomti,-,-,Gomti,26.27527778,82.06670000,27-04-2026 10:00,NaN
3033,Sultanpur,CWC,9,Uttar Pradesh,185,SULTANPUR,DUBEY PUR,DUBEY PUR,Sultanpur,Ganga,Ganga,Gomti,-,-,Gomti,26.27527778,82.06670000,27-04-2026 11:00,NaN
3034,Sultanpur,CWC,9,Uttar Pradesh,185,SULTANPUR,DUBEY PUR,DUBEY PUR,Sultanpur,Ganga,Ganga,Gomti,-,-,Gomti,26.27527778,82.06670000,27-04-2026 12:00,NaN
3035,Sultanpur,CWC,9,Uttar Pradesh,185,SULTANPUR,DUBEY PUR,DUBEY PUR,Sultanpur,Ganga,Ganga,Gomti,-,-,Gomti,26.27527778,82.06670000,28-04-2026 00:00,NaN
3036,Sultanpur,CWC,9,Uttar Pradesh,185,SULTANPUR,DUBEY PUR,DUBEY PUR,Sultanpur,Ganga,Ganga,Gomti,-,-,Gomti,26.27527778,82.06670000,28-04-2026 01:00,NaN
3037,Sultanpur,CWC,9,Uttar Pradesh,185,SULTANPUR,DUBEY PUR,DUBEY PUR,Sultanpur,Ganga,Ganga,Gomti,-,-,Gomti,26.27527778,82.06670000,28-04-2026 02:00,NaN
3038,Sultanpur,CWC,9,Uttar Pradesh,185,SULTANPUR,DUBEY PUR,DUBEY PUR,Sultanpur,Ganga,Ganga,Gomti,-,-,Gomti,26.27527778,82.06670000,28-04-2026 03:00,NaN
3039,Sultanpur,CWC,9,Uttar Pradesh,185,SULTANPUR,DUBEY PUR,DUBEY PUR,Sultanpur,Ganga,Ganga,Gomti,-,-,Gomti,26.27527778,82.06670000,28-04-2026 04:00,NaN
3040,Sultanpur,CWC,9,Uttar Pradesh,185,SULTANPUR,DUBEY PUR,DUBEY PUR,Sultanpur,Ganga,Ganga,Gomti,-,-,Gomti,26.27527778,82.06670000,28-04-2026 05:00,NaN
3041,Sultanpur,CWC,9,Uttar Pradesh,185,SULTANPUR,DUBEY PUR,DUBEY PUR,Sultanpur,Ganga,Ganga,Gomti,-,-,Gomti,26.27527778,82.06670000,28-04-2026 06:00,NaN
3042,Sultanpur,CWC,9,Uttar Pradesh,185,SULTANPUR,DUBEY PUR,DUBEY PUR,Sultanpur,Ganga,Ganga,Gomti,-,-,Gomti,26.27527778,82.06670000,28-04-2026 08:00,NaN
3043,Sultanpur,CWC,9,Uttar Pradesh,185,SULTANPUR,DUBEY PUR,DUBEY PUR,Sultanpur,Ganga,Ganga,Gomti,-,-,Gomti,26.27527778,82.06670000,28-04-2026 09:00,NaN
3044,Sultanpur,CWC,9,Uttar Pradesh,185,SULTANPUR,DUBEY PUR,DUBEY PUR,Sultanpur,Ganga,Ganga,Gomti,-,-,Gomti,26.27527778,82.06670000,28-04-2026 10:00,NaN
3045,Sultanpur,CWC,9,Uttar Pradesh,185,SULTANPUR,DUBEY PUR,DUBEY PUR,Sultanpur,Ganga,Ganga,Gomti,-,-,Gomti,26.27527778,82.06670000,28-04-2026 11:00,NaN
3046,Sultanpur,CWC,9,Uttar Pradesh,185,SULTANPUR,DUBEY PUR,DUBEY PUR,Sultanpur,Ganga,Ganga,Gomti,-,-,Gomti,26.27527778,82.06670000,28-04-2026 12:00,NaN
3047,Sultanpur,CWC,9,Uttar Pradesh,185,SULTANPUR,DUBEY PUR,DUBEY PUR,Sultanpur,Ganga,Ganga,Gomti,-,-,Gomti,26.27527778,82.06670000,28-04-2026 13:00,NaN
3048,Sultanpur,CWC,9,Uttar Pradesh,185,SULTANPUR,DUBEY PUR,DUBEY PUR,Sultanpur,Ganga,Ganga,Gomti,-,-,Gomti,26.27527778,82.06670000,28-04-2026 14:00,NaN
3049,Sultanpur,CWC,9,Uttar Pradesh,185,SULTANPUR,DUBEY PUR,DUBEY PUR,Sultanpur,Ganga,Ganga,Gomti,-,-,Gomti,26.27527778,82.06670000,28-04-2026 15:00,NaN
3050,Sultanpur,CWC,9,Uttar Pradesh,185,SULTANPUR,DUBEY PUR,DUBEY PUR,Sultanpur,Ganga,Ganga,Gomti,-,-,Gomti,26.27527778,82.06670000,29-04-2026 00:00,NaN
3051,Sultanpur,CWC,9,Uttar Pradesh,185,SULTANPUR,DUBEY PUR,DUBEY PUR,Sultanpur,Ganga,Ganga,Gomti,-,-,Gomti,26.27527778,82.06670000,29-04-2026 01:00,NaN
3052,Sultanpur,CWC,9,Uttar Pradesh,185,SULTANPUR,DUBEY PUR,DUBEY PUR,Sultanpur,Ganga,Ganga,Gomti,-,-,Gomti,26.27527778,82.06670000,29-04-2026 02:00,NaN
3053,Sultanpur,CWC,9,Uttar Pradesh,185,SULTANPUR,DUBEY PUR,DUBEY PUR,Sultanpur,Ganga,Ganga,Gomti,-,-,Gomti,26.27527778,82.06670000,29-04-2026 03:00,NaN
3054,Sultanpur,CWC,9,Uttar Pradesh,185,SULTANPUR,DUBEY PUR,DUBEY PUR,Sultanpur,Ganga,Ganga,Gomti,-,-,Gomti,26.27527778,82.06670000,29-04-2026 04:00,NaN
3055,Sultanpur,CWC,9,Uttar Pradesh,185,SULTANPUR,DUBEY PUR,DUBEY PUR,Sultanpur,Ganga,Ganga,Gomti,-,-,Gomti,26.27527778,82.06670000,29-04-2026 05:00,NaN
3056,Sultanpur,CWC,9,Uttar Pradesh,185,SULTANPUR,DUBEY PUR,DUBEY PUR,Sultanpur,Ganga,Ganga,Gomti,-,-,Gomti,26.27527778,82.06670000,29-04-2026 07:00,NaN
3057,Sultanpur,CWC,9,Uttar Pradesh,185,SULTANPUR,DUBEY PUR,DUBEY PUR,Sultanpur,Ganga,Ganga,Gomti,-,-,Gomti,26.27527778,82.06670000,29-04-2026 08:00,NaN
3058,Sultanpur,CWC,9,Uttar Pradesh,185,SULTANPUR,DUBEY PUR,DUBEY PUR,Sultanpur,Ganga,Ganga,Gomti,-,-,Gomti,26.27527778,82.06670000,29-04-2026 09:00,NaN
3059,Sultanpur,CWC,9,Uttar Pradesh,185,SULTANPUR,DUBEY PUR,DUBEY PUR,Sultanpur,Ganga,Ganga,Gomti,-,-,Gomti,26.27527778,82.06670000,29-04-2026 10:00,NaN
3060,Sultanpur,CWC,9,Uttar Pradesh,185,SULTANPUR,DUBEY PUR,DUBEY PUR,Sultanpur,Ganga,Ganga,Gomti,-,-,Gomti,26.27527778,82.06670000,29-04-2026 11:00,NaN
3061,Sultanpur,CWC,9,Uttar Pradesh,185,SULTANPUR,DUBEY PUR,DUBEY PUR,Sultanpur,Ganga,Ganga,Gomti,-,-,Gomti,26.27527778,82.06670000,29-04-2026 12:00,NaN
3062,Sultanpur,CWC,9,Uttar Pradesh,185,SULTANPUR,DUBEY PUR,DUBEY PUR,Sultanpur,Ganga,Ganga,Gomti,-,-,Gomti,26.27527778,82.06670000,29-04-2026 13:00,NaN
3063,Sultanpur,CWC,9,Uttar Pradesh,185,SULTANPUR,DUBEY PUR,DUBEY PUR,Sultanpur,Ganga,Ganga,Gomti,-,-,Gomti,26.27527778,82.06670000,29-04-2026 14:00,NaN
3064,Sultanpur,CWC,9,Uttar Pradesh,185,SULTANPUR,DUBEY PUR,DUBEY PUR,Sultanpur,Ganga,Ganga,Gomti,-,-,Gomti,26.27527778,82.06670000,29-04-2026 15:00,NaN
3065,Sultanpur,CWC,9,Uttar Pradesh,185,SULTANPUR,DUBEY PUR,DUBEY PUR,Sultanpur,Ganga,Ganga,Gomti,-,-,Gomti,26.27527778,82.06670000,29-04-2026 16:00,NaN
3066,Sultanpur,CWC,9,Uttar Pradesh,185,SULTANPUR,DUBEY PUR,DUBEY PUR,Sultanpur,Ganga,Ganga,Gomti,-,-,Gomti,26.27527778,82.06670000,29-04-2026 17:00,NaN
3067,Sultanpur,CWC,9,Uttar Pradesh,185,SULTANPUR,DUBEY PUR,DUBEY PUR,Sultanpur,Ganga,Ganga,Gomti,-,-,Gomti,26.27527778,82.06670000,29-04-2026 18:00,NaN
3068,Sultanpur,CWC,9,Uttar Pradesh,185,SULTANPUR,DUBEY PUR,DUBEY PUR,Sultanpur,Ganga,Ganga,Gomti,-,-,Gomti,26.27527778,82.06670000,29-04-2026 19:00,NaN
3069,Sultanpur,CWC,9,Uttar Pradesh,185,SULTANPUR,DUBEY PUR,DUBEY PUR,Sultanpur,Ganga,Ganga,Gomti,-,-,Gomti,26.27527778,82.06670000,29-04-2026 20:00,NaN
3070,Sultanpur,CWC,9,Uttar Pradesh,185,SULTANPUR,DUBEY PUR,DUBEY PUR,Sultanpur,Ganga,Ganga,Gomti,-,-,Gomti,26.27527778,82.06670000,29-04-2026 21:00,NaN
3071,Sultanpur,CWC,9,Uttar Pradesh,185,SULTANPUR,DUBEY PUR,DUBEY PUR,Sultanpur,Ganga,Ganga,Gomti,-,-,Gomti,26.27527778,82.06670000,29-04-2026 22:00,NaN
3072,Sultanpur,CWC,9,Uttar Pradesh,185,SULTANPUR,DUBEY PUR,DUBEY PUR,Sultanpur,Ganga,Ganga,Gomti,-,-,Gomti,26.27527778,82.06670000,29-04-2026 23:00,NaN
3073,Sultanpur,CWC,9,Uttar Pradesh,185,SULTANPUR,DUBEY PUR,DUBEY PUR,Sultanpur,Ganga,Ganga,Gomti,-,-,Gomti,26.27527778,82.06670000,01-05-2026 03:00,NaN
3074,Sultanpur,CWC,9,Uttar Pradesh,185,SULTANPUR,DUBEY PUR,DUBEY PUR,Sultanpur,Ganga,Ganga,Gomti,-,-,Gomti,26.27527778,82.06670000,01-05-2026 09:00,NaN
3075,Sultanpur,CWC,9,Uttar Pradesh,185,SULTANPUR,DUBEY PUR,DUBEY PUR,Sultanpur,Ganga,Ganga,Gomti,-,-,Gomti,26.27527778,82.06670000,01-05-2026 13:00,NaN
3076,Sultanpur,CWC,9,Uttar Pradesh,185,SULTANPUR,DUBEY PUR,DUBEY PUR,Sultanpur,Ganga,Ganga,Gomti,-,-,Gomti,26.27527778,82.06670000,01-05-2026 18:00,NaN
3077,Sultanpur,CWC,9,Uttar Pradesh,185,SULTANPUR,DUBEY PUR,DUBEY PUR,Sultanpur,Ganga,Ganga,Gomti,-,-,Gomti,26.27527778,82.06670000,01-05-2026 19:00,NaN
3078,Sultanpur,CWC,9,Uttar Pradesh,185,SULTANPUR,DUBEY PUR,DUBEY PUR,Sultanpur,Ganga,Ganga,Gomti,-,-,Gomti,26.27527778,82.06670000,01-05-2026 20:00,NaN
3079,Sultanpur,CWC,9,Uttar Pradesh,185,SULTANPUR,DUBEY PUR,DUBEY PUR,Sultanpur,Ganga,Ganga,Gomti,-,-,Gomti,26.27527778,82.06670000,01-05-2026 21:00,NaN
3080,Sultanpur,CWC,9,Uttar Pradesh,185,SULTANPUR,DUBEY PUR,DUBEY PUR,Sultanpur,Ganga,Ganga,Gomti,-,-,Gomti,26.27527778,82.06670000,01-05-2026 22:00,NaN
3081,Sultanpur,CWC,9,Uttar Pradesh,185,SULTANPUR,DUBEY PUR,DUBEY PUR,Sultanpur,Ganga,Ganga,Gomti,-,-,Gomti,26.27527778,82.06670000,01-05-2026 23:00,NaN
3082,Sultanpur,CWC,9,Uttar Pradesh,185,SULTANPUR,DUBEY PUR,DUBEY PUR,Sultanpur,Ganga,Ganga,Gomti,-,-,Gomti,26.27527778,82.06670000,02-05-2026 00:00,NaN
3083,Sultanpur,CWC,9,Uttar Pradesh,185,SULTANPUR,DUBEY PUR,DUBEY PUR,Sultanpur,Ganga,Ganga,Gomti,-,-,Gomti,26.27527778,82.06670000,02-05-2026 01:00,NaN
3084,Sultanpur,CWC,9,Uttar Pradesh,185,SULTANPUR,DUBEY PUR,DUBEY PUR,Sultanpur,Ganga,Ganga,Gomti,-,-,Gomti,26.27527778,82.06670000,02-05-2026 02:00,NaN
3085,Sultanpur,CWC,9,Uttar Pradesh,185,SULTANPUR,DUBEY PUR,DUBEY PUR,Sultanpur,Ganga,Ganga,Gomti,-,-,Gomti,26.27527778,82.06670000,02-05-2026 03:00,NaN
3086,Sultanpur,CWC,9,Uttar Pradesh,185,SULTANPUR,DUBEY PUR,DUBEY PUR,Sultanpur,Ganga,Ganga,Gomti,-,-,Gomti,26.27527778,82.06670000,02-05-2026 05:00,NaN
3087,Sultanpur,CWC,9,Uttar Pradesh,185,SULTANPUR,DUBEY PUR,DUBEY PUR,Sultanpur,Ganga,Ganga,Gomti,-,-,Gomti,26.27527778,82.06670000,02-05-2026 06:00,NaN
3088,Sultanpur,CWC,9,Uttar Pradesh,185,SULTANPUR,DUBEY PUR,DUBEY PUR,Sultanpur,Ganga,Ganga,Gomti,-,-,Gomti,26.27527778,82.06670000,02-05-2026 07:00,NaN
3089,Sultanpur,CWC,9,Uttar Pradesh,185,SULTANPUR,DUBEY PUR,DUBEY PUR,Sultanpur,Ganga,Ganga,Gomti,-,-,Gomti,26.27527778,82.06670000,02-05-2026 09:00,NaN
3090,Sultanpur,CWC,9,Uttar Pradesh,185,SULTANPUR,DUBEY PUR,DUBEY PUR,Sultanpur,Ganga,Ganga,Gomti,-,-,Gomti,26.27527778,82.06670000,02-05-2026 10:00,NaN
3091,Sultanpur,CWC,9,Uttar Pradesh,185,SULTANPUR,DUBEY PUR,DUBEY PUR,Sultanpur,Ganga,Ganga,Gomti,-,-,Gomti,26.27527778,82.06670000,10-05-2026 00:00,NaN
3092,Sultanpur,CWC,9,Uttar Pradesh,185,SULTANPUR,DUBEY PUR,DUBEY PUR,Sultanpur,Ganga,Ganga,Gomti,-,-,Gomti,26.27527778,82.06670000,10-05-2026 01:00,NaN
3093,Sultanpur,CWC,9,Uttar Pradesh,185,SULTANPUR,DUBEY PUR,DUBEY PUR,Sultanpur,Ganga,Ganga,Gomti,-,-,Gomti,26.27527778,82.06670000,10-05-2026 02:00,NaN
3094,Sultanpur,CWC,9,Uttar Pradesh,185,SULTANPUR,DUBEY PUR,DUBEY PUR,Sultanpur,Ganga,Ganga,Gomti,-,-,Gomti,26.27527778,82.06670000,10-05-2026 03:00,NaN
3095,Sultanpur,CWC,9,Uttar Pradesh,185,SULTANPUR,DUBEY PUR,DUBEY PUR,Sultanpur,Ganga,Ganga,Gomti,-,-,Gomti,26.27527778,82.06670000,10-05-2026 04:00,NaN
3096,Sultanpur,CWC,9,Uttar Pradesh,185,SULTANPUR,DUBEY PUR,DUBEY PUR,Sultanpur,Ganga,Ganga,Gomti,-,-,Gomti,26.27527778,82.06670000,10-05-2026 05:00,NaN
3097,Sultanpur,CWC,9,Uttar Pradesh,185,SULTANPUR,DUBEY PUR,DUBEY PUR,Sultanpur,Ganga,Ganga,Gomti,-,-,Gomti,26.27527778,82.06670000,10-05-2026 06:00,NaN
3098,Sultanpur,CWC,9,Uttar Pradesh,185,SULTANPUR,DUBEY PUR,DUBEY PUR,Sultanpur,Ganga,Ganga,Gomti,-,-,Gomti,26.27527778,82.06670000,10-05-2026 07:00,NaN
3099,Sultanpur,CWC,9,Uttar Pradesh,185,SULTANPUR,DUBEY PUR,DUBEY PUR,Sultanpur,Ganga,Ganga,Gomti,-,-,Gomti,26.27527778,82.06670000,10-05-2026 08:00,NaN
3100,Sultanpur,CWC,9,Uttar Pradesh,185,SULTANPUR,DUBEY PUR,DUBEY PUR,Sultanpur,Ganga,Ganga,Gomti,-,-,Gomti,26.27527778,82.06670000,10-05-2026 09:00,NaN
3101,Sultanpur,CWC,9,Uttar Pradesh,185,SULTANPUR,DUBEY PUR,DUBEY PUR,Sultanpur,Ganga,Ganga,Gomti,-,-,Gomti,26.27527778,82.06670000,10-05-2026 10:00,NaN
3102,Sultanpur,CWC,9,Uttar Pradesh,185,SULTANPUR,DUBEY PUR,DUBEY PUR,Sultanpur,Ganga,Ganga,Gomti,-,-,Gomti,26.27527778,82.06670000,10-05-2026 11:00,NaN
3103,Sultanpur,CWC,9,Uttar Pradesh,185,SULTANPUR,DUBEY PUR,DUBEY PUR,Sultanpur,Ganga,Ganga,Gomti,-,-,Gomti,26.27527778,82.06670000,10-05-2026 12:00,NaN
3104,Sultanpur,CWC,9,Uttar Pradesh,185,SULTANPUR,DUBEY PUR,DUBEY PUR,Sultanpur,Ganga,Ganga,Gomti,-,-,Gomti,26.27527778,82.06670000,10-05-2026 13:00,NaN
3105,Sultanpur,CWC,9,Uttar Pradesh,185,SULTANPUR,DUBEY PUR,DUBEY PUR,Sultanpur,Ganga,Ganga,Gomti,-,-,Gomti,26.27527778,82.06670000,10-05-2026 14:00,NaN
3106,Sultanpur,CWC,9,Uttar Pradesh,185,SULTANPUR,DUBEY PUR,DUBEY PUR,Sultanpur,Ganga,Ganga,Gomti,-,-,Gomti,26.27527778,82.06670000,11-05-2026 00:00,NaN
3107,Sultanpur,CWC,9,Uttar Pradesh,185,SULTANPUR,DUBEY PUR,DUBEY PUR,Sultanpur,Ganga,Ganga,Gomti,-,-,Gomti,26.27527778,82.06670000,11-05-2026 01:00,NaN
3108,Sultanpur,CWC,9,Uttar Pradesh,185,SULTANPUR,DUBEY PUR,DUBEY PUR,Sultanpur,Ganga,Ganga,Gomti,-,-,Gomti,26.27527778,82.06670000,11-05-2026 02:00,NaN
3109,Sultanpur,CWC,9,Uttar Pradesh,185,SULTANPUR,DUBEY PUR,DUBEY PUR,Sultanpur,Ganga,Ganga,Gomti,-,-,Gomti,26.27527778,82.06670000,11-05-2026 03:00,NaN
3110,Sultanpur,CWC,9,Uttar Pradesh,185,SULTANPUR,DUBEY PUR,DUBEY PUR,Sultanpur,Ganga,Ganga,Gomti,-,-,Gomti,26.27527778,82.06670000,11-05-2026 04:00,NaN
3111,Sultanpur,CWC,9,Uttar Pradesh,185,SULTANPUR,DUBEY PUR,DUBEY PUR,Sultanpur,Ganga,Ganga,Gomti,-,-,Gomti,26.27527778,82.06670000,11-05-2026 05:00,NaN
3112,Sultanpur,CWC,9,Uttar Pradesh,185,SULTANPUR,DUBEY PUR,DUBEY PUR,Sultanpur,Ganga,Ganga,Gomti,-,-,Gomti,26.27527778,82.06670000,11-05-2026 06:00,NaN
3113,Sultanpur,CWC,9,Uttar Pradesh,185,SULTANPUR,DUBEY PUR,DUBEY PUR,Sultanpur,Ganga,Ganga,Gomti,-,-,Gomti,26.27527778,82.06670000,11-05-2026 07:00,NaN
3114,Sultanpur,CWC,9,Uttar Pradesh,185,SULTANPUR,DUBEY PUR,DUBEY PUR,Sultanpur,Ganga,Ganga,Gomti,-,-,Gomti,26.27527778,82.06670000,11-05-2026 08:00,NaN
3115,Sultanpur,CWC,9,Uttar Pradesh,185,SULTANPUR,DUBEY PUR,DUBEY PUR,Sultanpur,Ganga,Ganga,Gomti,-,-,Gomti,26.27527778,82.06670000,11-05-2026 09:00,NaN
3116,Sultanpur,CWC,9,Uttar Pradesh,185,SULTANPUR,DUBEY PUR,DUBEY PUR,Sultanpur,Ganga,Ganga,Gomti,-,-,Gomti,26.27527778,82.06670000,11-05-2026 10:00,NaN
3117,Sultanpur,CWC,9,Uttar Pradesh,185,SULTANPUR,DUBEY PUR,DUBEY PUR,Sultanpur,Ganga,Ganga,Gomti,-,-,Gomti,26.27527778,82.06670000,11-05-2026 14:00,NaN
3118,Sultanpur,CWC,9,Uttar Pradesh,185,SULTANPUR,DUBEY PUR,DUBEY PUR,Sultanpur,Ganga,Ganga,Gomti,-,-,Gomti,26.27527778,82.06670000,11-05-2026 15:00,NaN
3119,Sultanpur,CWC,9,Uttar Pradesh,185,SULTANPUR,DUBEY PUR,DUBEY PUR,Sultanpur,Ganga,Ganga,Gomti,-,-,Gomti,26.27527778,82.06670000,12-05-2026 00:00,NaN
3120,Sultanpur,CWC,9,Uttar Pradesh,185,SULTANPUR,DUBEY PUR,DUBEY PUR,Sultanpur,Ganga,Ganga,Gomti,-,-,Gomti,26.27527778,82.06670000,12-05-2026 01:00,NaN
3121,Sultanpur,CWC,9,Uttar Pradesh,185,SULTANPUR,DUBEY PUR,DUBEY PUR,Sultanpur,Ganga,Ganga,Gomti,-,-,Gomti,26.27527778,82.06670000,12-05-2026 02:00,NaN
3122,Sultanpur,CWC,9,Uttar Pradesh,185,SULTANPUR,DUBEY PUR,DUBEY PUR,Sultanpur,Ganga,Ganga,Gomti,-,-,Gomti,26.27527778,82.06670000,12-05-2026 03:00,NaN
3123,Sultanpur,CWC,9,Uttar Pradesh,185,SULTANPUR,DUBEY PUR,DUBEY PUR,Sultanpur,Ganga,Ganga,Gomti,-,-,Gomti,26.27527778,82.06670000,12-05-2026 04:00,NaN
3124,Sultanpur,CWC,9,Uttar Pradesh,185,SULTANPUR,DUBEY PUR,DUBEY PUR,Sultanpur,Ganga,Ganga,Gomti,-,-,Gomti,26.27527778,82.06670000,12-05-2026 06:00,NaN
3125,Sultanpur,CWC,9,Uttar Pradesh,185,SULTANPUR,DUBEY PUR,DUBEY PUR,Sultanpur,Ganga,Ganga,Gomti,-,-,Gomti,26.27527778,82.06670000,12-05-2026 07:00,NaN
3126,Sultanpur,CWC,9,Uttar Pradesh,185,SULTANPUR,DUBEY PUR,DUBEY PUR,Sultanpur,Ganga,Ganga,Gomti,-,-,Gomti,26.27527778,82.06670000,12-05-2026 08:00,NaN
3127,Sultanpur,CWC,9,Uttar Pradesh,185,SULTANPUR,DUBEY PUR,DUBEY PUR,Sultanpur,Ganga,Ganga,Gomti,-,-,Gomti,26.27527778,82.06670000,12-05-2026 09:00,NaN
3128,Sultanpur,CWC,9,Uttar Pradesh,185,SULTANPUR,DUBEY PUR,DUBEY PUR,Sultanpur,Ganga,Ganga,Gomti,-,-,Gomti,26.27527778,82.06670000,12-05-2026 10:00,NaN
3129,Sultanpur,CWC,9,Uttar Pradesh,185,SULTANPUR,DUBEY PUR,DUBEY PUR,Sultanpur,Ganga,Ganga,Gomti,-,-,Gomti,26.27527778,82.06670000,12-05-2026 11:00,NaN
3130,Sultanpur,CWC,9,Uttar Pradesh,185,SULTANPUR,DUBEY PUR,DUBEY PUR,Sultanpur,Ganga,Ganga,Gomti,-,-,Gomti,26.27527778,82.06670000,12-05-2026 12:00,NaN
3131,Sultanpur,CWC,9,Uttar Pradesh,185,SULTANPUR,DUBEY PUR,DUBEY PUR,Sultanpur,Ganga,Ganga,Gomti,-,-,Gomti,26.27527778,82.06670000,12-05-2026 13:00,NaN
3132,Sultanpur,CWC,9,Uttar Pradesh,185,SULTANPUR,DUBEY PUR,DUBEY PUR,Sultanpur,Ganga,Ganga,Gomti,-,-,Gomti,26.27527778,82.06670000,12-05-2026 14:00,NaN
3133,Sultanpur,CWC,9,Uttar Pradesh,185,SULTANPUR,DUBEY PUR,DUBEY PUR,Sultanpur,Ganga,Ganga,Gomti,-,-,Gomti,26.27527778,82.06670000,12-05-2026 15:00,NaN
3134,Sultanpur,CWC,9,Uttar Pradesh,185,SULTANPUR,DUBEY PUR,DUBEY PUR,Sultanpur,Ganga,Ganga,Gomti,-,-,Gomti,26.27527778,82.06670000,12-05-2026 16:00,NaN
3135,Sultanpur,CWC,9,Uttar Pradesh,185,SULTANPUR,DUBEY PUR,DUBEY PUR,Sultanpur,Ganga,Ganga,Gomti,-,-,Gomti,26.27527778,82.06670000,12-05-2026 17:00,NaN
3136,Sultanpur,CWC,9,Uttar Pradesh,185,SULTANPUR,DUBEY PUR,DUBEY PUR,Sultanpur,Ganga,Ganga,Gomti,-,-,Gomti,26.27527778,82.06670000,12-05-2026 18:00,NaN
3137,Sultanpur,CWC,9,Uttar Pradesh,185,SULTANPUR,DUBEY PUR,DUBEY PUR,Sultanpur,Ganga,Ganga,Gomti,-,-,Gomti,26.27527778,82.06670000,13-05-2026 00:00,NaN
3138,Sultanpur,CWC,9,Uttar Pradesh,185,SULTANPUR,DUBEY PUR,DUBEY PUR,Sultanpur,Ganga,Ganga,Gomti,-,-,Gomti,26.27527778,82.06670000,13-05-2026 01:00,NaN
3139,Sultanpur,CWC,9,Uttar Pradesh,185,SULTANPUR,DUBEY PUR,DUBEY PUR,Sultanpur,Ganga,Ganga,Gomti,-,-,Gomti,26.27527778,82.06670000,13-05-2026 02:00,NaN
3140,Sultanpur,CWC,9,Uttar Pradesh,185,SULTANPUR,DUBEY PUR,DUBEY PUR,Sultanpur,Ganga,Ganga,Gomti,-,-,Gomti,26.27527778,82.06670000,13-05-2026 03:00,NaN
3141,Sultanpur,CWC,9,Uttar Pradesh,185,SULTANPUR,DUBEY PUR,DUBEY PUR,Sultanpur,Ganga,Ganga,Gomti,-,-,Gomti,26.27527778,82.06670000,13-05-2026 04:00,NaN
3142,Sultanpur,CWC,9,Uttar Pradesh,185,SULTANPUR,DUBEY PUR,DUBEY PUR,Sultanpur,Ganga,Ganga,Gomti,-,-,Gomti,26.27527778,82.06670000,13-05-2026 05:00,NaN
3143,Sultanpur,CWC,9,Uttar Pradesh,185,SULTANPUR,DUBEY PUR,DUBEY PUR,Sultanpur,Ganga,Ganga,Gomti,-,-,Gomti,26.27527778,82.06670000,13-05-2026 06:00,NaN
3144,Sultanpur,CWC,9,Uttar Pradesh,185,SULTANPUR,DUBEY PUR,DUBEY PUR,Sultanpur,Ganga,Ganga,Gomti,-,-,Gomti,26.27527778,82.06670000,13-05-2026 07:00,NaN
3145,Sultanpur,CWC,9,Uttar Pradesh,185,SULTANPUR,DUBEY PUR,DUBEY PUR,Sultanpur,Ganga,Ganga,Gomti,-,-,Gomti,26.27527778,82.06670000,13-05-2026 08:00,NaN
3146,Sultanpur,CWC,9,Uttar Pradesh,185,SULTANPUR,DUBEY PUR,DUBEY PUR,Sultanpur,Ganga,Ganga,Gomti,-,-,Gomti,26.27527778,82.06670000,13-05-2026 09:00,NaN
3147,Sultanpur,CWC,9,Uttar Pradesh,185,SULTANPUR,DUBEY PUR,DUBEY PUR,Sultanpur,Ganga,Ganga,Gomti,-,-,Gomti,26.27527778,82.06670000,13-05-2026 10:00,NaN
3148,Sultanpur,CWC,9,Uttar Pradesh,185,SULTANPUR,DUBEY PUR,DUBEY PUR,Sultanpur,Ganga,Ganga,Gomti,-,-,Gomti,26.27527778,82.06670000,13-05-2026 11:00,NaN
3149,Sultanpur,CWC,9,Uttar Pradesh,185,SULTANPUR,DUBEY PUR,DUBEY PUR,Sultanpur,Ganga,Ganga,Gomti,-,-,Gomti,26.27527778,82.06670000,13-05-2026 12:00,NaN
3150,Sultanpur,CWC,9,Uttar Pradesh,185,SULTANPUR,DUBEY PUR,DUBEY PUR,Sultanpur,Ganga,Ganga,Gomti,-,-,Gomti,26.27527778,82.06670000,13-05-2026 13:00,NaN
3151,Sultanpur,CWC,9,Uttar Pradesh,185,SULTANPUR,DUBEY PUR,DUBEY PUR,Sultanpur,Ganga,Ganga,Gomti,-,-,Gomti,26.27527778,82.06670000,13-05-2026 14:00,NaN
3152,Sultanpur,CWC,9,Uttar Pradesh,185,SULTANPUR,DUBEY PUR,DUBEY PUR,Sultanpur,Ganga,Ganga,Gomti,-,-,Gomti,26.27527778,82.06670000,14-05-2026 00:00,NaN
3153,Sultanpur,CWC,9,Uttar Pradesh,185,SULTANPUR,DUBEY PUR,DUBEY PUR,Sultanpur,Ganga,Ganga,Gomti,-,-,Gomti,26.27527778,82.06670000,14-05-2026 01:00,NaN
3154,Sultanpur,CWC,9,Uttar Pradesh,185,SULTANPUR,DUBEY PUR,DUBEY PUR,Sultanpur,Ganga,Ganga,Gomti,-,-,Gomti,26.27527778,82.06670000,14-05-2026 02:00,NaN
3155,Sultanpur,CWC,9,Uttar Pradesh,185,SULTANPUR,DUBEY PUR,DUBEY PUR,Sultanpur,Ganga,Ganga,Gomti,-,-,Gomti,26.27527778,82.06670000,14-05-2026 03:00,NaN
3156,Sultanpur,CWC,9,Uttar Pradesh,185,SULTANPUR,DUBEY PUR,DUBEY PUR,Sultanpur,Ganga,Ganga,Gomti,-,-,Gomti,26.27527778,82.06670000,14-05-2026 04:00,NaN
3157,Sultanpur,CWC,9,Uttar Pradesh,185,SULTANPUR,DUBEY PUR,DUBEY PUR,Sultanpur,Ganga,Ganga,Gomti,-,-,Gomti,26.27527778,82.06670000,14-05-2026 05:00,NaN
3158,Sultanpur,CWC,9,Uttar Pradesh,185,SULTANPUR,DUBEY PUR,DUBEY PUR,Sultanpur,Ganga,Ganga,Gomti,-,-,Gomti,26.27527778,82.06670000,14-05-2026 06:00,NaN
3159,Sultanpur,CWC,9,Uttar Pradesh,185,SULTANPUR,DUBEY PUR,DUBEY PUR,Sultanpur,Ganga,Ganga,Gomti,-,-,Gomti,26.27527778,82.06670000,14-05-2026 07:00,NaN
3160,Sultanpur,CWC,9,Uttar Pradesh,185,SULTANPUR,DUBEY PUR,DUBEY PUR,Sultanpur,Ganga,Ganga,Gomti,-,-,Gomti,26.27527778,82.06670000,14-05-2026 08:00,NaN
3161,Sultanpur,CWC,9,Uttar Pradesh,185,SULTANPUR,DUBEY PUR,DUBEY PUR,Sultanpur,Ganga,Ganga,Gomti,-,-,Gomti,26.27527778,82.06670000,14-05-2026 09:00,NaN
3162,Sultanpur,CWC,9,Uttar Pradesh,185,SULTANPUR,DUBEY PUR,DUBEY PUR,Sultanpur,Ganga,Ganga,Gomti,-,-,Gomti,26.27527778,82.06670000,14-05-2026 10:00,NaN
3163,Sultanpur,CWC,9,Uttar Pradesh,185,SULTANPUR,DUBEY PUR,DUBEY PUR,Sultanpur,Ganga,Ganga,Gomti,-,-,Gomti,26.27527778,82.06670000,14-05-2026 11:00,NaN
3164,Sultanpur,CWC,9,Uttar Pradesh,185,SULTANPUR,DUBEY PUR,DUBEY PUR,Sultanpur,Ganga,Ganga,Gomti,-,-,Gomti,26.27527778,82.06670000,14-05-2026 12:00,NaN
3165,Sultanpur,CWC,9,Uttar Pradesh,185,SULTANPUR,DUBEY PUR,DUBEY PUR,Sultanpur,Ganga,Ganga,Gomti,-,-,Gomti,26.27527778,82.06670000,14-05-2026 13:00,NaN
3166,Sultanpur,CWC,9,Uttar Pradesh,185,SULTANPUR,DUBEY PUR,DUBEY PUR,Sultanpur,Ganga,Ganga,Gomti,-,-,Gomti,26.27527778,82.06670000,14-05-2026 14:00,NaN
3167,Sultanpur,CWC,9,Uttar Pradesh,185,SULTANPUR,DUBEY PUR,DUBEY PUR,Sultanpur,Ganga,Ganga,Gomti,-,-,Gomti,26.27527778,82.06670000,14-05-2026 15:00,NaN
3168,Sultanpur,CWC,9,Uttar Pradesh,185,SULTANPUR,DUBEY PUR,DUBEY PUR,Sultanpur,Ganga,Ganga,Gomti,-,-,Gomti,26.27527778,82.06670000,14-05-2026 16:00,NaN
3169,Sultanpur,CWC,9,Uttar Pradesh,185,SULTANPUR,DUBEY PUR,DUBEY PUR,Sultanpur,Ganga,Ganga,Gomti,-,-,Gomti,26.27527778,82.06670000,15-05-2026 00:00,NaN
3170,Sultanpur,CWC,9,Uttar Pradesh,185,SULTANPUR,DUBEY PUR,DUBEY PUR,Sultanpur,Ganga,Ganga,Gomti,-,-,Gomti,26.27527778,82.06670000,15-05-2026 01:00,NaN
3171,Sultanpur,CWC,9,Uttar Pradesh,185,SULTANPUR,DUBEY PUR,DUBEY PUR,Sultanpur,Ganga,Ganga,Gomti,-,-,Gomti,26.27527778,82.06670000,15-05-2026 02:00,NaN
3172,Sultanpur,CWC,9,Uttar Pradesh,185,SULTANPUR,DUBEY PUR,DUBEY PUR,Sultanpur,Ganga,Ganga,Gomti,-,-,Gomti,26.27527778,82.06670000,15-05-2026 03:00,NaN
3173,Sultanpur,CWC,9,Uttar Pradesh,185,SULTANPUR,DUBEY PUR,DUBEY PUR,Sultanpur,Ganga,Ganga,Gomti,-,-,Gomti,26.27527778,82.06670000,15-05-2026 04:00,NaN
3174,Sultanpur,CWC,9,Uttar Pradesh,185,SULTANPUR,DUBEY PUR,DUBEY PUR,Sultanpur,Ganga,Ganga,Gomti,-,-,Gomti,26.27527778,82.06670000,15-05-2026 05:00,NaN
3175,Sultanpur,CWC,9,Uttar Pradesh,185,SULTANPUR,DUBEY PUR,DUBEY PUR,Sultanpur,Ganga,Ganga,Gomti,-,-,Gomti,26.27527778,82.06670000,15-05-2026 06:00,NaN
3176,Sultanpur,CWC,9,Uttar Pradesh,185,SULTANPUR,DUBEY PUR,DUBEY PUR,Sultanpur,Ganga,Ganga,Gomti,-,-,Gomti,26.27527778,82.06670000,15-05-2026 11:00,NaN
3177,Sultanpur,CWC,9,Uttar Pradesh,185,SULTANPUR,DUBEY PUR,DUBEY PUR,Sultanpur,Ganga,Ganga,Gomti,-,-,Gomti,26.27527778,82.06670000,15-05-2026 12:00,NaN
3178,Sultanpur,CWC,9,Uttar Pradesh,185,SULTANPUR,DUBEY PUR,DUBEY PUR,Sultanpur,Ganga,Ganga,Gomti,-,-,Gomti,26.27527778,82.06670000,15-05-2026 13:00,NaN
3179,Sultanpur,CWC,9,Uttar Pradesh,185,SULTANPUR,DUBEY PUR,DUBEY PUR,Sultanpur,Ganga,Ganga,Gomti,-,-,Gomti,26.27527778,82.06670000,15-05-2026 14:00,NaN
3180,Sultanpur,CWC,9,Uttar Pradesh,185,SULTANPUR,DUBEY PUR,DUBEY PUR,Sultanpur,Ganga,Ganga,Gomti,-,-,Gomti,26.27527778,82.06670000,15-05-2026 15:00,NaN
3181,Sultanpur,CWC,9,Uttar Pradesh,185,SULTANPUR,DUBEY PUR,DUBEY PUR,Sultanpur,Ganga,Ganga,Gomti,-,-,Gomti,26.27527778,82.06670000,15-05-2026 16:00,NaN
3182,Sultanpur,CWC,9,Uttar Pradesh,185,SULTANPUR,DUBEY PUR,DUBEY PUR,Sultanpur,Ganga,Ganga,Gomti,-,-,Gomti,26.27527778,82.06670000,15-05-2026 23:00,NaN
3183,Sultanpur,CWC,9,Uttar Pradesh,185,SULTANPUR,DUBEY PUR,DUBEY PUR,Sultanpur,Ganga,Ganga,Gomti,-,-,Gomti,26.27527778,82.06670000,16-05-2026 00:00,NaN
3184,Sultanpur,CWC,9,Uttar Pradesh,185,SULTANPUR,DUBEY PUR,DUBEY PUR,Sultanpur,Ganga,Ganga,Gomti,-,-,Gomti,26.27527778,82.06670000,16-05-2026 02:00,NaN
3185,Sultanpur,CWC,9,Uttar Pradesh,185,SULTANPUR,DUBEY PUR,DUBEY PUR,Sultanpur,Ganga,Ganga,Gomti,-,-,Gomti,26.27527778,82.06670000,16-05-2026 04:00,NaN
3186,Sultanpur,CWC,9,Uttar Pradesh,185,SULTANPUR,DUBEY PUR,DUBEY PUR,Sultanpur,Ganga,Ganga,Gomti,-,-,Gomti,26.27527778,82.06670000,16-05-2026 05:00,NaN
3187,Sultanpur,CWC,9,Uttar Pradesh,185,SULTANPUR,DUBEY PUR,DUBEY PUR,Sultanpur,Ganga,Ganga,Gomti,-,-,Gomti,26.27527778,82.06670000,16-05-2026 06:00,NaN
3188,Sultanpur,CWC,9,Uttar Pradesh,185,SULTANPUR,DUBEY PUR,DUBEY PUR,Sultanpur,Ganga,Ganga,Gomti,-,-,Gomti,26.27527778,82.06670000,16-05-2026 07:00,NaN
3189,Sultanpur,CWC,9,Uttar Pradesh,185,SULTANPUR,DUBEY PUR,DUBEY PUR,Sultanpur,Ganga,Ganga,Gomti,-,-,Gomti,26.27527778,82.06670000,16-05-2026 08:00,NaN
3190,Sultanpur,CWC,9,Uttar Pradesh,185,SULTANPUR,DUBEY PUR,DUBEY PUR,Sultanpur,Ganga,Ganga,Gomti,-,-,Gomti,26.27527778,82.06670000,16-05-2026 09:00,NaN
3191,Sultanpur,CWC,9,Uttar Pradesh,185,SULTANPUR,DUBEY PUR,DUBEY PUR,Sultanpur,Ganga,Ganga,Gomti,-,-,Gomti,26.27527778,82.06670000,16-05-2026 10:00,NaN
3192,Sultanpur,CWC,9,Uttar Pradesh,185,SULTANPUR,DUBEY PUR,DUBEY PUR,Sultanpur,Ganga,Ganga,Gomti,-,-,Gomti,26.27527778,82.06670000,16-05-2026 11:00,NaN
3193,Sultanpur,CWC,9,Uttar Pradesh,185,SULTANPUR,DUBEY PUR,DUBEY PUR,Sultanpur,Ganga,Ganga,Gomti,-,-,Gomti,26.27527778,82.06670000,16-05-2026 12:00,NaN
3194,Sultanpur,CWC,9,Uttar Pradesh,185,SULTANPUR,DUBEY PUR,DUBEY PUR,Sultanpur,Ganga,Ganga,Gomti,-,-,Gomti,26.27527778,82.06670000,16-05-2026 13:00,NaN
3195,Sultanpur,CWC,9,Uttar Pradesh,185,SULTANPUR,DUBEY PUR,DUBEY PUR,Sultanpur,Ganga,Ganga,Gomti,-,-,Gomti,26.27527778,82.06670000,16-05-2026 14:00,NaN
3196,Sultanpur,CWC,9,Uttar Pradesh,185,SULTANPUR,DUBEY PUR,DUBEY PUR,Sultanpur,Ganga,Ganga,Gomti,-,-,Gomti,26.27527778,82.06670000,16-05-2026 15:00,NaN
3197,Sultanpur,CWC,9,Uttar Pradesh,185,SULTANPUR,DUBEY PUR,DUBEY PUR,Sultanpur,Ganga,Ganga,Gomti,-,-,Gomti,26.27527778,82.06670000,16-05-2026 16:00,NaN
3198,Sultanpur,CWC,9,Uttar Pradesh,185,SULTANPUR,DUBEY PUR,DUBEY PUR,Sultanpur,Ganga,Ganga,Gomti,-,-,Gomti,26.27527778,82.06670000,16-05-2026 17:00,NaN
3199,Sultanpur,CWC,9,Uttar Pradesh,185,SULTANPUR,DUBEY PUR,DUBEY PUR,Sultanpur,Ganga,Ganga,Gomti,-,-,Gomti,26.27527778,82.06670000,16-05-2026 18:00,NaN
3200,Sultanpur,CWC,9,Uttar Pradesh,185,SULTANPUR,DUBEY PUR,DUBEY PUR,Sultanpur,Ganga,Ganga,Gomti,-,-,Gomti,26.27527778,82.06670000,16-05-2026 19:00,NaN
3201,Sultanpur,CWC,9,Uttar Pradesh,185,SULTANPUR,DUBEY PUR,DUBEY PUR,Sultanpur,Ganga,Ganga,Gomti,-,-,Gomti,26.27527778,82.06670000,16-05-2026 20:00,NaN
3202,Sultanpur,CWC,9,Uttar Pradesh,185,SULTANPUR,DUBEY PUR,DUBEY PUR,Sultanpur,Ganga,Ganga,Gomti,-,-,Gomti,26.27527778,82.06670000,16-05-2026 21:00,NaN
3203,Sultanpur,CWC,9,Uttar Pradesh,185,SULTANPUR,DUBEY PUR,DUBEY PUR,Sultanpur,Ganga,Ganga,Gomti,-,-,Gomti,26.27527778,82.06670000,16-05-2026 22:00,NaN
3204,Sultanpur,CWC,9,Uttar Pradesh,185,SULTANPUR,DUBEY PUR,DUBEY PUR,Sultanpur,Ganga,Ganga,Gomti,-,-,Gomti,26.27527778,82.06670000,16-05-2026 23:00,NaN
3205,Sultanpur,CWC,9,Uttar Pradesh,185,SULTANPUR,DUBEY PUR,DUBEY PUR,Sultanpur,Ganga,Ganga,Gomti,-,-,Gomti,26.27527778,82.06670000,17-05-2026 00:00,NaN
3206,Sultanpur,CWC,9,Uttar Pradesh,185,SULTANPUR,DUBEY PUR,DUBEY PUR,Sultanpur,Ganga,Ganga,Gomti,-,-,Gomti,26.27527778,82.06670000,17-05-2026 01:00,NaN
3207,Sultanpur,CWC,9,Uttar Pradesh,185,SULTANPUR,DUBEY PUR,DUBEY PUR,Sultanpur,Ganga,Ganga,Gomti,-,-,Gomti,26.27527778,82.06670000,17-05-2026 02:00,NaN
3208,Sultanpur,CWC,9,Uttar Pradesh,185,SULTANPUR,DUBEY PUR,DUBEY PUR,Sultanpur,Ganga,Ganga,Gomti,-,-,Gomti,26.27527778,82.06670000,17-05-2026 03:00,NaN
3209,Sultanpur,CWC,9,Uttar Pradesh,185,SULTANPUR,DUBEY PUR,DUBEY PUR,Sultanpur,Ganga,Ganga,Gomti,-,-,Gomti,26.27527778,82.06670000,17-05-2026 04:00,NaN
3210,Sultanpur,CWC,9,Uttar Pradesh,185,SULTANPUR,DUBEY PUR,DUBEY PUR,Sultanpur,Ganga,Ganga,Gomti,-,-,Gomti,26.27527778,82.06670000,17-05-2026 05:00,NaN
3211,Sultanpur,CWC,9,Uttar Pradesh,185,SULTANPUR,DUBEY PUR,DUBEY PUR,Sultanpur,Ganga,Ganga,Gomti,-,-,Gomti,26.27527778,82.06670000,17-05-2026 06:00,NaN
3212,Sultanpur,CWC,9,Uttar Pradesh,185,SULTANPUR,DUBEY PUR,DUBEY PUR,Sultanpur,Ganga,Ganga,Gomti,-,-,Gomti,26.27527778,82.06670000,17-05-2026 08:00,NaN
3213,Sultanpur,CWC,9,Uttar Pradesh,185,SULTANPUR,DUBEY PUR,DUBEY PUR,Sultanpur,Ganga,Ganga,Gomti,-,-,Gomti,26.27527778,82.06670000,17-05-2026 09:00,NaN
3214,Sultanpur,CWC,9,Uttar Pradesh,185,SULTANPUR,DUBEY PUR,DUBEY PUR,Sultanpur,Ganga,Ganga,Gomti,-,-,Gomti,26.27527778,82.06670000,17-05-2026 11:00,NaN
3215,Sultanpur,CWC,9,Uttar Pradesh,185,SULTANPUR,DUBEY PUR,DUBEY PUR,Sultanpur,Ganga,Ganga,Gomti,-,-,Gomti,26.27527778,82.06670000,17-05-2026 12:00,NaN
3216,Sultanpur,CWC,9,Uttar Pradesh,185,SULTANPUR,DUBEY PUR,DUBEY PUR,Sultanpur,Ganga,Ganga,Gomti,-,-,Gomti,26.27527778,82.06670000,17-05-2026 13:00,NaN
3217,Sultanpur,CWC,9,Uttar Pradesh,185,SULTANPUR,DUBEY PUR,DUBEY PUR,Sultanpur,Ganga,Ganga,Gomti,-,-,Gomti,26.27527778,82.06670000,17-05-2026 14:00,NaN
3218,Sultanpur,CWC,9,Uttar Pradesh,185,SULTANPUR,DUBEY PUR,DUBEY PUR,Sultanpur,Ganga,Ganga,Gomti,-,-,Gomti,26.27527778,82.06670000,17-05-2026 15:00,NaN
3219,Sultanpur,CWC,9,Uttar Pradesh,185,SULTANPUR,DUBEY PUR,DUBEY PUR,Sultanpur,Ganga,Ganga,Gomti,-,-,Gomti,26.27527778,82.06670000,18-05-2026 00:00,NaN
3220,Sultanpur,CWC,9,Uttar Pradesh,185,SULTANPUR,DUBEY PUR,DUBEY PUR,Sultanpur,Ganga,Ganga,Gomti,-,-,Gomti,26.27527778,82.06670000,18-05-2026 01:00,NaN
3221,Sultanpur,CWC,9,Uttar Pradesh,185,SULTANPUR,DUBEY PUR,DUBEY PUR,Sultanpur,Ganga,Ganga,Gomti,-,-,Gomti,26.27527778,82.06670000,18-05-2026 02:00,NaN
3222,Sultanpur,CWC,9,Uttar Pradesh,185,SULTANPUR,DUBEY PUR,DUBEY PUR,Sultanpur,Ganga,Ganga,Gomti,-,-,Gomti,26.27527778,82.06670000,18-05-2026 03:00,NaN
3223,Sultanpur,CWC,9,Uttar Pradesh,185,SULTANPUR,DUBEY PUR,DUBEY PUR,Sultanpur,Ganga,Ganga,Gomti,-,-,Gomti,26.27527778,82.06670000,18-05-2026 05:00,NaN
3224,Sultanpur,CWC,9,Uttar Pradesh,185,SULTANPUR,DUBEY PUR,DUBEY PUR,Sultanpur,Ganga,Ganga,Gomti,-,-,Gomti,26.27527778,82.06670000,18-05-2026 06:00,NaN
3225,Sultanpur,CWC,9,Uttar Pradesh,185,SULTANPUR,DUBEY PUR,DUBEY PUR,Sultanpur,Ganga,Ganga,Gomti,-,-,Gomti,26.27527778,82.06670000,21-05-2026 00:00,NaN
3226,Sultanpur,CWC,9,Uttar Pradesh,185,SULTANPUR,DUBEY PUR,DUBEY PUR,Sultanpur,Ganga,Ganga,Gomti,-,-,Gomti,26.27527778,82.06670000,21-05-2026 01:00,NaN
3227,Sultanpur,CWC,9,Uttar Pradesh,185,SULTANPUR,DUBEY PUR,DUBEY PUR,Sultanpur,Ganga,Ganga,Gomti,-,-,Gomti,26.27527778,82.06670000,21-05-2026 02:00,NaN
3228,Sultanpur,CWC,9,Uttar Pradesh,185,SULTANPUR,DUBEY PUR,DUBEY PUR,Sultanpur,Ganga,Ganga,Gomti,-,-,Gomti,26.27527778,82.06670000,21-05-2026 03:00,NaN
3229,Sultanpur,CWC,9,Uttar Pradesh,185,SULTANPUR,DUBEY PUR,DUBEY PUR,Sultanpur,Ganga,Ganga,Gomti,-,-,Gomti,26.27527778,82.06670000,22-05-2026 23:00,NaN
3230,Sultanpur,CWC,9,Uttar Pradesh,185,SULTANPUR,DUBEY PUR,DUBEY PUR,Sultanpur,Ganga,Ganga,Gomti,-,-,Gomti,26.27527778,82.06670000,23-05-2026 00:00,NaN
3231,Sultanpur,CWC,9,Uttar Pradesh,185,SULTANPUR,DUBEY PUR,DUBEY PUR,Sultanpur,Ganga,Ganga,Gomti,-,-,Gomti,26.27527778,82.06670000,23-05-2026 01:00,NaN
3232,Sultanpur,CWC,9,Uttar Pradesh,185,SULTANPUR,DUBEY PUR,DUBEY PUR,Sultanpur,Ganga,Ganga,Gomti,-,-,Gomti,26.27527778,82.06670000,23-05-2026 02:00,NaN
3233,Sultanpur,CWC,9,Uttar Pradesh,185,SULTANPUR,DUBEY PUR,DUBEY PUR,Sultanpur,Ganga,Ganga,Gomti,-,-,Gomti,26.27527778,82.06670000,23-05-2026 03:00,NaN
3234,Sultanpur,CWC,9,Uttar Pradesh,185,SULTANPUR,DUBEY PUR,DUBEY PUR,Sultanpur,Ganga,Ganga,Gomti,-,-,Gomti,26.27527778,82.06670000,23-05-2026 04:00,NaN
3235,Sultanpur,CWC,9,Uttar Pradesh,185,SULTANPUR,DUBEY PUR,DUBEY PUR,Sultanpur,Ganga,Ganga,Gomti,-,-,Gomti,26.27527778,82.06670000,23-05-2026 05:00,NaN
3236,Sultanpur,CWC,9,Uttar Pradesh,185,SULTANPUR,DUBEY PUR,DUBEY PUR,Sultanpur,Ganga,Ganga,Gomti,-,-,Gomti,26.27527778,82.06670000,23-05-2026 06:00,NaN
3237,Sultanpur,CWC,9,Uttar Pradesh,185,SULTANPUR,DUBEY PUR,DUBEY PUR,Sultanpur,Ganga,Ganga,Gomti,-,-,Gomti,26.27527778,82.06670000,23-05-2026 07:00,NaN
3238,Sultanpur,CWC,9,Uttar Pradesh,185,SULTANPUR,DUBEY PUR,DUBEY PUR,Sultanpur,Ganga,Ganga,Gomti,-,-,Gomti,26.27527778,82.06670000,23-05-2026 08:00,NaN
3239,Sultanpur,CWC,9,Uttar Pradesh,185,SULTANPUR,DUBEY PUR,DUBEY PUR,Sultanpur,Ganga,Ganga,Gomti,-,-,Gomti,26.27527778,82.06670000,23-05-2026 09:00,NaN
3240,Sultanpur,CWC,9,Uttar Pradesh,185,SULTANPUR,DUBEY PUR,DUBEY PUR,Sultanpur,Ganga,Ganga,Gomti,-,-,Gomti,26.27527778,82.06670000,23-05-2026 10:00,NaN
3241,Sultanpur,CWC,9,Uttar Pradesh,185,SULTANPUR,DUBEY PUR,DUBEY PUR,Sultanpur,Ganga,Ganga,Gomti,-,-,Gomti,26.27527778,82.06670000,23-05-2026 11:00,NaN
3242,Sultanpur,CWC,9,Uttar Pradesh,185,SULTANPUR,DUBEY PUR,DUBEY PUR,Sultanpur,Ganga,Ganga,Gomti,-,-,Gomti,26.27527778,82.06670000,23-05-2026 12:00,NaN
3243,Sultanpur,CWC,9,Uttar Pradesh,185,SULTANPUR,DUBEY PUR,DUBEY PUR,Sultanpur,Ganga,Ganga,Gomti,-,-,Gomti,26.27527778,82.06670000,23-05-2026 13:00,NaN
3244,Sultanpur,CWC,9,Uttar Pradesh,185,SULTANPUR,DUBEY PUR,DUBEY PUR,Sultanpur,Ganga,Ganga,Gomti,-,-,Gomti,26.27527778,82.06670000,23-05-2026 14:00,NaN
3245,Sultanpur,CWC,9,Uttar Pradesh,185,SULTANPUR,DUBEY PUR,DUBEY PUR,Sultanpur,Ganga,Ganga,Gomti,-,-,Gomti,26.27527778,82.06670000,24-05-2026 00:00,NaN
3246,Sultanpur,CWC,9,Uttar Pradesh,185,SULTANPUR,DUBEY PUR,DUBEY PUR,Sultanpur,Ganga,Ganga,Gomti,-,-,Gomti,26.27527778,82.06670000,24-05-2026 01:00,NaN
3247,Sultanpur,CWC,9,Uttar Pradesh,185,SULTANPUR,DUBEY PUR,DUBEY PUR,Sultanpur,Ganga,Ganga,Gomti,-,-,Gomti,26.27527778,82.06670000,24-05-2026 02:00,NaN
3248,Sultanpur,CWC,9,Uttar Pradesh,185,SULTANPUR,DUBEY PUR,DUBEY PUR,Sultanpur,Ganga,Ganga,Gomti,-,-,Gomti,26.27527778,82.06670000,24-05-2026 03:00,NaN
3249,Sultanpur,CWC,9,Uttar Pradesh,185,SULTANPUR,DUBEY PUR,DUBEY PUR,Sultanpur,Ganga,Ganga,Gomti,-,-,Gomti,26.27527778,82.06670000,24-05-2026 04:00,NaN
3250,Sultanpur,CWC,9,Uttar Pradesh,185,SULTANPUR,DUBEY PUR,DUBEY PUR,Sultanpur,Ganga,Ganga,Gomti,-,-,Gomti,26.27527778,82.06670000,24-05-2026 05:00,NaN
3251,Sultanpur,CWC,9,Uttar Pradesh,185,SULTANPUR,DUBEY PUR,DUBEY PUR,Sultanpur,Ganga,Ganga,Gomti,-,-,Gomti,26.27527778,82.06670000,24-05-2026 06:00,NaN
3252,Sultanpur,CWC,9,Uttar Pradesh,185,SULTANPUR,DUBEY PUR,DUBEY PUR,Sultanpur,Ganga,Ganga,Gomti,-,-,Gomti,26.27527778,82.06670000,24-05-2026 07:00,NaN
3253,Sultanpur,CWC,9,Uttar Pradesh,185,SULTANPUR,DUBEY PUR,DUBEY PUR,Sultanpur,Ganga,Ganga,Gomti,-,-,Gomti,26.27527778,82.06670000,24-05-2026 08:00,NaN
3254,Sultanpur,CWC,9,Uttar Pradesh,185,SULTANPUR,DUBEY PUR,DUBEY PUR,Sultanpur,Ganga,Ganga,Gomti,-,-,Gomti,26.27527778,82.06670000,24-05-2026 10:00,NaN
3255,Sultanpur,CWC,9,Uttar Pradesh,185,SULTANPUR,DUBEY PUR,DUBEY PUR,Sultanpur,Ganga,Ganga,Gomti,-,-,Gomti,26.27527778,82.06670000,24-05-2026 11:00,NaN
3256,Sultanpur,CWC,9,Uttar Pradesh,185,SULTANPUR,DUBEY PUR,DUBEY PUR,Sultanpur,Ganga,Ganga,Gomti,-,-,Gomti,26.27527778,82.06670000,24-05-2026 12:00,NaN
3257,Sultanpur,CWC,9,Uttar Pradesh,185,SULTANPUR,DUBEY PUR,DUBEY PUR,Sultanpur,Ganga,Ganga,Gomti,-,-,Gomti,26.27527778,82.06670000,24-05-2026 13:00,NaN
3258,Sultanpur,CWC,9,Uttar Pradesh,185,SULTANPUR,DUBEY PUR,DUBEY PUR,Sultanpur,Ganga,Ganga,Gomti,-,-,Gomti,26.27527778,82.06670000,25-05-2026 00:00,NaN
3259,Sultanpur,CWC,9,Uttar Pradesh,185,SULTANPUR,DUBEY PUR,DUBEY PUR,Sultanpur,Ganga,Ganga,Gomti,-,-,Gomti,26.27527778,82.06670000,25-05-2026 01:00,NaN
3260,Sultanpur,CWC,9,Uttar Pradesh,185,SULTANPUR,DUBEY PUR,DUBEY PUR,Sultanpur,Ganga,Ganga,Gomti,-,-,Gomti,26.27527778,82.06670000,25-05-2026 02:00,NaN
3261,Sultanpur,CWC,9,Uttar Pradesh,185,SULTANPUR,DUBEY PUR,DUBEY PUR,Sultanpur,Ganga,Ganga,Gomti,-,-,Gomti,26.27527778,82.06670000,25-05-2026 03:00,NaN
3262,Sultanpur,CWC,9,Uttar Pradesh,185,SULTANPUR,DUBEY PUR,DUBEY PUR,Sultanpur,Ganga,Ganga,Gomti,-,-,Gomti,26.27527778,82.06670000,25-05-2026 04:00,NaN
3263,Sultanpur,CWC,9,Uttar Pradesh,185,SULTANPUR,DUBEY PUR,DUBEY PUR,Sultanpur,Ganga,Ganga,Gomti,-,-,Gomti,26.27527778,82.06670000,25-05-2026 05:00,NaN
3264,Sultanpur,CWC,9,Uttar Pradesh,185,SULTANPUR,DUBEY PUR,DUBEY PUR,Sultanpur,Ganga,Ganga,Gomti,-,-,Gomti,26.27527778,82.06670000,25-05-2026 06:00,NaN
3265,Sultanpur,CWC,9,Uttar Pradesh,185,SULTANPUR,DUBEY PUR,DUBEY PUR,Sultanpur,Ganga,Ganga,Gomti,-,-,Gomti,26.27527778,82.06670000,25-05-2026 07:00,NaN
3266,Sultanpur,CWC,9,Uttar Pradesh,185,SULTANPUR,DUBEY PUR,DUBEY PUR,Sultanpur,Ganga,Ganga,Gomti,-,-,Gomti,26.27527778,82.06670000,25-05-2026 08:00,NaN
3267,Sultanpur,CWC,9,Uttar Pradesh,185,SULTANPUR,DUBEY PUR,DUBEY PUR,Sultanpur,Ganga,Ganga,Gomti,-,-,Gomti,26.27527778,82.06670000,25-05-2026 09:00,NaN
3268,Sultanpur,CWC,9,Uttar Pradesh,185,SULTANPUR,DUBEY PUR,DUBEY PUR,Sultanpur,Ganga,Ganga,Gomti,-,-,Gomti,26.27527778,82.06670000,25-05-2026 10:00,NaN
3269,Sultanpur,CWC,9,Uttar Pradesh,185,SULTANPUR,DUBEY PUR,DUBEY PUR,Sultanpur,Ganga,Ganga,Gomti,-,-,Gomti,26.27527778,82.06670000,25-05-2026 11:00,NaN
3270,Sultanpur,CWC,9,Uttar Pradesh,185,SULTANPUR,DUBEY PUR,DUBEY PUR,Sultanpur,Ganga,Ganga,Gomti,-,-,Gomti,26.27527778,82.06670000,25-05-2026 12:00,NaN
3271,Sultanpur,CWC,9,Uttar Pradesh,185,SULTANPUR,DUBEY PUR,DUBEY PUR,Sultanpur,Ganga,Ganga,Gomti,-,-,Gomti,26.27527778,82.06670000,25-05-2026 13:00,NaN
3272,Sultanpur,CWC,9,Uttar Pradesh,185,SULTANPUR,DUBEY PUR,DUBEY PUR,Sultanpur,Ganga,Ganga,Gomti,-,-,Gomti,26.27527778,82.06670000,25-05-2026 14:00,NaN
3273,Sultanpur,CWC,9,Uttar Pradesh,185,SULTANPUR,DUBEY PUR,DUBEY PUR,Sultanpur,Ganga,Ganga,Gomti,-,-,Gomti,26.27527778,82.06670000,25-05-2026 15:00,NaN
3274,Sultanpur,CWC,9,Uttar Pradesh,185,SULTANPUR,DUBEY PUR,DUBEY PUR,Sultanpur,Ganga,Ganga,Gomti,-,-,Gomti,26.27527778,82.06670000,26-05-2026 00:00,NaN
3275,Sultanpur,CWC,9,Uttar Pradesh,185,SULTANPUR,DUBEY PUR,DUBEY PUR,Sultanpur,Ganga,Ganga,Gomti,-,-,Gomti,26.27527778,82.06670000,26-05-2026 01:00,NaN
3276,Sultanpur,CWC,9,Uttar Pradesh,185,SULTANPUR,DUBEY PUR,DUBEY PUR,Sultanpur,Ganga,Ganga,Gomti,-,-,Gomti,26.27527778,82.06670000,26-05-2026 02:00,NaN
3277,Sultanpur,CWC,9,Uttar Pradesh,185,SULTANPUR,DUBEY PUR,DUBEY PUR,Sultanpur,Ganga,Ganga,Gomti,-,-,Gomti,26.27527778,82.06670000,26-05-2026 03:00,NaN
3278,Sultanpur,CWC,9,Uttar Pradesh,185,SULTANPUR,DUBEY PUR,DUBEY PUR,Sultanpur,Ganga,Ganga,Gomti,-,-,Gomti,26.27527778,82.06670000,26-05-2026 04:00,NaN
3279,Sultanpur,CWC,9,Uttar Pradesh,185,SULTANPUR,DUBEY PUR,DUBEY PUR,Sultanpur,Ganga,Ganga,Gomti,-,-,Gomti,26.27527778,82.06670000,26-05-2026 05:00,NaN
3280,Sultanpur,CWC,9,Uttar Pradesh,185,SULTANPUR,DUBEY PUR,DUBEY PUR,Sultanpur,Ganga,Ganga,Gomti,-,-,Gomti,26.27527778,82.06670000,26-05-2026 06:00,NaN
3281,Sultanpur,CWC,9,Uttar Pradesh,185,SULTANPUR,DUBEY PUR,DUBEY PUR,Sultanpur,Ganga,Ganga,Gomti,-,-,Gomti,26.27527778,82.06670000,26-05-2026 07:00,NaN
3282,Sultanpur,CWC,9,Uttar Pradesh,185,SULTANPUR,DUBEY PUR,DUBEY PUR,Sultanpur,Ganga,Ganga,Gomti,-,-,Gomti,26.27527778,82.06670000,26-05-2026 08:00,NaN
3283,Sultanpur,CWC,9,Uttar Pradesh,185,SULTANPUR,DUBEY PUR,DUBEY PUR,Sultanpur,Ganga,Ganga,Gomti,-,-,Gomti,26.27527778,82.06670000,26-05-2026 09:00,NaN
3284,Sultanpur,CWC,9,Uttar Pradesh,185,SULTANPUR,DUBEY PUR,DUBEY PUR,Sultanpur,Ganga,Ganga,Gomti,-,-,Gomti,26.27527778,82.06670000,26-05-2026 09:30,NaN
3285,Sultanpur,CWC,9,Uttar Pradesh,185,SULTANPUR,DUBEY PUR,DUBEY PUR,Sultanpur,Ganga,Ganga,Gomti,-,-,Gomti,26.27527778,82.06670000,26-05-2026 10:00,NaN
3286,Sultanpur,CWC,9,Uttar Pradesh,185,SULTANPUR,DUBEY PUR,DUBEY PUR,Sultanpur,Ganga,Ganga,Gomti,-,-,Gomti,26.27527778,82.06670000,26-05-2026 11:00,NaN
3287,Sultanpur,CWC,9,Uttar Pradesh,185,SULTANPUR,DUBEY PUR,DUBEY PUR,Sultanpur,Ganga,Ganga,Gomti,-,-,Gomti,26.27527778,82.06670000,26-05-2026 12:00,NaN
3288,Sultanpur,CWC,9,Uttar Pradesh,185,SULTANPUR,DUBEY PUR,DUBEY PUR,Sultanpur,Ganga,Ganga,Gomti,-,-,Gomti,26.27527778,82.06670000,26-05-2026 13:00,NaN
3289,Sultanpur,CWC,9,Uttar Pradesh,185,SULTANPUR,DUBEY PUR,DUBEY PUR,Sultanpur,Ganga,Ganga,Gomti,-,-,Gomti,26.27527778,82.06670000,26-05-2026 14:00,NaN
3290,Sultanpur,CWC,9,Uttar Pradesh,185,SULTANPUR,DUBEY PUR,DUBEY PUR,Sultanpur,Ganga,Ganga,Gomti,-,-,Gomti,26.27527778,82.06670000,26-05-2026 15:00,NaN
3291,Sultanpur,CWC,9,Uttar Pradesh,185,SULTANPUR,DUBEY PUR,DUBEY PUR,Sultanpur,Ganga,Ganga,Gomti,-,-,Gomti,26.27527778,82.06670000,26-05-2026 16:00,NaN
3292,Sultanpur,CWC,9,Uttar Pradesh,185,SULTANPUR,DUBEY PUR,DUBEY PUR,Sultanpur,Ganga,Ganga,Gomti,-,-,Gomti,26.27527778,82.06670000,26-05-2026 17:00,NaN
3293,Sultanpur,CWC,9,Uttar Pradesh,185,SULTANPUR,DUBEY PUR,DUBEY PUR,Sultanpur,Ganga,Ganga,Gomti,-,-,Gomti,26.27527778,82.06670000,26-05-2026 18:00,NaN
3294,Sultanpur,CWC,9,Uttar Pradesh,185,SULTANPUR,DUBEY PUR,DUBEY PUR,Sultanpur,Ganga,Ganga,Gomti,-,-,Gomti,26.27527778,82.06670000,27-05-2026 01:00,NaN
3295,Sultanpur,CWC,9,Uttar Pradesh,185,SULTANPUR,DUBEY PUR,DUBEY PUR,Sultanpur,Ganga,Ganga,Gomti,-,-,Gomti,26.27527778,82.06670000,27-05-2026 02:00,NaN
3296,Sultanpur,CWC,9,Uttar Pradesh,185,SULTANPUR,DUBEY PUR,DUBEY PUR,Sultanpur,Ganga,Ganga,Gomti,-,-,Gomti,26.27527778,82.06670000,27-05-2026 03:00,NaN
3297,Sultanpur,CWC,9,Uttar Pradesh,185,SULTANPUR,DUBEY PUR,DUBEY PUR,Sultanpur,Ganga,Ganga,Gomti,-,-,Gomti,26.27527778,82.06670000,27-05-2026 04:00,NaN
3298,Sultanpur,CWC,9,Uttar Pradesh,185,SULTANPUR,DUBEY PUR,DUBEY PUR,Sultanpur,Ganga,Ganga,Gomti,-,-,Gomti,26.27527778,82.06670000,27-05-2026 05:00,NaN
3299,Sultanpur,CWC,9,Uttar Pradesh,185,SULTANPUR,DUBEY PUR,DUBEY PUR,Sultanpur,Ganga,Ganga,Gomti,-,-,Gomti,26.27527778,82.06670000,27-05-2026 06:00,NaN
3300,Sultanpur,CWC,9,Uttar Pradesh,185,SULTANPUR,DUBEY PUR,DUBEY PUR,Sultanpur,Ganga,Ganga,Gomti,-,-,Gomti,26.27527778,82.06670000,27-05-2026 07:00,NaN
3301,Sultanpur,CWC,9,Uttar Pradesh,185,SULTANPUR,DUBEY PUR,DUBEY PUR,Sultanpur,Ganga,Ganga,Gomti,-,-,Gomti,26.27527778,82.06670000,27-05-2026 08:00,NaN
3302,Sultanpur,CWC,9,Uttar Pradesh,185,SULTANPUR,DUBEY PUR,DUBEY PUR,Sultanpur,Ganga,Ganga,Gomti,-,-,Gomti,26.27527778,82.06670000,27-05-2026 09:00,NaN
3303,Sultanpur,CWC,9,Uttar Pradesh,185,SULTANPUR,DUBEY PUR,DUBEY PUR,Sultanpur,Ganga,Ganga,Gomti,-,-,Gomti,26.27527778,82.06670000,27-05-2026 10:00,NaN
3304,Sultanpur,CWC,9,Uttar Pradesh,185,SULTANPUR,DUBEY PUR,DUBEY PUR,Sultanpur,Ganga,Ganga,Gomti,-,-,Gomti,26.27527778,82.06670000,27-05-2026 11:00,NaN
3305,Sultanpur,CWC,9,Uttar Pradesh,185,SULTANPUR,DUBEY PUR,DUBEY PUR,Sultanpur,Ganga,Ganga,Gomti,-,-,Gomti,26.27527778,82.06670000,27-05-2026 12:00,NaN
3306,Sultanpur,CWC,9,Uttar Pradesh,185,SULTANPUR,DUBEY PUR,DUBEY PUR,Sultanpur,Ganga,Ganga,Gomti,-,-,Gomti,26.27527778,82.06670000,27-05-2026 13:00,NaN
3307,Sultanpur,CWC,9,Uttar Pradesh,185,SULTANPUR,DUBEY PUR,DUBEY PUR,Sultanpur,Ganga,Ganga,Gomti,-,-,Gomti,26.27527778,82.06670000,27-05-2026 14:00,NaN
3308,Sultanpur,CWC,9,Uttar Pradesh,185,SULTANPUR,DUBEY PUR,DUBEY PUR,Sultanpur,Ganga,Ganga,Gomti,-,-,Gomti,26.27527778,82.06670000,27-05-2026 16:00,NaN
3309,Sultanpur,CWC,9,Uttar Pradesh,185,SULTANPUR,DUBEY PUR,DUBEY PUR,Sultanpur,Ganga,Ganga,Gomti,-,-,Gomti,26.27527778,82.06670000,27-05-2026 17:00,NaN
3310,Sultanpur,CWC,9,Uttar Pradesh,185,SULTANPUR,DUBEY PUR,DUBEY PUR,Sultanpur,Ganga,Ganga,Gomti,-,-,Gomti,26.27527778,82.06670000,27-05-2026 18:00,NaN
3311,Sultanpur,CWC,9,Uttar Pradesh,185,SULTANPUR,DUBEY PUR,DUBEY PUR,Sultanpur,Ganga,Ganga,Gomti,-,-,Gomti,26.27527778,82.06670000,28-05-2026 00:00,NaN
3312,Sultanpur,CWC,9,Uttar Pradesh,185,SULTANPUR,DUBEY PUR,DUBEY PUR,Sultanpur,Ganga,Ganga,Gomti,-,-,Gomti,26.27527778,82.06670000,28-05-2026 01:00,NaN
3313,Sultanpur,CWC,9,Uttar Pradesh,185,SULTANPUR,DUBEY PUR,DUBEY PUR,Sultanpur,Ganga,Ganga,Gomti,-,-,Gomti,26.27527778,82.06670000,28-05-2026 02:00,NaN
3314,Sultanpur,CWC,9,Uttar Pradesh,185,SULTANPUR,DUBEY PUR,DUBEY PUR,Sultanpur,Ganga,Ganga,Gomti,-,-,Gomti,26.27527778,82.06670000,28-05-2026 03:00,NaN
3315,Sultanpur,CWC,9,Uttar Pradesh,185,SULTANPUR,DUBEY PUR,DUBEY PUR,Sultanpur,Ganga,Ganga,Gomti,-,-,Gomti,26.27527778,82.06670000,28-05-2026 04:00,NaN
3316,Sultanpur,CWC,9,Uttar Pradesh,185,SULTANPUR,DUBEY PUR,DUBEY PUR,Sultanpur,Ganga,Ganga,Gomti,-,-,Gomti,26.27527778,82.06670000,28-05-2026 05:00,NaN
3317,Sultanpur,CWC,9,Uttar Pradesh,185,SULTANPUR,DUBEY PUR,DUBEY PUR,Sultanpur,Ganga,Ganga,Gomti,-,-,Gomti,26.27527778,82.06670000,28-05-2026 06:00,NaN
3318,Sultanpur,CWC,9,Uttar Pradesh,185,SULTANPUR,DUBEY PUR,DUBEY PUR,Sultanpur,Ganga,Ganga,Gomti,-,-,Gomti,26.27527778,82.06670000,28-05-2026 07:00,NaN
3319,Sultanpur,CWC,9,Uttar Pradesh,185,SULTANPUR,DUBEY PUR,DUBEY PUR,Sultanpur,Ganga,Ganga,Gomti,-,-,Gomti,26.27527778,82.06670000,28-05-2026 08:00,NaN
3320,Sultanpur,CWC,9,Uttar Pradesh,185,SULTANPUR,DUBEY PUR,DUBEY PUR,Sultanpur,Ganga,Ganga,Gomti,-,-,Gomti,26.27527778,82.06670000,28-05-2026 09:00,NaN
3321,Sultanpur,CWC,9,Uttar Pradesh,185,SULTANPUR,DUBEY PUR,DUBEY PUR,Sultanpur,Ganga,Ganga,Gomti,-,-,Gomti,26.27527778,82.06670000,28-05-2026 10:00,NaN
3322,Sultanpur,CWC,9,Uttar Pradesh,185,SULTANPUR,DUBEY PUR,DUBEY PUR,Sultanpur,Ganga,Ganga,Gomti,-,-,Gomti,26.27527778,82.06670000,28-05-2026 11:00,NaN
3323,Sultanpur,CWC,9,Uttar Pradesh,185,SULTANPUR,DUBEY PUR,DUBEY PUR,Sultanpur,Ganga,Ganga,Gomti,-,-,Gomti,26.27527778,82.06670000,28-05-2026 12:00,NaN
3324,Sultanpur,CWC,9,Uttar Pradesh,185,SULTANPUR,DUBEY PUR,DUBEY PUR,Sultanpur,Ganga,Ganga,Gomti,-,-,Gomti,26.27527778,82.06670000,28-05-2026 14:00,NaN
3325,Sultanpur,CWC,9,Uttar Pradesh,185,SULTANPUR,DUBEY PUR,DUBEY PUR,Sultanpur,Ganga,Ganga,Gomti,-,-,Gomti,26.27527778,82.06670000,28-05-2026 15:00,NaN
3326,Sultanpur,CWC,9,Uttar Pradesh,185,SULTANPUR,DUBEY PUR,DUBEY PUR,Sultanpur,Ganga,Ganga,Gomti,-,-,Gomti,26.27527778,82.06670000,28-05-2026 16:00,NaN
3327,Sultanpur,CWC,9,Uttar Pradesh,185,SULTANPUR,DUBEY PUR,DUBEY PUR,Sultanpur,Ganga,Ganga,Gomti,-,-,Gomti,26.27527778,82.06670000,28-05-2026 17:00,NaN
3328,Sultanpur,CWC,9,Uttar Pradesh,185,SULTANPUR,DUBEY PUR,DUBEY PUR,Sultanpur,Ganga,Ganga,Gomti,-,-,Gomti,26.27527778,82.06670000,28-05-2026 18:00,NaN
3329,Sultanpur,CWC,9,Uttar Pradesh,185,SULTANPUR,DUBEY PUR,DUBEY PUR,Sultanpur,Ganga,Ganga,Gomti,-,-,Gomti,26.27527778,82.06670000,28-05-2026 19:00,NaN
3330,Sultanpur,CWC,9,Uttar Pradesh,185,SULTANPUR,DUBEY PUR,DUBEY PUR,Sultanpur,Ganga,Ganga,Gomti,-,-,Gomti,26.27527778,82.06670000,28-05-2026 20:00,NaN
3331,Sultanpur,CWC,9,Uttar Pradesh,185,SULTANPUR,DUBEY PUR,DUBEY PUR,Sultanpur,Ganga,Ganga,Gomti,-,-,Gomti,26.27527778,82.06670000,29-05-2026 01:00,NaN
3332,Sultanpur,CWC,9,Uttar Pradesh,185,SULTANPUR,DUBEY PUR,DUBEY PUR,Sultanpur,Ganga,Ganga,Gomti,-,-,Gomti,26.27527778,82.06670000,29-05-2026 02:00,NaN
3333,Sultanpur,CWC,9,Uttar Pradesh,185,SULTANPUR,DUBEY PUR,DUBEY PUR,Sultanpur,Ganga,Ganga,Gomti,-,-,Gomti,26.27527778,82.06670000,29-05-2026 03:00,NaN
3334,Sultanpur,CWC,9,Uttar Pradesh,185,SULTANPUR,DUBEY PUR,DUBEY PUR,Sultanpur,Ganga,Ganga,Gomti,-,-,Gomti,26.27527778,82.06670000,29-05-2026 04:00,NaN
3335,Sultanpur,CWC,9,Uttar Pradesh,185,SULTANPUR,DUBEY PUR,DUBEY PUR,Sultanpur,Ganga,Ganga,Gomti,-,-,Gomti,26.27527778,82.06670000,29-05-2026 05:00,NaN
3336,Sultanpur,CWC,9,Uttar Pradesh,185,SULTANPUR,DUBEY PUR,DUBEY PUR,Sultanpur,Ganga,Ganga,Gomti,-,-,Gomti,26.27527778,82.06670000,29-05-2026 06:00,NaN
3337,Sultanpur,CWC,9,Uttar Pradesh,185,SULTANPUR,DUBEY PUR,DUBEY PUR,Sultanpur,Ganga,Ganga,Gomti,-,-,Gomti,26.27527778,82.06670000,29-05-2026 07:00,NaN
3338,Sultanpur,CWC,9,Uttar Pradesh,185,SULTANPUR,DUBEY PUR,DUBEY PUR,Sultanpur,Ganga,Ganga,Gomti,-,-,Gomti,26.27527778,82.06670000,29-05-2026 08:00,NaN
3339,Sultanpur,CWC,9,Uttar Pradesh,185,SULTANPUR,DUBEY PUR,DUBEY PUR,Sultanpur,Ganga,Ganga,Gomti,-,-,Gomti,26.27527778,82.06670000,29-05-2026 09:00,NaN
3340,Sultanpur,CWC,9,Uttar Pradesh,185,SULTANPUR,DUBEY PUR,DUBEY PUR,Sultanpur,Ganga,Ganga,Gomti,-,-,Gomti,26.27527778,82.06670000,29-05-2026 10:00,NaN
3341,Sultanpur,CWC,9,Uttar Pradesh,185,SULTANPUR,DUBEY PUR,DUBEY PUR,Sultanpur,Ganga,Ganga,Gomti,-,-,Gomti,26.27527778,82.06670000,29-05-2026 11:00,NaN
3342,Sultanpur,CWC,9,Uttar Pradesh,185,SULTANPUR,DUBEY PUR,DUBEY PUR,Sultanpur,Ganga,Ganga,Gomti,-,-,Gomti,26.27527778,82.06670000,29-05-2026 12:00,NaN
3343,Sultanpur,CWC,9,Uttar Pradesh,185,SULTANPUR,DUBEY PUR,DUBEY PUR,Sultanpur,Ganga,Ganga,Gomti,-,-,Gomti,26.27527778,82.06670000,29-05-2026 13:00,NaN
3344,Sultanpur,CWC,9,Uttar Pradesh,185,SULTANPUR,DUBEY PUR,DUBEY PUR,Sultanpur,Ganga,Ganga,Gomti,-,-,Gomti,26.27527778,82.06670000,29-05-2026 14:00,NaN
3345,Sultanpur,CWC,9,Uttar Pradesh,185,SULTANPUR,DUBEY PUR,DUBEY PUR,Sultanpur,Ganga,Ganga,Gomti,-,-,Gomti,26.27527778,82.06670000,29-05-2026 15:00,NaN
3346,Sultanpur,CWC,9,Uttar Pradesh,185,SULTANPUR,DUBEY PUR,DUBEY PUR,Sultanpur,Ganga,Ganga,Gomti,-,-,Gomti,26.27527778,82.06670000,29-05-2026 16:00,NaN
3347,Sultanpur,CWC,9,Uttar Pradesh,185,SULTANPUR,DUBEY PUR,DUBEY PUR,Sultanpur,Ganga,Ganga,Gomti,-,-,Gomti,26.27527778,82.06670000,29-05-2026 17:00,NaN
3348,Sultanpur,CWC,9,Uttar Pradesh,185,SULTANPUR,DUBEY PUR,DUBEY PUR,Sultanpur,Ganga,Ganga,Gomti,-,-,Gomti,26.27527778,82.06670000,29-05-2026 18:00,NaN
3349,Sultanpur,CWC,9,Uttar Pradesh,185,SULTANPUR,DUBEY PUR,DUBEY PUR,Sultanpur,Ganga,Ganga,Gomti,-,-,Gomti,26.27527778,82.06670000,29-05-2026 19:00,NaN
3350,Sultanpur,CWC,9,Uttar Pradesh,185,SULTANPUR,DUBEY PUR,DUBEY PUR,Sultanpur,Ganga,Ganga,Gomti,-,-,Gomti,26.27527778,82.06670000,29-05-2026 20:00,NaN
3351,Sultanpur,CWC,9,Uttar Pradesh,185,SULTANPUR,DUBEY PUR,DUBEY PUR,Sultanpur,Ganga,Ganga,Gomti,-,-,Gomti,26.27527778,82.06670000,29-05-2026 23:00,NaN
3352,Sultanpur,CWC,9,Uttar Pradesh,185,SULTANPUR,DUBEY PUR,DUBEY PUR,Sultanpur,Ganga,Ganga,Gomti,-,-,Gomti,26.27527778,82.06670000,30-05-2026 00:00,NaN
3353,Sultanpur,CWC,9,Uttar Pradesh,185,SULTANPUR,DUBEY PUR,DUBEY PUR,Sultanpur,Ganga,Ganga,Gomti,-,-,Gomti,26.27527778,82.06670000,30-05-2026 01:00,NaN
3354,Sultanpur,CWC,9,Uttar Pradesh,185,SULTANPUR,DUBEY PUR,DUBEY PUR,Sultanpur,Ganga,Ganga,Gomti,-,-,Gomti,26.27527778,82.06670000,30-05-2026 02:00,NaN
3355,Sultanpur,CWC,9,Uttar Pradesh,185,SULTANPUR,DUBEY PUR,DUBEY PUR,Sultanpur,Ganga,Ganga,Gomti,-,-,Gomti,26.27527778,82.06670000,30-05-2026 03:00,NaN
3356,Sultanpur,CWC,9,Uttar Pradesh,185,SULTANPUR,DUBEY PUR,DUBEY PUR,Sultanpur,Ganga,Ganga,Gomti,-,-,Gomti,26.27527778,82.06670000,30-05-2026 04:00,NaN
3357,Sultanpur,CWC,9,Uttar Pradesh,185,SULTANPUR,DUBEY PUR,DUBEY PUR,Sultanpur,Ganga,Ganga,Gomti,-,-,Gomti,26.27527778,82.06670000,30-05-2026 05:00,NaN
3358,Sultanpur,CWC,9,Uttar Pradesh,185,SULTANPUR,DUBEY PUR,DUBEY PUR,Sultanpur,Ganga,Ganga,Gomti,-,-,Gomti,26.27527778,82.06670000,30-05-2026 06:00,NaN
3359,Sultanpur,CWC,9,Uttar Pradesh,185,SULTANPUR,DUBEY PUR,DUBEY PUR,Sultanpur,Ganga,Ganga,Gomti,-,-,Gomti,26.27527778,82.06670000,30-05-2026 07:00,NaN
3360,Sultanpur,CWC,9,Uttar Pradesh,185,SULTANPUR,DUBEY PUR,DUBEY PUR,Sultanpur,Ganga,Ganga,Gomti,-,-,Gomti,26.27527778,82.06670000,30-05-2026 08:00,NaN
3361,Sultanpur,CWC,9,Uttar Pradesh,185,SULTANPUR,DUBEY PUR,DUBEY PUR,Sultanpur,Ganga,Ganga,Gomti,-,-,Gomti,26.27527778,82.06670000,30-05-2026 09:00,NaN
3362,Sultanpur,CWC,9,Uttar Pradesh,185,SULTANPUR,DUBEY PUR,DUBEY PUR,Sultanpur,Ganga,Ganga,Gomti,-,-,Gomti,26.27527778,82.06670000,30-05-2026 10:00,NaN
3363,Sultanpur,CWC,9,Uttar Pradesh,185,SULTANPUR,DUBEY PUR,DUBEY PUR,Sultanpur,Ganga,Ganga,Gomti,-,-,Gomti,26.27527778,82.06670000,30-05-2026 11:00,NaN
3364,Sultanpur,CWC,9,Uttar Pradesh,185,SULTANPUR,DUBEY PUR,DUBEY PUR,Sultanpur,Ganga,Ganga,Gomti,-,-,Gomti,26.27527778,82.06670000,30-05-2026 12:00,NaN
3365,Sultanpur,CWC,9,Uttar Pradesh,185,SULTANPUR,DUBEY PUR,DUBEY PUR,Sultanpur,Ganga,Ganga,Gomti,-,-,Gomti,26.27527778,82.06670000,30-05-2026 13:00,NaN
3366,Sultanpur,CWC,9,Uttar Pradesh,185,SULTANPUR,DUBEY PUR,DUBEY PUR,Sultanpur,Ganga,Ganga,Gomti,-,-,Gomti,26.27527778,82.06670000,30-05-2026 14:00,NaN
3367,Sultanpur,CWC,9,Uttar Pradesh,185,SULTANPUR,DUBEY PUR,DUBEY PUR,Sultanpur,Ganga,Ganga,Gomti,-,-,Gomti,26.27527778,82.06670000,30-05-2026 15:00,NaN
3368,Sultanpur,CWC,9,Uttar Pradesh,185,SULTANPUR,DUBEY PUR,DUBEY PUR,Sultanpur,Ganga,Ganga,Gomti,-,-,Gomti,26.27527778,82.06670000,30-05-2026 16:00,NaN
3369,Sultanpur,CWC,9,Uttar Pradesh,185,SULTANPUR,DUBEY PUR,DUBEY PUR,Sultanpur,Ganga,Ganga,Gomti,-,-,Gomti,26.27527778,82.06670000,30-05-2026 17:00,NaN
3370,Sultanpur,CWC,9,Uttar Pradesh,185,SULTANPUR,DUBEY PUR,DUBEY PUR,Sultanpur,Ganga,Ganga,Gomti,-,-,Gomti,26.27527778,82.06670000,30-05-2026 23:00,NaN
3371,Sultanpur,CWC,9,Uttar Pradesh,185,SULTANPUR,DUBEY PUR,DUBEY PUR,Sultanpur,Ganga,Ganga,Gomti,-,-,Gomti,26.27527778,82.06670000,31-05-2026 00:00,NaN
3372,Sultanpur,CWC,9,Uttar Pradesh,185,SULTANPUR,DUBEY PUR,DUBEY PUR,Sultanpur,Ganga,Ganga,Gomti,-,-,Gomti,26.27527778,82.06670000,31-05-2026 02:00,NaN
3373,Sultanpur,CWC,9,Uttar Pradesh,185,SULTANPUR,DUBEY PUR,DUBEY PUR,Sultanpur,Ganga,Ganga,Gomti,-,-,Gomti,26.27527778,82.06670000,31-05-2026 03:00,NaN
3374,Sultanpur,CWC,9,Uttar Pradesh,185,SULTANPUR,DUBEY PUR,DUBEY PUR,Sultanpur,Ganga,Ganga,Gomti,-,-,Gomti,26.27527778,82.06670000,31-05-2026 04:00,NaN
3375,Sultanpur,CWC,9,Uttar Pradesh,185,SULTANPUR,DUBEY PUR,DUBEY PUR,Sultanpur,Ganga,Ganga,Gomti,-,-,Gomti,26.27527778,82.06670000,31-05-2026 05:00,NaN
3376,Sultanpur,CWC,9,Uttar Pradesh,185,SULTANPUR,DUBEY PUR,DUBEY PUR,Sultanpur,Ganga,Ganga,Gomti,-,-,Gomti,26.27527778,82.06670000,31-05-2026 06:00,NaN
3377,Sultanpur,CWC,9,Uttar Pradesh,185,SULTANPUR,DUBEY PUR,DUBEY PUR,Sultanpur,Ganga,Ganga,Gomti,-,-,Gomti,26.27527778,82.06670000,31-05-2026 07:00,NaN
3378,Sultanpur,CWC,9,Uttar Pradesh,185,SULTANPUR,DUBEY PUR,DUBEY PUR,Sultanpur,Ganga,Ganga,Gomti,-,-,Gomti,26.27527778,82.06670000,31-05-2026 08:00,NaN
3379,Sultanpur,CWC,9,Uttar Pradesh,185,SULTANPUR,DUBEY PUR,DUBEY PUR,Sultanpur,Ganga,Ganga,Gomti,-,-,Gomti,26.27527778,82.06670000,31-05-2026 09:00,NaN
3380,Sultanpur,CWC,9,Uttar Pradesh,185,SULTANPUR,DUBEY PUR,DUBEY PUR,Sultanpur,Ganga,Ganga,Gomti,-,-,Gomti,26.27527778,82.06670000,31-05-2026 10:00,NaN
3381,Sultanpur,CWC,9,Uttar Pradesh,185,SULTANPUR,DUBEY PUR,DUBEY PUR,Sultanpur,Ganga,Ganga,Gomti,-,-,Gomti,26.27527778,82.06670000,31-05-2026 11:00,NaN
3382,Sultanpur,CWC,9,Uttar Pradesh,185,SULTANPUR,DUBEY PUR,DUBEY PUR,Sultanpur,Ganga,Ganga,Gomti,-,-,Gomti,26.27527778,82.06670000,31-05-2026 12:00,NaN
3383,Sultanpur,CWC,9,Uttar Pradesh,185,SULTANPUR,DUBEY PUR,DUBEY PUR,Sultanpur,Ganga,Ganga,Gomti,-,-,Gomti,26.27527778,82.06670000,31-05-2026 13:00,NaN
3384,Sultanpur,CWC,9,Uttar Pradesh,185,SULTANPUR,DUBEY PUR,DUBEY PUR,Sultanpur,Ganga,Ganga,Gomti,-,-,Gomti,26.27527778,82.06670000,31-05-2026 14:00,NaN
3385,Sultanpur,CWC,9,Uttar Pradesh,185,SULTANPUR,DUBEY PUR,DUBEY PUR,Sultanpur,Ganga,Ganga,Gomti,-,-,Gomti,26.27527778,82.06670000,31-05-2026 17:00,NaN
3386,Sultanpur,CWC,9,Uttar Pradesh,185,SULTANPUR,DUBEY PUR,DUBEY PUR,Sultanpur,Ganga,Ganga,Gomti,-,-,Gomti,26.27527778,82.06670000,31-05-2026 18:00,NaN
3387,Sultanpur,CWC,9,Uttar Pradesh,185,SULTANPUR,DUBEY PUR,DUBEY PUR,Sultanpur,Ganga,Ganga,Gomti,-,-,Gomti,26.27527778,82.06670000,31-05-2026 19:00,NaN
3388,Sultanpur,CWC,9,Uttar Pradesh,185,SULTANPUR,DUBEY PUR,DUBEY PUR,Sultanpur,Ganga,Ganga,Gomti,-,-,Gomti,26.27527778,82.06670000,31-05-2026 20:00,NaN
3389,Sultanpur,CWC,9,Uttar Pradesh,185,SULTANPUR,DUBEY PUR,DUBEY PUR,Sultanpur,Ganga,Ganga,Gomti,-,-,Gomti,26.27527778,82.06670000,31-05-2026 21:00,NaN
3390,Sultanpur,CWC,9,Uttar Pradesh,185,SULTANPUR,DUBEY PUR,DUBEY PUR,Sultanpur,Ganga,Ganga,Gomti,-,-,Gomti,26.27527778,82.06670000,31-05-2026 22:00,NaN
3391,Sultanpur,CWC,9,Uttar Pradesh,185,SULTANPUR,DUBEY PUR,DUBEY PUR,Sultanpur,Ganga,Ganga,Gomti,-,-,Gomti,26.27527778,82.06670000,31-05-2026 23:00,NaN
3392,Sultanpur,CWC,9,Uttar Pradesh,185,SULTANPUR,DUBEY PUR,DUBEY PUR,Sultanpur,Ganga,Ganga,Gomti,-,-,Gomti,26.27527778,82.06670000,01-06-2026 00:00,NaN
3393,Sultanpur,CWC,9,Uttar Pradesh,185,SULTANPUR,DUBEY PUR,DUBEY PUR,Sultanpur,Ganga,Ganga,Gomti,-,-,Gomti,26.27527778,82.06670000,01-06-2026 01:00,NaN
3394,Sultanpur,CWC,9,Uttar Pradesh,185,SULTANPUR,DUBEY PUR,DUBEY PUR,Sultanpur,Ganga,Ganga,Gomti,-,-,Gomti,26.27527778,82.06670000,01-06-2026 02:00,NaN
3395,Sultanpur,CWC,9,Uttar Pradesh,185,SULTANPUR,DUBEY PUR,DUBEY PUR,Sultanpur,Ganga,Ganga,Gomti,-,-,Gomti,26.27527778,82.06670000,01-06-2026 03:00,NaN
3396,Sultanpur,CWC,9,Uttar Pradesh,185,SULTANPUR,DUBEY PUR,DUBEY PUR,Sultanpur,Ganga,Ganga,Gomti,-,-,Gomti,26.27527778,82.06670000,01-06-2026 04:00,NaN
3397,Sultanpur,CWC,9,Uttar Pradesh,185,SULTANPUR,DUBEY PUR,DUBEY PUR,Sultanpur,Ganga,Ganga,Gomti,-,-,Gomti,26.27527778,82.06670000,01-06-2026 05:00,NaN
3398,Sultanpur,CWC,9,Uttar Pradesh,185,SULTANPUR,DUBEY PUR,DUBEY PUR,Sultanpur,Ganga,Ganga,Gomti,-,-,Gomti,26.27527778,82.06670000,01-06-2026 06:00,NaN
3399,Sultanpur,CWC,9,Uttar Pradesh,185,SULTANPUR,DUBEY PUR,DUBEY PUR,Sultanpur,Ganga,Ganga,Gomti,-,-,Gomti,26.27527778,82.06670000,01-06-2026 07:00,NaN
3400,Sultanpur,CWC,9,Uttar Pradesh,185,SULTANPUR,DUBEY PUR,DUBEY PUR,Sultanpur,Ganga,Ganga,Gomti,-,-,Gomti,26.27527778,82.06670000,01-06-2026 08:00,NaN
3401,Sultanpur,CWC,9,Uttar Pradesh,185,SULTANPUR,DUBEY PUR,DUBEY PUR,Sultanpur,Ganga,Ganga,Gomti,-,-,Gomti,26.27527778,82.06670000,01-06-2026 09:00,NaN
3402,Sultanpur,CWC,9,Uttar Pradesh,185,SULTANPUR,DUBEY PUR,DUBEY PUR,Sultanpur,Ganga,Ganga,Gomti,-,-,Gomti,26.27527778,82.06670000,01-06-2026 10:00,NaN
3403,Sultanpur,CWC,9,Uttar Pradesh,185,SULTANPUR,DUBEY PUR,DUBEY PUR,Sultanpur,Ganga,Ganga,Gomti,-,-,Gomti,26.27527778,82.06670000,01-06-2026 11:00,NaN
3404,Sultanpur,CWC,9,Uttar Pradesh,185,SULTANPUR,DUBEY PUR,DUBEY PUR,Sultanpur,Ganga,Ganga,Gomti,-,-,Gomti,26.27527778,82.06670000,01-06-2026 12:00,NaN
3405,Sultanpur,CWC,9,Uttar Pradesh,185,SULTANPUR,DUBEY PUR,DUBEY PUR,Sultanpur,Ganga,Ganga,Gomti,-,-,Gomti,26.27527778,82.06670000,01-06-2026 13:00,NaN
3406,Sultanpur,CWC,9,Uttar Pradesh,185,SULTANPUR,DUBEY PUR,DUBEY PUR,Sultanpur,Ganga,Ganga,Gomti,-,-,Gomti,26.27527778,82.06670000,01-06-2026 14:00,NaN
3407,Sultanpur,CWC,9,Uttar Pradesh,185,SULTANPUR,DUBEY PUR,DUBEY PUR,Sultanpur,Ganga,Ganga,Gomti,-,-,Gomti,26.27527778,82.06670000,01-06-2026 15:00,NaN
3408,Sultanpur,CWC,9,Uttar Pradesh,185,SULTANPUR,DUBEY PUR,DUBEY PUR,Sultanpur,Ganga,Ganga,Gomti,-,-,Gomti,26.27527778,82.06670000,01-06-2026 16:00,NaN
3409,Sultanpur,CWC,9,Uttar Pradesh,185,SULTANPUR,DUBEY PUR,DUBEY PUR,Sultanpur,Ganga,Ganga,Gomti,-,-,Gomti,26.27527778,82.06670000,01-06-2026 17:00,NaN
3410,Sultanpur,CWC,9,Uttar Pradesh,185,SULTANPUR,DUBEY PUR,DUBEY PUR,Sultanpur,Ganga,Ganga,Gomti,-,-,Gomti,26.27527778,82.06670000,01-06-2026 18:00,NaN
3411,Sultanpur,CWC,9,Uttar Pradesh,185,SULTANPUR,DUBEY PUR,DUBEY PUR,Sultanpur,Ganga,Ganga,Gomti,-,-,Gomti,26.27527778,82.06670000,01-06-2026 19:00,NaN
3412,Sultanpur,CWC,9,Uttar Pradesh,185,SULTANPUR,DUBEY PUR,DUBEY PUR,Sultanpur,Ganga,Ganga,Gomti,-,-,Gomti,26.27527778,82.06670000,01-06-2026 20:00,NaN
3413,Sultanpur,CWC,9,Uttar Pradesh,185,SULTANPUR,DUBEY PUR,DUBEY PUR,Sultanpur,Ganga,Ganga,Gomti,-,-,Gomti,26.27527778,82.06670000,01-06-2026 21:00,NaN
3414,Sultanpur,CWC,9,Uttar Pradesh,185,SULTANPUR,DUBEY PUR,DUBEY PUR,Sultanpur,Ganga,Ganga,Gomti,-,-,Gomti,26.27527778,82.06670000,01-06-2026 22:00,NaN
3415,Sultanpur,CWC,9,Uttar Pradesh,185,SULTANPUR,DUBEY PUR,DUBEY PUR,Sultanpur,Ganga,Ganga,Gomti,-,-,Gomti,26.27527778,82.06670000,01-06-2026 23:00,NaN
3416,Sultanpur,CWC,9,Uttar Pradesh,185,SULTANPUR,DUBEY PUR,DUBEY PUR,Sultanpur,Ganga,Ganga,Gomti,-,-,Gomti,26.27527778,82.06670000,02-06-2026 00:00,NaN
3417,Sultanpur,CWC,9,Uttar Pradesh,185,SULTANPUR,DUBEY PUR,DUBEY PUR,Sultanpur,Ganga,Ganga,Gomti,-,-,Gomti,26.27527778,82.06670000,02-06-2026 01:00,NaN
3418,Sultanpur,CWC,9,Uttar Pradesh,185,SULTANPUR,DUBEY PUR,DUBEY PUR,Sultanpur,Ganga,Ganga,Gomti,-,-,Gomti,26.27527778,82.06670000,02-06-2026 02:00,NaN
3419,Sultanpur,CWC,9,Uttar Pradesh,185,SULTANPUR,DUBEY PUR,DUBEY PUR,Sultanpur,Ganga,Ganga,Gomti,-,-,Gomti,26.27527778,82.06670000,02-06-2026 03:00,NaN
3420,Sultanpur,CWC,9,Uttar Pradesh,185,SULTANPUR,DUBEY PUR,DUBEY PUR,Sultanpur,Ganga,Ganga,Gomti,-,-,Gomti,26.27527778,82.06670000,02-06-2026 04:00,NaN
3421,Sultanpur,CWC,9,Uttar Pradesh,185,SULTANPUR,DUBEY PUR,DUBEY PUR,Sultanpur,Ganga,Ganga,Gomti,-,-,Gomti,26.27527778,82.06670000,02-06-2026 05:00,NaN
3422,Sultanpur,CWC,9,Uttar Pradesh,185,SULTANPUR,DUBEY PUR,DUBEY PUR,Sultanpur,Ganga,Ganga,Gomti,-,-,Gomti,26.27527778,82.06670000,02-06-2026 06:00,NaN
3423,Sultanpur,CWC,9,Uttar Pradesh,185,SULTANPUR,DUBEY PUR,DUBEY PUR,Sultanpur,Ganga,Ganga,Gomti,-,-,Gomti,26.27527778,82.06670000,02-06-2026 08:00,NaN
3424,Sultanpur,CWC,9,Uttar Pradesh,185,SULTANPUR,DUBEY PUR,DUBEY PUR,Sultanpur,Ganga,Ganga,Gomti,-,-,Gomti,26.27527778,82.06670000,02-06-2026 09:00,NaN
3425,Sultanpur,CWC,9,Uttar Pradesh,185,SULTANPUR,DUBEY PUR,DUBEY PUR,Sultanpur,Ganga,Ganga,Gomti,-,-,Gomti,26.27527778,82.06670000,02-06-2026 10:00,NaN
3426,Sultanpur,CWC,9,Uttar Pradesh,185,SULTANPUR,DUBEY PUR,DUBEY PUR,Sultanpur,Ganga,Ganga,Gomti,-,-,Gomti,26.27527778,82.06670000,02-06-2026 11:00,NaN
3427,Sultanpur,CWC,9,Uttar Pradesh,185,SULTANPUR,DUBEY PUR,DUBEY PUR,Sultanpur,Ganga,Ganga,Gomti,-,-,Gomti,26.27527778,82.06670000,02-06-2026 12:00,NaN
3428,Sultanpur,CWC,9,Uttar Pradesh,185,SULTANPUR,DUBEY PUR,DUBEY PUR,Sultanpur,Ganga,Ganga,Gomti,-,-,Gomti,26.27527778,82.06670000,02-06-2026 13:00,NaN
3429,Sultanpur,CWC,9,Uttar Pradesh,185,SULTANPUR,DUBEY PUR,DUBEY PUR,Sultanpur,Ganga,Ganga,Gomti,-,-,Gomti,26.27527778,82.06670000,02-06-2026 14:00,NaN
3430,Sultanpur,CWC,9,Uttar Pradesh,185,SULTANPUR,DUBEY PUR,DUBEY PUR,Sultanpur,Ganga,Ganga,Gomti,-,-,Gomti,26.27527778,82.06670000,02-06-2026 15:00,NaN
3431,Sultanpur,CWC,9,Uttar Pradesh,185,SULTANPUR,DUBEY PUR,DUBEY PUR,Sultanpur,Ganga,Ganga,Gomti,-,-,Gomti,26.27527778,82.06670000,02-06-2026 16:00,NaN
3432,Sultanpur,CWC,9,Uttar Pradesh,185,SULTANPUR,DUBEY PUR,DUBEY PUR,Sultanpur,Ganga,Ganga,Gomti,-,-,Gomti,26.27527778,82.06670000,02-06-2026 17:00,NaN
3433,Sultanpur,CWC,9,Uttar Pradesh,185,SULTANPUR,DUBEY PUR,DUBEY PUR,Sultanpur,Ganga,Ganga,Gomti,-,-,Gomti,26.27527778,82.06670000,02-06-2026 18:00,NaN
3434,Sultanpur,CWC,9,Uttar Pradesh,185,SULTANPUR,DUBEY PUR,DUBEY PUR,Sultanpur,Ganga,Ganga,Gomti,-,-,Gomti,26.27527778,82.06670000,02-06-2026 19:00,NaN
3435,Sultanpur,CWC,9,Uttar Pradesh,185,SULTANPUR,DUBEY PUR,DUBEY PUR,Sultanpur,Ganga,Ganga,Gomti,-,-,Gomti,26.27527778,82.06670000,02-06-2026 20:00,NaN
3436,Sultanpur,CWC,9,Uttar Pradesh,185,SULTANPUR,DUBEY PUR,DUBEY PUR,Sultanpur,Ganga,Ganga,Gomti,-,-,Gomti,26.27527778,82.06670000,02-06-2026 21:00,NaN
3437,Sultanpur,CWC,9,Uttar Pradesh,185,SULTANPUR,DUBEY PUR,DUBEY PUR,Sultanpur,Ganga,Ganga,Gomti,-,-,Gomti,26.27527778,82.06670000,02-06-2026 22:00,NaN
3438,Sultanpur,CWC,9,Uttar Pradesh,185,SULTANPUR,DUBEY PUR,DUBEY PUR,Sultanpur,Ganga,Ganga,Gomti,-,-,Gomti,26.27527778,82.06670000,02-06-2026 23:00,NaN
3439,Sultanpur,CWC,9,Uttar Pradesh,185,SULTANPUR,DUBEY PUR,DUBEY PUR,Sultanpur,Ganga,Ganga,Gomti,-,-,Gomti,26.27527778,82.06670000,03-06-2026 00:00,NaN
3440,Sultanpur,CWC,9,Uttar Pradesh,185,SULTANPUR,DUBEY PUR,DUBEY PUR,Sultanpur,Ganga,Ganga,Gomti,-,-,Gomti,26.27527778,82.06670000,03-06-2026 01:00,NaN
3441,Sultanpur,CWC,9,Uttar Pradesh,185,SULTANPUR,DUBEY PUR,DUBEY PUR,Sultanpur,Ganga,Ganga,Gomti,-,-,Gomti,26.27527778,82.06670000,03-06-2026 02:00,NaN
3442,Sultanpur,CWC,9,Uttar Pradesh,185,SULTANPUR,DUBEY PUR,DUBEY PUR,Sultanpur,Ganga,Ganga,Gomti,-,-,Gomti,26.27527778,82.06670000,03-06-2026 03:00,NaN
3443,Sultanpur,CWC,9,Uttar Pradesh,185,SULTANPUR,DUBEY PUR,DUBEY PUR,Sultanpur,Ganga,Ganga,Gomti,-,-,Gomti,26.27527778,82.06670000,03-06-2026 04:00,NaN
3444,Sultanpur,CWC,9,Uttar Pradesh,185,SULTANPUR,DUBEY PUR,DUBEY PUR,Sultanpur,Ganga,Ganga,Gomti,-,-,Gomti,26.27527778,82.06670000,03-06-2026 05:00,NaN
3445,Sultanpur,CWC,9,Uttar Pradesh,185,SULTANPUR,DUBEY PUR,DUBEY PUR,Sultanpur,Ganga,Ganga,Gomti,-,-,Gomti,26.27527778,82.06670000,03-06-2026 06:00,NaN
3446,Sultanpur,CWC,9,Uttar Pradesh,185,SULTANPUR,DUBEY PUR,DUBEY PUR,Sultanpur,Ganga,Ganga,Gomti,-,-,Gomti,26.27527778,82.06670000,03-06-2026 07:00,NaN
3447,Sultanpur,CWC,9,Uttar Pradesh,185,SULTANPUR,DUBEY PUR,DUBEY PUR,Sultanpur,Ganga,Ganga,Gomti,-,-,Gomti,26.27527778,82.06670000,03-06-2026 09:00,NaN
3448,Sultanpur,CWC,9,Uttar Pradesh,185,SULTANPUR,DUBEY PUR,DUBEY PUR,Sultanpur,Ganga,Ganga,Gomti,-,-,Gomti,26.27527778,82.06670000,03-06-2026 10:00,NaN
3449,Sultanpur,CWC,9,Uttar Pradesh,185,SULTANPUR,DUBEY PUR,DUBEY PUR,Sultanpur,Ganga,Ganga,Gomti,-,-,Gomti,26.27527778,82.06670000,03-06-2026 11:00,NaN
3450,Sultanpur,CWC,9,Uttar Pradesh,185,SULTANPUR,DUBEY PUR,DUBEY PUR,Sultanpur,Ganga,Ganga,Gomti,-,-,Gomti,26.27527778,82.06670000,03-06-2026 12:00,NaN
3451,Sultanpur,CWC,9,Uttar Pradesh,185,SULTANPUR,DUBEY PUR,DUBEY PUR,Sultanpur,Ganga,Ganga,Gomti,-,-,Gomti,26.27527778,82.06670000,03-06-2026 13:00,NaN
3452,Sultanpur,CWC,9,Uttar Pradesh,185,SULTANPUR,DUBEY PUR,DUBEY PUR,Sultanpur,Ganga,Ganga,Gomti,-,-,Gomti,26.27527778,82.06670000,03-06-2026 14:00,NaN
3453,Sultanpur,CWC,9,Uttar Pradesh,185,SULTANPUR,DUBEY PUR,DUBEY PUR,Sultanpur,Ganga,Ganga,Gomti,-,-,Gomti,26.27527778,82.06670000,03-06-2026 15:00,NaN
3454,Sultanpur,CWC,9,Uttar Pradesh,185,SULTANPUR,DUBEY PUR,DUBEY PUR,Sultanpur,Ganga,Ganga,Gomti,-,-,Gomti,26.27527778,82.06670000,03-06-2026 16:00,NaN
3455,Sultanpur,CWC,9,Uttar Pradesh,185,SULTANPUR,DUBEY PUR,DUBEY PUR,Sultanpur,Ganga,Ganga,Gomti,-,-,Gomti,26.27527778,82.06670000,03-06-2026 17:00,NaN
3456,Sultanpur,CWC,9,Uttar Pradesh,185,SULTANPUR,DUBEY PUR,DUBEY PUR,Sultanpur,Ganga,Ganga,Gomti,-,-,Gomti,26.27527778,82.06670000,03-06-2026 18:00,NaN
3457,Sultanpur,CWC,9,Uttar Pradesh,185,SULTANPUR,DUBEY PUR,DUBEY PUR,Sultanpur,Ganga,Ganga,Gomti,-,-,Gomti,26.27527778,82.06670000,03-06-2026 19:00,NaN
3458,Trimohinighat,CWC,9,Uttar Pradesh,164,Maharajganj,PHARENDA,-,-,Ganga,Ganga,Ghaghra,Rapti,Rohin,Rohin,27.11777778,83.42000000,02-01-2026 21:30,48
3459,Trimohinighat,CWC,9,Uttar Pradesh,164,Maharajganj,PHARENDA,-,-,Ganga,Ganga,Ghaghra,Rapti,Rohin,Rohin,27.11777778,83.42000000,06-01-2026 12:30,48
3460,Trimohinighat,CWC,9,Uttar Pradesh,164,Maharajganj,PHARENDA,-,-,Ganga,Ganga,Ghaghra,Rapti,Rohin,Rohin,27.11777778,83.42000000,08-01-2026 00:30,0.5
3461,Trimohinighat,CWC,9,Uttar Pradesh,164,Maharajganj,PHARENDA,-,-,Ganga,Ganga,Ghaghra,Rapti,Rohin,Rohin,27.11777778,83.42000000,11-01-2026 03:30,0.5
3462,Trimohinighat,CWC,9,Uttar Pradesh,164,Maharajganj,PHARENDA,-,-,Ganga,Ganga,Ghaghra,Rapti,Rohin,Rohin,27.11777778,83.42000000,11-01-2026 06:30,0.5
3463,Trimohinighat,CWC,9,Uttar Pradesh,164,Maharajganj,PHARENDA,-,-,Ganga,Ganga,Ghaghra,Rapti,Rohin,Rohin,27.11777778,83.42000000,11-01-2026 14:00,20
3464,Trimohinighat,CWC,9,Uttar Pradesh,164,Maharajganj,PHARENDA,-,-,Ganga,Ganga,Ghaghra,Rapti,Rohin,Rohin,27.11777778,83.42000000,31-01-2026 10:30,119
3465,Trimohinighat,CWC,9,Uttar Pradesh,164,Maharajganj,PHARENDA,-,-,Ganga,Ganga,Ghaghra,Rapti,Rohin,Rohin,27.11777778,83.42000000,04-02-2026 09:30,0.5
3466,Trimohinighat,CWC,9,Uttar Pradesh,164,Maharajganj,PHARENDA,-,-,Ganga,Ganga,Ghaghra,Rapti,Rohin,Rohin,27.11777778,83.42000000,04-02-2026 23:30,0.5
3467,Trimohinighat,CWC,9,Uttar Pradesh,164,Maharajganj,PHARENDA,-,-,Ganga,Ganga,Ghaghra,Rapti,Rohin,Rohin,27.11777778,83.42000000,06-02-2026 22:30,18
3468,Trimohinighat,CWC,9,Uttar Pradesh,164,Maharajganj,PHARENDA,-,-,Ganga,Ganga,Ghaghra,Rapti,Rohin,Rohin,27.11777778,83.42000000,07-02-2026 10:30,160.5
3469,Trimohinighat,CWC,9,Uttar Pradesh,164,Maharajganj,PHARENDA,-,-,Ganga,Ganga,Ghaghra,Rapti,Rohin,Rohin,27.11777778,83.42000000,08-02-2026 10:30,222
3470,Trimohinighat,CWC,9,Uttar Pradesh,164,Maharajganj,PHARENDA,-,-,Ganga,Ganga,Ghaghra,Rapti,Rohin,Rohin,27.11777778,83.42000000,14-02-2026 09:30,249
3471,Trimohinighat,CWC,9,Uttar Pradesh,164,Maharajganj,PHARENDA,-,-,Ganga,Ganga,Ghaghra,Rapti,Rohin,Rohin,27.11777778,83.42000000,15-02-2026 00:30,2.5
3472,Trimohinighat,CWC,9,Uttar Pradesh,164,Maharajganj,PHARENDA,-,-,Ganga,Ganga,Ghaghra,Rapti,Rohin,Rohin,27.11777778,83.42000000,20-02-2026 17:30,169
3473,Trimohinighat,CWC,9,Uttar Pradesh,164,Maharajganj,PHARENDA,-,-,Ganga,Ganga,Ghaghra,Rapti,Rohin,Rohin,27.11777778,83.42000000,22-02-2026 11:30,111
3474,Trimohinighat,CWC,9,Uttar Pradesh,164,Maharajganj,PHARENDA,-,-,Ganga,Ganga,Ghaghra,Rapti,Rohin,Rohin,27.11777778,83.42000000,23-02-2026 08:30,239
3475,Trimohinighat,CWC,9,Uttar Pradesh,164,Maharajganj,PHARENDA,-,-,Ganga,Ganga,Ghaghra,Rapti,Rohin,Rohin,27.11777778,83.42000000,24-02-2026 02:30,0.5
3476,Trimohinighat,CWC,9,Uttar Pradesh,164,Maharajganj,PHARENDA,-,-,Ganga,Ganga,Ghaghra,Rapti,Rohin,Rohin,27.11777778,83.42000000,24-02-2026 14:30,34
3477,Trimohinighat,CWC,9,Uttar Pradesh,164,Maharajganj,PHARENDA,-,-,Ganga,Ganga,Ghaghra,Rapti,Rohin,Rohin,27.11777778,83.42000000,27-02-2026 04:30,128.5
3478,Trimohinighat,CWC,9,Uttar Pradesh,164,Maharajganj,PHARENDA,-,-,Ganga,Ganga,Ghaghra,Rapti,Rohin,Rohin,27.11777778,83.42000000,28-02-2026 14:30,215
3479,Trimohinighat,CWC,9,Uttar Pradesh,164,Maharajganj,PHARENDA,-,-,Ganga,Ganga,Ghaghra,Rapti,Rohin,Rohin,27.11777778,83.42000000,02-03-2026 23:30,222.5
3480,Trimohinighat,CWC,9,Uttar Pradesh,164,Maharajganj,PHARENDA,-,-,Ganga,Ganga,Ghaghra,Rapti,Rohin,Rohin,27.11777778,83.42000000,17-03-2026 11:30,202
3481,Trimohinighat,CWC,9,Uttar Pradesh,164,Maharajganj,PHARENDA,-,-,Ganga,Ganga,Ghaghra,Rapti,Rohin,Rohin,27.11777778,83.42000000,18-03-2026 01:30,40
3482,Trimohinighat,CWC,9,Uttar Pradesh,164,Maharajganj,PHARENDA,-,-,Ganga,Ganga,Ghaghra,Rapti,Rohin,Rohin,27.11777778,83.42000000,24-03-2026 20:30,5
3483,Trimohinighat,CWC,9,Uttar Pradesh,164,Maharajganj,PHARENDA,-,-,Ganga,Ganga,Ghaghra,Rapti,Rohin,Rohin,27.11777778,83.42000000,26-03-2026 22:30,48
3484,Trimohinighat,CWC,9,Uttar Pradesh,164,Maharajganj,PHARENDA,-,-,Ganga,Ganga,Ghaghra,Rapti,Rohin,Rohin,27.11777778,83.42000000,27-03-2026 12:30,36
3485,Trimohinighat,CWC,9,Uttar Pradesh,164,Maharajganj,PHARENDA,-,-,Ganga,Ganga,Ghaghra,Rapti,Rohin,Rohin,27.11777778,83.42000000,30-03-2026 06:30,408
3486,Trimohinighat,CWC,9,Uttar Pradesh,164,Maharajganj,PHARENDA,-,-,Ganga,Ganga,Ghaghra,Rapti,Rohin,Rohin,27.11777778,83.42000000,08-04-2026 13:30,0.5
3487,Trimohinighat,CWC,9,Uttar Pradesh,164,Maharajganj,PHARENDA,-,-,Ganga,Ganga,Ghaghra,Rapti,Rohin,Rohin,27.11777778,83.42000000,08-04-2026 14:30,0.5
3488,Trimohinighat,CWC,9,Uttar Pradesh,164,Maharajganj,PHARENDA,-,-,Ganga,Ganga,Ghaghra,Rapti,Rohin,Rohin,27.11777778,83.42000000,08-04-2026 16:30,0.5
3489,Trimohinighat,CWC,9,Uttar Pradesh,164,Maharajganj,PHARENDA,-,-,Ganga,Ganga,Ghaghra,Rapti,Rohin,Rohin,27.11777778,83.42000000,08-04-2026 17:30,0.5
3490,Trimohinighat,CWC,9,Uttar Pradesh,164,Maharajganj,PHARENDA,-,-,Ganga,Ganga,Ghaghra,Rapti,Rohin,Rohin,27.11777778,83.42000000,08-04-2026 18:30,0.5
3491,Trimohinighat,CWC,9,Uttar Pradesh,164,Maharajganj,PHARENDA,-,-,Ganga,Ganga,Ghaghra,Rapti,Rohin,Rohin,27.11777778,83.42000000,08-04-2026 21:30,0.5
3492,Trimohinighat,CWC,9,Uttar Pradesh,164,Maharajganj,PHARENDA,-,-,Ganga,Ganga,Ghaghra,Rapti,Rohin,Rohin,27.11777778,83.42000000,09-04-2026 02:30,0.5
3493,Trimohinighat,CWC,9,Uttar Pradesh,164,Maharajganj,PHARENDA,-,-,Ganga,Ganga,Ghaghra,Rapti,Rohin,Rohin,27.11777778,83.42000000,09-04-2026 04:30,0.5
3494,Trimohinighat,CWC,9,Uttar Pradesh,164,Maharajganj,PHARENDA,-,-,Ganga,Ganga,Ghaghra,Rapti,Rohin,Rohin,27.11777778,83.42000000,12-04-2026 22:30,36
3495,Trimohinighat,CWC,9,Uttar Pradesh,164,Maharajganj,PHARENDA,-,-,Ganga,Ganga,Ghaghra,Rapti,Rohin,Rohin,27.11777778,83.42000000,12-04-2026 23:30,119.5
3496,Trimohinighat,CWC,9,Uttar Pradesh,164,Maharajganj,PHARENDA,-,-,Ganga,Ganga,Ghaghra,Rapti,Rohin,Rohin,27.11777778,83.42000000,15-04-2026 10:30,3
3497,Trimohinighat,CWC,9,Uttar Pradesh,164,Maharajganj,PHARENDA,-,-,Ganga,Ganga,Ghaghra,Rapti,Rohin,Rohin,27.11777778,83.42000000,17-04-2026 18:30,64.5
3498,Trimohinighat,CWC,9,Uttar Pradesh,164,Maharajganj,PHARENDA,-,-,Ganga,Ganga,Ghaghra,Rapti,Rohin,Rohin,27.11777778,83.42000000,27-04-2026 13:30,0.5
3499,Trimohinighat,CWC,9,Uttar Pradesh,164,Maharajganj,PHARENDA,-,-,Ganga,Ganga,Ghaghra,Rapti,Rohin,Rohin,27.11777778,83.42000000,29-04-2026 18:30,35.5
3500,Trimohinighat,CWC,9,Uttar Pradesh,164,Maharajganj,PHARENDA,-,-,Ganga,Ganga,Ghaghra,Rapti,Rohin,Rohin,27.11777778,83.42000000,29-04-2026 19:30,0.5
3501,Trimohinighat,CWC,9,Uttar Pradesh,164,Maharajganj,PHARENDA,-,-,Ganga,Ganga,Ghaghra,Rapti,Rohin,Rohin,27.11777778,83.42000000,29-04-2026 20:30,35.5
3502,Trimohinighat,CWC,9,Uttar Pradesh,164,Maharajganj,PHARENDA,-,-,Ganga,Ganga,Ghaghra,Rapti,Rohin,Rohin,27.11777778,83.42000000,01-05-2026 04:30,15.5
3503,Trimohinighat,CWC,9,Uttar Pradesh,164,Maharajganj,PHARENDA,-,-,Ganga,Ganga,Ghaghra,Rapti,Rohin,Rohin,27.11777778,83.42000000,01-05-2026 05:30,7.5
3504,Trimohinighat,CWC,9,Uttar Pradesh,164,Maharajganj,PHARENDA,-,-,Ganga,Ganga,Ghaghra,Rapti,Rohin,Rohin,27.11777778,83.42000000,01-05-2026 06:30,3
3505,Trimohinighat,CWC,9,Uttar Pradesh,164,Maharajganj,PHARENDA,-,-,Ganga,Ganga,Ghaghra,Rapti,Rohin,Rohin,27.11777778,83.42000000,01-05-2026 07:30,2.5
3506,Trimohinighat,CWC,9,Uttar Pradesh,164,Maharajganj,PHARENDA,-,-,Ganga,Ganga,Ghaghra,Rapti,Rohin,Rohin,27.11777778,83.42000000,01-05-2026 09:30,1
3507,Trimohinighat,CWC,9,Uttar Pradesh,164,Maharajganj,PHARENDA,-,-,Ganga,Ganga,Ghaghra,Rapti,Rohin,Rohin,27.11777778,83.42000000,01-05-2026 10:30,0.5
3508,Trimohinighat,CWC,9,Uttar Pradesh,164,Maharajganj,PHARENDA,-,-,Ganga,Ganga,Ghaghra,Rapti,Rohin,Rohin,27.11777778,83.42000000,02-05-2026 05:30,1.5
3509,Trimohinighat,CWC,9,Uttar Pradesh,164,Maharajganj,PHARENDA,-,-,Ganga,Ganga,Ghaghra,Rapti,Rohin,Rohin,27.11777778,83.42000000,02-05-2026 07:30,1.5
3510,Trimohinighat,CWC,9,Uttar Pradesh,164,Maharajganj,PHARENDA,-,-,Ganga,Ganga,Ghaghra,Rapti,Rohin,Rohin,27.11777778,83.42000000,26-05-2026 04:30,3
3511,Trimohinighat,CWC,9,Uttar Pradesh,164,Maharajganj,PHARENDA,-,-,Ganga,Ganga,Ghaghra,Rapti,Rohin,Rohin,27.11777778,83.42000000,26-05-2026 05:30,3
3512,Trimohinighat,CWC,9,Uttar Pradesh,164,Maharajganj,PHARENDA,-,-,Ganga,Ganga,Ghaghra,Rapti,Rohin,Rohin,27.11777778,83.42000000,29-05-2026 03:30,1.5
3513,Trimohinighat,CWC,9,Uttar Pradesh,164,Maharajganj,PHARENDA,-,-,Ganga,Ganga,Ghaghra,Rapti,Rohin,Rohin,27.11777778,83.42000000,29-05-2026 04:30,4.5
3514,Trimohinighat,CWC,9,Uttar Pradesh,164,Maharajganj,PHARENDA,-,-,Ganga,Ganga,Ghaghra,Rapti,Rohin,Rohin,27.11777778,83.42000000,29-05-2026 05:30,3
3515,Trimohinighat,CWC,9,Uttar Pradesh,164,Maharajganj,PHARENDA,-,-,Ganga,Ganga,Ghaghra,Rapti,Rohin,Rohin,27.11777778,83.42000000,29-05-2026 07:30,1.5
3516,Trimohinighat,CWC,9,Uttar Pradesh,164,Maharajganj,PHARENDA,-,-,Ganga,Ganga,Ghaghra,Rapti,Rohin,Rohin,27.11777778,83.42000000,29-05-2026 08:30,5
3517,Trimohinighat,CWC,9,Uttar Pradesh,164,Maharajganj,PHARENDA,-,-,Ganga,Ganga,Ghaghra,Rapti,Rohin,Rohin,27.11777778,83.42000000,29-05-2026 09:30,3
3518,Trimohinighat,CWC,9,Uttar Pradesh,164,Maharajganj,PHARENDA,-,-,Ganga,Ganga,Ghaghra,Rapti,Rohin,Rohin,27.11777778,83.42000000,29-05-2026 18:30,3
3519,Trimohinighat,CWC,9,Uttar Pradesh,164,Maharajganj,PHARENDA,-,-,Ganga,Ganga,Ghaghra,Rapti,Rohin,Rohin,27.11777778,83.42000000,30-05-2026 04:30,3
3520,Trimohinighat,CWC,9,Uttar Pradesh,164,Maharajganj,PHARENDA,-,-,Ganga,Ganga,Ghaghra,Rapti,Rohin,Rohin,27.11777778,83.42000000,30-05-2026 05:30,3
3521,Trimohinighat,CWC,9,Uttar Pradesh,164,Maharajganj,PHARENDA,-,-,Ganga,Ganga,Ghaghra,Rapti,Rohin,Rohin,27.11777778,83.42000000,30-05-2026 07:30,3
3522,Uskabazar,CWC,9,Uttar Pradesh,182,SIDDHARTHNAGAR,NAUGARH,-,-,Ganga,Ganga,Ghaghra,Rapti,Burhi Rapti,Kunhara,27.18888889,83.12555556,04-02-2026 05:30,119
3523,Uskabazar,CWC,9,Uttar Pradesh,182,SIDDHARTHNAGAR,NAUGARH,-,-,Ganga,Ganga,Ghaghra,Rapti,Burhi Rapti,Kunhara,27.18888889,83.12555556,04-04-2026 20:30,177
3524,Uskabazar,CWC,9,Uttar Pradesh,182,SIDDHARTHNAGAR,NAUGARH,-,-,Ganga,Ganga,Ghaghra,Rapti,Burhi Rapti,Kunhara,27.18888889,83.12555556,04-04-2026 23:30,1
3525,Uskabazar,CWC,9,Uttar Pradesh,182,SIDDHARTHNAGAR,NAUGARH,-,-,Ganga,Ganga,Ghaghra,Rapti,Burhi Rapti,Kunhara,27.18888889,83.12555556,05-04-2026 05:30,1
3526,Uskabazar,CWC,9,Uttar Pradesh,182,SIDDHARTHNAGAR,NAUGARH,-,-,Ganga,Ganga,Ghaghra,Rapti,Burhi Rapti,Kunhara,27.18888889,83.12555556,05-04-2026 12:30,305.5
3527,Uskabazar,CWC,9,Uttar Pradesh,182,SIDDHARTHNAGAR,NAUGARH,-,-,Ganga,Ganga,Ghaghra,Rapti,Burhi Rapti,Kunhara,27.18888889,83.12555556,05-04-2026 13:30,6.5
3528,Uskabazar,CWC,9,Uttar Pradesh,182,SIDDHARTHNAGAR,NAUGARH,-,-,Ganga,Ganga,Ghaghra,Rapti,Burhi Rapti,Kunhara,27.18888889,83.12555556,08-04-2026 18:30,5.5
3529,Uskabazar,CWC,9,Uttar Pradesh,182,SIDDHARTHNAGAR,NAUGARH,-,-,Ganga,Ganga,Ghaghra,Rapti,Burhi Rapti,Kunhara,27.18888889,83.12555556,08-04-2026 22:30,28.5
3530,Uskabazar,CWC,9,Uttar Pradesh,182,SIDDHARTHNAGAR,NAUGARH,-,-,Ganga,Ganga,Ghaghra,Rapti,Burhi Rapti,Kunhara,27.18888889,83.12555556,08-04-2026 23:30,73
3531,Uskabazar,CWC,9,Uttar Pradesh,182,SIDDHARTHNAGAR,NAUGARH,-,-,Ganga,Ganga,Ghaghra,Rapti,Burhi Rapti,Kunhara,27.18888889,83.12555556,09-04-2026 01:30,5
3532,Uskabazar,CWC,9,Uttar Pradesh,182,SIDDHARTHNAGAR,NAUGARH,-,-,Ganga,Ganga,Ghaghra,Rapti,Burhi Rapti,Kunhara,27.18888889,83.12555556,09-04-2026 02:30,5
3533,Uskabazar,CWC,9,Uttar Pradesh,182,SIDDHARTHNAGAR,NAUGARH,-,-,Ganga,Ganga,Ghaghra,Rapti,Burhi Rapti,Kunhara,27.18888889,83.12555556,09-04-2026 04:30,5
3534,Uskabazar,CWC,9,Uttar Pradesh,182,SIDDHARTHNAGAR,NAUGARH,-,-,Ganga,Ganga,Ghaghra,Rapti,Burhi Rapti,Kunhara,27.18888889,83.12555556,09-04-2026 11:30,494
3535,Uskabazar,CWC,9,Uttar Pradesh,182,SIDDHARTHNAGAR,NAUGARH,-,-,Ganga,Ganga,Ghaghra,Rapti,Burhi Rapti,Kunhara,27.18888889,83.12555556,11-04-2026 18:30,5
3536,Uskabazar,CWC,9,Uttar Pradesh,182,SIDDHARTHNAGAR,NAUGARH,-,-,Ganga,Ganga,Ghaghra,Rapti,Burhi Rapti,Kunhara,27.18888889,83.12555556,13-04-2026 07:30,456
3537,Uskabazar,CWC,9,Uttar Pradesh,182,SIDDHARTHNAGAR,NAUGARH,-,-,Ganga,Ganga,Ghaghra,Rapti,Burhi Rapti,Kunhara,27.18888889,83.12555556,13-04-2026 08:30,8
3538,Uskabazar,CWC,9,Uttar Pradesh,182,SIDDHARTHNAGAR,NAUGARH,-,-,Ganga,Ganga,Ghaghra,Rapti,Burhi Rapti,Kunhara,27.18888889,83.12555556,18-04-2026 16:30,368
3539,Uskabazar,CWC,9,Uttar Pradesh,182,SIDDHARTHNAGAR,NAUGARH,-,-,Ganga,Ganga,Ghaghra,Rapti,Burhi Rapti,Kunhara,27.18888889,83.12555556,20-04-2026 00:30,1.5
3540,Uskabazar,CWC,9,Uttar Pradesh,182,SIDDHARTHNAGAR,NAUGARH,-,-,Ganga,Ganga,Ghaghra,Rapti,Burhi Rapti,Kunhara,27.18888889,83.12555556,26-04-2026 15:30,144
3541,Uskabazar,CWC,9,Uttar Pradesh,182,SIDDHARTHNAGAR,NAUGARH,-,-,Ganga,Ganga,Ghaghra,Rapti,Burhi Rapti,Kunhara,27.18888889,83.12555556,28-04-2026 01:30,144
3542,Uskabazar,CWC,9,Uttar Pradesh,182,SIDDHARTHNAGAR,NAUGARH,-,-,Ganga,Ganga,Ghaghra,Rapti,Burhi Rapti,Kunhara,27.18888889,83.12555556,28-04-2026 06:30,320
3543,Uskabazar,CWC,9,Uttar Pradesh,182,SIDDHARTHNAGAR,NAUGARH,-,-,Ganga,Ganga,Ghaghra,Rapti,Burhi Rapti,Kunhara,27.18888889,83.12555556,28-04-2026 11:00,133
3544,Uskabazar,CWC,9,Uttar Pradesh,182,SIDDHARTHNAGAR,NAUGARH,-,-,Ganga,Ganga,Ghaghra,Rapti,Burhi Rapti,Kunhara,27.18888889,83.12555556,30-04-2026 00:30,2.5
3545,Uskabazar,CWC,9,Uttar Pradesh,182,SIDDHARTHNAGAR,NAUGARH,-,-,Ganga,Ganga,Ghaghra,Rapti,Burhi Rapti,Kunhara,27.18888889,83.12555556,30-04-2026 01:30,17
3546,Uskabazar,CWC,9,Uttar Pradesh,182,SIDDHARTHNAGAR,NAUGARH,-,-,Ganga,Ganga,Ghaghra,Rapti,Burhi Rapti,Kunhara,27.18888889,83.12555556,30-04-2026 02:30,2.5
3547,Uskabazar,CWC,9,Uttar Pradesh,182,SIDDHARTHNAGAR,NAUGARH,-,-,Ganga,Ganga,Ghaghra,Rapti,Burhi Rapti,Kunhara,27.18888889,83.12555556,01-05-2026 06:30,1
3548,Uskabazar,CWC,9,Uttar Pradesh,182,SIDDHARTHNAGAR,NAUGARH,-,-,Ganga,Ganga,Ghaghra,Rapti,Burhi Rapti,Kunhara,27.18888889,83.12555556,02-05-2026 04:30,5
3549,Uskabazar,CWC,9,Uttar Pradesh,182,SIDDHARTHNAGAR,NAUGARH,-,-,Ganga,Ganga,Ghaghra,Rapti,Burhi Rapti,Kunhara,27.18888889,83.12555556,02-05-2026 07:30,5.5
3550,Uskabazar,CWC,9,Uttar Pradesh,182,SIDDHARTHNAGAR,NAUGARH,-,-,Ganga,Ganga,Ghaghra,Rapti,Burhi Rapti,Kunhara,27.18888889,83.12555556,10-05-2026 15:30,210.5
3551,Uskabazar,CWC,9,Uttar Pradesh,182,SIDDHARTHNAGAR,NAUGARH,-,-,Ganga,Ganga,Ghaghra,Rapti,Burhi Rapti,Kunhara,27.18888889,83.12555556,11-05-2026 00:30,0.5
3552,Uskabazar,CWC,9,Uttar Pradesh,182,SIDDHARTHNAGAR,NAUGARH,-,-,Ganga,Ganga,Ghaghra,Rapti,Burhi Rapti,Kunhara,27.18888889,83.12555556,11-05-2026 01:30,0.5
3553,Uskabazar,CWC,9,Uttar Pradesh,182,SIDDHARTHNAGAR,NAUGARH,-,-,Ganga,Ganga,Ghaghra,Rapti,Burhi Rapti,Kunhara,27.18888889,83.12555556,11-05-2026 02:30,0.5
3554,Uskabazar,CWC,9,Uttar Pradesh,182,SIDDHARTHNAGAR,NAUGARH,-,-,Ganga,Ganga,Ghaghra,Rapti,Burhi Rapti,Kunhara,27.18888889,83.12555556,11-05-2026 03:30,0.5
3555,Uskabazar,CWC,9,Uttar Pradesh,182,SIDDHARTHNAGAR,NAUGARH,-,-,Ganga,Ganga,Ghaghra,Rapti,Burhi Rapti,Kunhara,27.18888889,83.12555556,11-05-2026 05:30,0.5
3556,Uskabazar,CWC,9,Uttar Pradesh,182,SIDDHARTHNAGAR,NAUGARH,-,-,Ganga,Ganga,Ghaghra,Rapti,Burhi Rapti,Kunhara,27.18888889,83.12555556,11-05-2026 07:30,0.5
3557,Uskabazar,CWC,9,Uttar Pradesh,182,SIDDHARTHNAGAR,NAUGARH,-,-,Ganga,Ganga,Ghaghra,Rapti,Burhi Rapti,Kunhara,27.18888889,83.12555556,11-05-2026 14:30,87.5
3558,Uskabazar,CWC,9,Uttar Pradesh,182,SIDDHARTHNAGAR,NAUGARH,-,-,Ganga,Ganga,Ghaghra,Rapti,Burhi Rapti,Kunhara,27.18888889,83.12555556,15-05-2026 15:30,1.5
3559,Uskabazar,CWC,9,Uttar Pradesh,182,SIDDHARTHNAGAR,NAUGARH,-,-,Ganga,Ganga,Ghaghra,Rapti,Burhi Rapti,Kunhara,27.18888889,83.12555556,16-05-2026 15:00,402
3560,Uskabazar,CWC,9,Uttar Pradesh,182,SIDDHARTHNAGAR,NAUGARH,-,-,Ganga,Ganga,Ghaghra,Rapti,Burhi Rapti,Kunhara,27.18888889,83.12555556,16-05-2026 20:30,80
3561,Uskabazar,CWC,9,Uttar Pradesh,182,SIDDHARTHNAGAR,NAUGARH,-,-,Ganga,Ganga,Ghaghra,Rapti,Burhi Rapti,Kunhara,27.18888889,83.12555556,23-05-2026 11:30,291
3562,Uskabazar,CWC,9,Uttar Pradesh,182,SIDDHARTHNAGAR,NAUGARH,-,-,Ganga,Ganga,Ghaghra,Rapti,Burhi Rapti,Kunhara,27.18888889,83.12555556,23-05-2026 12:30,87
3563,Uskabazar,CWC,9,Uttar Pradesh,182,SIDDHARTHNAGAR,NAUGARH,-,-,Ganga,Ganga,Ghaghra,Rapti,Burhi Rapti,Kunhara,27.18888889,83.12555556,24-05-2026 16:30,80
3564,Uskabazar,CWC,9,Uttar Pradesh,182,SIDDHARTHNAGAR,NAUGARH,-,-,Ganga,Ganga,Ghaghra,Rapti,Burhi Rapti,Kunhara,27.18888889,83.12555556,24-05-2026 17:30,88.5
3565,Uskabazar,CWC,9,Uttar Pradesh,182,SIDDHARTHNAGAR,NAUGARH,-,-,Ganga,Ganga,Ghaghra,Rapti,Burhi Rapti,Kunhara,27.18888889,83.12555556,29-05-2026 06:30,4
3566,Uskabazar,CWC,9,Uttar Pradesh,182,SIDDHARTHNAGAR,NAUGARH,-,-,Ganga,Ganga,Ghaghra,Rapti,Burhi Rapti,Kunhara,27.18888889,83.12555556,29-05-2026 18:30,44
3567,Uskabazar,CWC,9,Uttar Pradesh,182,SIDDHARTHNAGAR,NAUGARH,-,-,Ganga,Ganga,Ghaghra,Rapti,Burhi Rapti,Kunhara,27.18888889,83.12555556,29-05-2026 19:30,424.5
3568,Uskabazar,CWC,9,Uttar Pradesh,182,SIDDHARTHNAGAR,NAUGARH,-,-,Ganga,Ganga,Ghaghra,Rapti,Burhi Rapti,Kunhara,27.18888889,83.12555556,29-05-2026 21:30,1.5
3569,Uskabazar,CWC,9,Uttar Pradesh,182,SIDDHARTHNAGAR,NAUGARH,-,-,Ganga,Ganga,Ghaghra,Rapti,Burhi Rapti,Kunhara,27.18888889,83.12555556,30-05-2026 15:30,213
3570,Uskabazar,CWC,9,Uttar Pradesh,182,SIDDHARTHNAGAR,NAUGARH,-,-,Ganga,Ganga,Ghaghra,Rapti,Burhi Rapti,Kunhara,27.18888889,83.12555556,30-05-2026 18:30,408
3571,Uskabazar,CWC,9,Uttar Pradesh,182,SIDDHARTHNAGAR,NAUGARH,-,-,Ganga,Ganga,Ghaghra,Rapti,Burhi Rapti,Kunhara,27.18888889,83.12555556,31-05-2026 21:30,179.5
3572,Uskabazar,CWC,9,Uttar Pradesh,182,SIDDHARTHNAGAR,NAUGARH,-,-,Ganga,Ganga,Ghaghra,Rapti,Burhi Rapti,Kunhara,27.18888889,83.12555556,31-05-2026 22:30,3
3573,Uskabazar,CWC,9,Uttar Pradesh,182,SIDDHARTHNAGAR,NAUGARH,-,-,Ganga,Ganga,Ghaghra,Rapti,Burhi Rapti,Kunhara,27.18888889,83.12555556,01-06-2026 04:30,136
3574,Uskabazar,CWC,9,Uttar Pradesh,182,SIDDHARTHNAGAR,NAUGARH,-,-,Ganga,Ganga,Ghaghra,Rapti,Burhi Rapti,Kunhara,27.18888889,83.12555556,02-06-2026 12:30,2.5
3575,Uskabazar,CWC,9,Uttar Pradesh,182,SIDDHARTHNAGAR,NAUGARH,-,-,Ganga,Ganga,Ghaghra,Rapti,Burhi Rapti,Kunhara,27.18888889,83.12555556,03-06-2026 00:30,1.5
