SlNo,Station,Agency,State LGD Code,State,District LGD Code,District,Tehsil,Block,Village,River,Basin,Tributary,Subtributary,SubSubtributary,Local River,Latitude,Longitude,Data Acquisition Time,Telemetry Hourly Rainfall (mm)
1,Anaikattucherry,CWC,33,Tamil Nadu,589,Tiruvallur,-,-,-,-,East flowing rivers between Pennar and Kanyakumari,-,-,-,-,13.10722222,80.05944444,03-01-2026 13:00,2
2,Anaikattucherry,CWC,33,Tamil Nadu,589,Tiruvallur,-,-,-,-,East flowing rivers between Pennar and Kanyakumari,-,-,-,-,13.10722222,80.05944444,03-01-2026 13:00,2
3,Anaikattucherry,CWC,33,Tamil Nadu,589,Tiruvallur,-,-,-,-,East flowing rivers between Pennar and Kanyakumari,-,-,-,-,13.10722222,80.05944444,03-01-2026 19:00,1
4,Anaikattucherry,CWC,33,Tamil Nadu,589,Tiruvallur,-,-,-,-,East flowing rivers between Pennar and Kanyakumari,-,-,-,-,13.10722222,80.05944444,04-01-2026 02:00,1
5,Anaikattucherry,CWC,33,Tamil Nadu,589,Tiruvallur,-,-,-,-,East flowing rivers between Pennar and Kanyakumari,-,-,-,-,13.10722222,80.05944444,04-01-2026 19:00,192
6,Anaikattucherry,CWC,33,Tamil Nadu,589,Tiruvallur,-,-,-,-,East flowing rivers between Pennar and Kanyakumari,-,-,-,-,13.10722222,80.05944444,13-01-2026 02:00,128
7,Anaikattucherry,CWC,33,Tamil Nadu,589,Tiruvallur,-,-,-,-,East flowing rivers between Pennar and Kanyakumari,-,-,-,-,13.10722222,80.05944444,16-01-2026 10:00,183
8,Anaikattucherry,CWC,33,Tamil Nadu,589,Tiruvallur,-,-,-,-,East flowing rivers between Pennar and Kanyakumari,-,-,-,-,13.10722222,80.05944444,17-01-2026 11:00,96.5
9,Anaikattucherry,CWC,33,Tamil Nadu,589,Tiruvallur,-,-,-,-,East flowing rivers between Pennar and Kanyakumari,-,-,-,-,13.10722222,80.05944444,24-01-2026 07:00,1
10,Anaikattucherry,CWC,33,Tamil Nadu,589,Tiruvallur,-,-,-,-,East flowing rivers between Pennar and Kanyakumari,-,-,-,-,13.10722222,80.05944444,24-01-2026 08:00,1
11,Anaikattucherry,CWC,33,Tamil Nadu,589,Tiruvallur,-,-,-,-,East flowing rivers between Pennar and Kanyakumari,-,-,-,-,13.10722222,80.05944444,24-01-2026 17:00,0.5
12,Anaikattucherry,CWC,33,Tamil Nadu,589,Tiruvallur,-,-,-,-,East flowing rivers between Pennar and Kanyakumari,-,-,-,-,13.10722222,80.05944444,25-01-2026 07:00,0.5
13,Anaikattucherry,CWC,33,Tamil Nadu,589,Tiruvallur,-,-,-,-,East flowing rivers between Pennar and Kanyakumari,-,-,-,-,13.10722222,80.05944444,25-01-2026 08:00,2.5
14,Anaikattucherry,CWC,33,Tamil Nadu,589,Tiruvallur,-,-,-,-,East flowing rivers between Pennar and Kanyakumari,-,-,-,-,13.10722222,80.05944444,25-01-2026 10:00,0.5
15,Anaikattucherry,CWC,33,Tamil Nadu,589,Tiruvallur,-,-,-,-,East flowing rivers between Pennar and Kanyakumari,-,-,-,-,13.10722222,80.05944444,25-01-2026 21:00,22.5
16,Anaikattucherry,CWC,33,Tamil Nadu,589,Tiruvallur,-,-,-,-,East flowing rivers between Pennar and Kanyakumari,-,-,-,-,13.10722222,80.05944444,25-01-2026 22:00,2.5
17,Anaikattucherry,CWC,33,Tamil Nadu,589,Tiruvallur,-,-,-,-,East flowing rivers between Pennar and Kanyakumari,-,-,-,-,13.10722222,80.05944444,25-01-2026 23:00,0.5
18,Anaikattucherry,CWC,33,Tamil Nadu,589,Tiruvallur,-,-,-,-,East flowing rivers between Pennar and Kanyakumari,-,-,-,-,13.10722222,80.05944444,26-01-2026 01:00,1.5
19,Anaikattucherry,CWC,33,Tamil Nadu,589,Tiruvallur,-,-,-,-,East flowing rivers between Pennar and Kanyakumari,-,-,-,-,13.10722222,80.05944444,26-01-2026 02:00,0.5
20,Anaikattucherry,CWC,33,Tamil Nadu,589,Tiruvallur,-,-,-,-,East flowing rivers between Pennar and Kanyakumari,-,-,-,-,13.10722222,80.05944444,26-01-2026 03:00,0.5
21,Anaikattucherry,CWC,33,Tamil Nadu,589,Tiruvallur,-,-,-,-,East flowing rivers between Pennar and Kanyakumari,-,-,-,-,13.10722222,80.05944444,26-01-2026 04:00,0.5
22,Anaikattucherry,CWC,33,Tamil Nadu,589,Tiruvallur,-,-,-,-,East flowing rivers between Pennar and Kanyakumari,-,-,-,-,13.10722222,80.05944444,26-01-2026 07:00,0.5
23,Anaikattucherry,CWC,33,Tamil Nadu,589,Tiruvallur,-,-,-,-,East flowing rivers between Pennar and Kanyakumari,-,-,-,-,13.10722222,80.05944444,26-01-2026 13:00,2
24,Anaikattucherry,CWC,33,Tamil Nadu,589,Tiruvallur,-,-,-,-,East flowing rivers between Pennar and Kanyakumari,-,-,-,-,13.10722222,80.05944444,30-01-2026 20:00,0.5
25,Anaikattucherry,CWC,33,Tamil Nadu,589,Tiruvallur,-,-,-,-,East flowing rivers between Pennar and Kanyakumari,-,-,-,-,13.10722222,80.05944444,01-02-2026 11:00,335
26,Anaikattucherry,CWC,33,Tamil Nadu,589,Tiruvallur,-,-,-,-,East flowing rivers between Pennar and Kanyakumari,-,-,-,-,13.10722222,80.05944444,02-02-2026 01:00,269
27,Anaikattucherry,CWC,33,Tamil Nadu,589,Tiruvallur,-,-,-,-,East flowing rivers between Pennar and Kanyakumari,-,-,-,-,13.10722222,80.05944444,14-02-2026 03:00,257
28,Anaikattucherry,CWC,33,Tamil Nadu,589,Tiruvallur,-,-,-,-,East flowing rivers between Pennar and Kanyakumari,-,-,-,-,13.10722222,80.05944444,19-02-2026 06:00,34
29,Anaikattucherry,CWC,33,Tamil Nadu,589,Tiruvallur,-,-,-,-,East flowing rivers between Pennar and Kanyakumari,-,-,-,-,13.10722222,80.05944444,23-02-2026 04:00,37
30,Anaikattucherry,CWC,33,Tamil Nadu,589,Tiruvallur,-,-,-,-,East flowing rivers between Pennar and Kanyakumari,-,-,-,-,13.10722222,80.05944444,19-03-2026 01:00,2
31,Anaikattucherry,CWC,33,Tamil Nadu,589,Tiruvallur,-,-,-,-,East flowing rivers between Pennar and Kanyakumari,-,-,-,-,13.10722222,80.05944444,19-03-2026 02:00,2
32,Anaikattucherry,CWC,33,Tamil Nadu,589,Tiruvallur,-,-,-,-,East flowing rivers between Pennar and Kanyakumari,-,-,-,-,13.10722222,80.05944444,19-03-2026 03:00,4.5
33,Anaikattucherry,CWC,33,Tamil Nadu,589,Tiruvallur,-,-,-,-,East flowing rivers between Pennar and Kanyakumari,-,-,-,-,13.10722222,80.05944444,19-03-2026 03:00,4.5
34,Anaikattucherry,CWC,33,Tamil Nadu,589,Tiruvallur,-,-,-,-,East flowing rivers between Pennar and Kanyakumari,-,-,-,-,13.10722222,80.05944444,19-03-2026 04:00,4.5
35,Anaikattucherry,CWC,33,Tamil Nadu,589,Tiruvallur,-,-,-,-,East flowing rivers between Pennar and Kanyakumari,-,-,-,-,13.10722222,80.05944444,19-03-2026 04:00,0.5
36,Anaikattucherry,CWC,33,Tamil Nadu,589,Tiruvallur,-,-,-,-,East flowing rivers between Pennar and Kanyakumari,-,-,-,-,13.10722222,80.05944444,28-03-2026 05:00,144
37,Anaikattucherry,CWC,33,Tamil Nadu,589,Tiruvallur,-,-,-,-,East flowing rivers between Pennar and Kanyakumari,-,-,-,-,13.10722222,80.05944444,28-03-2026 21:00,6
38,Anaikattucherry,CWC,33,Tamil Nadu,589,Tiruvallur,-,-,-,-,East flowing rivers between Pennar and Kanyakumari,-,-,-,-,13.10722222,80.05944444,02-04-2026 08:00,0.5
39,Anaikattucherry,CWC,33,Tamil Nadu,589,Tiruvallur,-,-,-,-,East flowing rivers between Pennar and Kanyakumari,-,-,-,-,13.10722222,80.05944444,05-04-2026 02:00,39
40,Anaikattucherry,CWC,33,Tamil Nadu,589,Tiruvallur,-,-,-,-,East flowing rivers between Pennar and Kanyakumari,-,-,-,-,13.10722222,80.05944444,06-04-2026 13:00,0.5
41,Anaikattucherry,CWC,33,Tamil Nadu,589,Tiruvallur,-,-,-,-,East flowing rivers between Pennar and Kanyakumari,-,-,-,-,13.10722222,80.05944444,06-04-2026 13:00,0.5
42,Anaikattucherry,CWC,33,Tamil Nadu,589,Tiruvallur,-,-,-,-,East flowing rivers between Pennar and Kanyakumari,-,-,-,-,13.10722222,80.05944444,06-04-2026 18:00,6
43,Anaikattucherry,CWC,33,Tamil Nadu,589,Tiruvallur,-,-,-,-,East flowing rivers between Pennar and Kanyakumari,-,-,-,-,13.10722222,80.05944444,06-04-2026 21:00,6
44,Anaikattucherry,CWC,33,Tamil Nadu,589,Tiruvallur,-,-,-,-,East flowing rivers between Pennar and Kanyakumari,-,-,-,-,13.10722222,80.05944444,07-04-2026 00:00,6
45,Anaikattucherry,CWC,33,Tamil Nadu,589,Tiruvallur,-,-,-,-,East flowing rivers between Pennar and Kanyakumari,-,-,-,-,13.10722222,80.05944444,07-04-2026 04:00,6
46,Anaikattucherry,CWC,33,Tamil Nadu,589,Tiruvallur,-,-,-,-,East flowing rivers between Pennar and Kanyakumari,-,-,-,-,13.10722222,80.05944444,07-04-2026 07:00,6
47,Anaikattucherry,CWC,33,Tamil Nadu,589,Tiruvallur,-,-,-,-,East flowing rivers between Pennar and Kanyakumari,-,-,-,-,13.10722222,80.05944444,08-04-2026 17:30,6
48,Anaikattucherry,CWC,33,Tamil Nadu,589,Tiruvallur,-,-,-,-,East flowing rivers between Pennar and Kanyakumari,-,-,-,-,13.10722222,80.05944444,10-04-2026 14:00,257
49,Anaikattucherry,CWC,33,Tamil Nadu,589,Tiruvallur,-,-,-,-,East flowing rivers between Pennar and Kanyakumari,-,-,-,-,13.10722222,80.05944444,11-04-2026 00:00,257
50,Anaikattucherry,CWC,33,Tamil Nadu,589,Tiruvallur,-,-,-,-,East flowing rivers between Pennar and Kanyakumari,-,-,-,-,13.10722222,80.05944444,15-04-2026 06:00,224
51,Anaikattucherry,CWC,33,Tamil Nadu,589,Tiruvallur,-,-,-,-,East flowing rivers between Pennar and Kanyakumari,-,-,-,-,13.10722222,80.05944444,15-04-2026 10:00,510
52,Anaikattucherry,CWC,33,Tamil Nadu,589,Tiruvallur,-,-,-,-,East flowing rivers between Pennar and Kanyakumari,-,-,-,-,13.10722222,80.05944444,15-04-2026 11:00,224.5
53,Anaikattucherry,CWC,33,Tamil Nadu,589,Tiruvallur,-,-,-,-,East flowing rivers between Pennar and Kanyakumari,-,-,-,-,13.10722222,80.05944444,22-04-2026 17:00,2.5
54,Anaikattucherry,CWC,33,Tamil Nadu,589,Tiruvallur,-,-,-,-,East flowing rivers between Pennar and Kanyakumari,-,-,-,-,13.10722222,80.05944444,23-04-2026 22:00,128.5
55,Anaikattucherry,CWC,33,Tamil Nadu,589,Tiruvallur,-,-,-,-,East flowing rivers between Pennar and Kanyakumari,-,-,-,-,13.10722222,80.05944444,27-04-2026 19:30,55.5
56,Anaikattucherry,CWC,33,Tamil Nadu,589,Tiruvallur,-,-,-,-,East flowing rivers between Pennar and Kanyakumari,-,-,-,-,13.10722222,80.05944444,27-04-2026 20:30,41.5
57,Anaikattucherry,CWC,33,Tamil Nadu,589,Tiruvallur,-,-,-,-,East flowing rivers between Pennar and Kanyakumari,-,-,-,-,13.10722222,80.05944444,29-04-2026 20:00,216
58,Anaikattucherry,CWC,33,Tamil Nadu,589,Tiruvallur,-,-,-,-,East flowing rivers between Pennar and Kanyakumari,-,-,-,-,13.10722222,80.05944444,29-04-2026 21:00,32
59,Anaikattucherry,CWC,33,Tamil Nadu,589,Tiruvallur,-,-,-,-,East flowing rivers between Pennar and Kanyakumari,-,-,-,-,13.10722222,80.05944444,10-05-2026 04:00,2.5
60,Anaikattucherry,CWC,33,Tamil Nadu,589,Tiruvallur,-,-,-,-,East flowing rivers between Pennar and Kanyakumari,-,-,-,-,13.10722222,80.05944444,10-05-2026 05:00,2.5
61,Anaikattucherry,CWC,33,Tamil Nadu,589,Tiruvallur,-,-,-,-,East flowing rivers between Pennar and Kanyakumari,-,-,-,-,13.10722222,80.05944444,10-05-2026 07:00,2.5
62,Anaikattucherry,CWC,33,Tamil Nadu,589,Tiruvallur,-,-,-,-,East flowing rivers between Pennar and Kanyakumari,-,-,-,-,13.10722222,80.05944444,10-05-2026 14:30,303
63,Anaikattucherry,CWC,33,Tamil Nadu,589,Tiruvallur,-,-,-,-,East flowing rivers between Pennar and Kanyakumari,-,-,-,-,13.10722222,80.05944444,10-05-2026 15:30,363
64,Anaikattucherry,CWC,33,Tamil Nadu,589,Tiruvallur,-,-,-,-,East flowing rivers between Pennar and Kanyakumari,-,-,-,-,13.10722222,80.05944444,12-05-2026 19:00,64
65,Anaikattucherry,CWC,33,Tamil Nadu,589,Tiruvallur,-,-,-,-,East flowing rivers between Pennar and Kanyakumari,-,-,-,-,13.10722222,80.05944444,18-05-2026 10:30,4.5
66,Anaikattucherry,CWC,33,Tamil Nadu,589,Tiruvallur,-,-,-,-,East flowing rivers between Pennar and Kanyakumari,-,-,-,-,13.10722222,80.05944444,23-05-2026 23:00,225.5
67,Anaikattucherry,CWC,33,Tamil Nadu,589,Tiruvallur,-,-,-,-,East flowing rivers between Pennar and Kanyakumari,-,-,-,-,13.10722222,80.05944444,24-05-2026 12:00,160
68,Anaikattucherry,CWC,33,Tamil Nadu,589,Tiruvallur,-,-,-,-,East flowing rivers between Pennar and Kanyakumari,-,-,-,-,13.10722222,80.05944444,24-05-2026 13:00,192
69,Anaikattucherry,CWC,33,Tamil Nadu,589,Tiruvallur,-,-,-,-,East flowing rivers between Pennar and Kanyakumari,-,-,-,-,13.10722222,80.05944444,27-05-2026 03:00,258
70,Anaikattucherry,CWC,33,Tamil Nadu,589,Tiruvallur,-,-,-,-,East flowing rivers between Pennar and Kanyakumari,-,-,-,-,13.10722222,80.05944444,01-06-2026 11:00,290.5
71,Anaikattucherry,CWC,33,Tamil Nadu,589,Tiruvallur,-,-,-,-,East flowing rivers between Pennar and Kanyakumari,-,-,-,-,13.10722222,80.05944444,01-06-2026 16:00,24
72,Anaikattucherry,CWC,33,Tamil Nadu,589,Tiruvallur,-,-,-,-,East flowing rivers between Pennar and Kanyakumari,-,-,-,-,13.10722222,80.05944444,01-06-2026 17:00,136
73,Anaikattucherry,CWC,33,Tamil Nadu,589,Tiruvallur,-,-,-,-,East flowing rivers between Pennar and Kanyakumari,-,-,-,-,13.10722222,80.05944444,02-06-2026 02:00,0.5
74,Anakaputhur_1,CWC,33,Tamil Nadu,568,Chennai,-,-,-,-,East flowing rivers between Pennar and Kanyakumari,-,-,-,-,12.98611111,80.11972222,01-01-2026 01:00,1.5
75,Anakaputhur_1,CWC,33,Tamil Nadu,568,Chennai,-,-,-,-,East flowing rivers between Pennar and Kanyakumari,-,-,-,-,12.98611111,80.11972222,01-01-2026 02:00,19
76,Anakaputhur_1,CWC,33,Tamil Nadu,568,Chennai,-,-,-,-,East flowing rivers between Pennar and Kanyakumari,-,-,-,-,12.98611111,80.11972222,01-01-2026 03:00,8
77,Anakaputhur_1,CWC,33,Tamil Nadu,568,Chennai,-,-,-,-,East flowing rivers between Pennar and Kanyakumari,-,-,-,-,12.98611111,80.11972222,01-01-2026 04:00,1
78,Anakaputhur_1,CWC,33,Tamil Nadu,568,Chennai,-,-,-,-,East flowing rivers between Pennar and Kanyakumari,-,-,-,-,12.98611111,80.11972222,01-01-2026 06:00,0.5
79,Anakaputhur_1,CWC,33,Tamil Nadu,568,Chennai,-,-,-,-,East flowing rivers between Pennar and Kanyakumari,-,-,-,-,12.98611111,80.11972222,01-01-2026 06:00,0.5
80,Anakaputhur_1,CWC,33,Tamil Nadu,568,Chennai,-,-,-,-,East flowing rivers between Pennar and Kanyakumari,-,-,-,-,12.98611111,80.11972222,01-01-2026 08:00,1
81,Anakaputhur_1,CWC,33,Tamil Nadu,568,Chennai,-,-,-,-,East flowing rivers between Pennar and Kanyakumari,-,-,-,-,12.98611111,80.11972222,01-01-2026 08:00,1
82,Anakaputhur_1,CWC,33,Tamil Nadu,568,Chennai,-,-,-,-,East flowing rivers between Pennar and Kanyakumari,-,-,-,-,12.98611111,80.11972222,11-01-2026 18:00,3
83,Anakaputhur_1,CWC,33,Tamil Nadu,568,Chennai,-,-,-,-,East flowing rivers between Pennar and Kanyakumari,-,-,-,-,12.98611111,80.11972222,12-01-2026 03:00,0.5
84,Anakaputhur_1,CWC,33,Tamil Nadu,568,Chennai,-,-,-,-,East flowing rivers between Pennar and Kanyakumari,-,-,-,-,12.98611111,80.11972222,12-01-2026 03:00,0.5
85,Anakaputhur_1,CWC,33,Tamil Nadu,568,Chennai,-,-,-,-,East flowing rivers between Pennar and Kanyakumari,-,-,-,-,12.98611111,80.11972222,12-01-2026 05:00,0.5
86,Anakaputhur_1,CWC,33,Tamil Nadu,568,Chennai,-,-,-,-,East flowing rivers between Pennar and Kanyakumari,-,-,-,-,12.98611111,80.11972222,12-01-2026 18:00,16.5
87,Anakaputhur_1,CWC,33,Tamil Nadu,568,Chennai,-,-,-,-,East flowing rivers between Pennar and Kanyakumari,-,-,-,-,12.98611111,80.11972222,16-01-2026 01:00,5
88,Anakaputhur_1,CWC,33,Tamil Nadu,568,Chennai,-,-,-,-,East flowing rivers between Pennar and Kanyakumari,-,-,-,-,12.98611111,80.11972222,23-01-2026 13:00,0.5
89,Anakaputhur_1,CWC,33,Tamil Nadu,568,Chennai,-,-,-,-,East flowing rivers between Pennar and Kanyakumari,-,-,-,-,12.98611111,80.11972222,23-01-2026 14:00,0.5
90,Anakaputhur_1,CWC,33,Tamil Nadu,568,Chennai,-,-,-,-,East flowing rivers between Pennar and Kanyakumari,-,-,-,-,12.98611111,80.11972222,23-01-2026 19:00,0.5
91,Anakaputhur_1,CWC,33,Tamil Nadu,568,Chennai,-,-,-,-,East flowing rivers between Pennar and Kanyakumari,-,-,-,-,12.98611111,80.11972222,24-01-2026 06:00,0.5
92,Anakaputhur_1,CWC,33,Tamil Nadu,568,Chennai,-,-,-,-,East flowing rivers between Pennar and Kanyakumari,-,-,-,-,12.98611111,80.11972222,24-01-2026 07:00,0.5
93,Anakaputhur_1,CWC,33,Tamil Nadu,568,Chennai,-,-,-,-,East flowing rivers between Pennar and Kanyakumari,-,-,-,-,12.98611111,80.11972222,24-01-2026 08:00,0.5
94,Anakaputhur_1,CWC,33,Tamil Nadu,568,Chennai,-,-,-,-,East flowing rivers between Pennar and Kanyakumari,-,-,-,-,12.98611111,80.11972222,24-01-2026 16:00,0.5
95,Anakaputhur_1,CWC,33,Tamil Nadu,568,Chennai,-,-,-,-,East flowing rivers between Pennar and Kanyakumari,-,-,-,-,12.98611111,80.11972222,24-01-2026 17:00,2.5
96,Anakaputhur_1,CWC,33,Tamil Nadu,568,Chennai,-,-,-,-,East flowing rivers between Pennar and Kanyakumari,-,-,-,-,12.98611111,80.11972222,24-01-2026 18:00,0.5
97,Anakaputhur_1,CWC,33,Tamil Nadu,568,Chennai,-,-,-,-,East flowing rivers between Pennar and Kanyakumari,-,-,-,-,12.98611111,80.11972222,25-01-2026 07:00,3
98,Anakaputhur_1,CWC,33,Tamil Nadu,568,Chennai,-,-,-,-,East flowing rivers between Pennar and Kanyakumari,-,-,-,-,12.98611111,80.11972222,25-01-2026 08:00,0.5
99,Anakaputhur_1,CWC,33,Tamil Nadu,568,Chennai,-,-,-,-,East flowing rivers between Pennar and Kanyakumari,-,-,-,-,12.98611111,80.11972222,25-01-2026 09:00,1
100,Anakaputhur_1,CWC,33,Tamil Nadu,568,Chennai,-,-,-,-,East flowing rivers between Pennar and Kanyakumari,-,-,-,-,12.98611111,80.11972222,25-01-2026 19:00,10
101,Anakaputhur_1,CWC,33,Tamil Nadu,568,Chennai,-,-,-,-,East flowing rivers between Pennar and Kanyakumari,-,-,-,-,12.98611111,80.11972222,25-01-2026 20:00,13.5
102,Anakaputhur_1,CWC,33,Tamil Nadu,568,Chennai,-,-,-,-,East flowing rivers between Pennar and Kanyakumari,-,-,-,-,12.98611111,80.11972222,25-01-2026 21:00,3.5
103,Anakaputhur_1,CWC,33,Tamil Nadu,568,Chennai,-,-,-,-,East flowing rivers between Pennar and Kanyakumari,-,-,-,-,12.98611111,80.11972222,25-01-2026 22:00,1
104,Anakaputhur_1,CWC,33,Tamil Nadu,568,Chennai,-,-,-,-,East flowing rivers between Pennar and Kanyakumari,-,-,-,-,12.98611111,80.11972222,26-01-2026 01:00,0.5
105,Anakaputhur_1,CWC,33,Tamil Nadu,568,Chennai,-,-,-,-,East flowing rivers between Pennar and Kanyakumari,-,-,-,-,12.98611111,80.11972222,26-01-2026 05:00,0.5
106,Anakaputhur_1,CWC,33,Tamil Nadu,568,Chennai,-,-,-,-,East flowing rivers between Pennar and Kanyakumari,-,-,-,-,12.98611111,80.11972222,30-01-2026 21:00,34
107,Anakaputhur_1,CWC,33,Tamil Nadu,568,Chennai,-,-,-,-,East flowing rivers between Pennar and Kanyakumari,-,-,-,-,12.98611111,80.11972222,07-02-2026 13:00,8.5
108,Anakaputhur_1,CWC,33,Tamil Nadu,568,Chennai,-,-,-,-,East flowing rivers between Pennar and Kanyakumari,-,-,-,-,12.98611111,80.11972222,10-02-2026 00:00,187
109,Anakaputhur_1,CWC,33,Tamil Nadu,568,Chennai,-,-,-,-,East flowing rivers between Pennar and Kanyakumari,-,-,-,-,12.98611111,80.11972222,22-02-2026 07:00,262.5
110,Anakaputhur_1,CWC,33,Tamil Nadu,568,Chennai,-,-,-,-,East flowing rivers between Pennar and Kanyakumari,-,-,-,-,12.98611111,80.11972222,28-02-2026 06:00,0.5
111,Anakaputhur_1,CWC,33,Tamil Nadu,568,Chennai,-,-,-,-,East flowing rivers between Pennar and Kanyakumari,-,-,-,-,12.98611111,80.11972222,06-03-2026 09:00,4
112,Anakaputhur_1,CWC,33,Tamil Nadu,568,Chennai,-,-,-,-,East flowing rivers between Pennar and Kanyakumari,-,-,-,-,12.98611111,80.11972222,19-03-2026 00:00,6.5
113,Anakaputhur_1,CWC,33,Tamil Nadu,568,Chennai,-,-,-,-,East flowing rivers between Pennar and Kanyakumari,-,-,-,-,12.98611111,80.11972222,19-03-2026 02:00,0.5
114,Anakaputhur_1,CWC,33,Tamil Nadu,568,Chennai,-,-,-,-,East flowing rivers between Pennar and Kanyakumari,-,-,-,-,12.98611111,80.11972222,31-03-2026 11:00,149
115,Anakaputhur_1,CWC,33,Tamil Nadu,568,Chennai,-,-,-,-,East flowing rivers between Pennar and Kanyakumari,-,-,-,-,12.98611111,80.11972222,06-04-2026 12:00,6
116,Anakaputhur_1,CWC,33,Tamil Nadu,568,Chennai,-,-,-,-,East flowing rivers between Pennar and Kanyakumari,-,-,-,-,12.98611111,80.11972222,06-04-2026 13:00,11.5
117,Anakaputhur_1,CWC,33,Tamil Nadu,568,Chennai,-,-,-,-,East flowing rivers between Pennar and Kanyakumari,-,-,-,-,12.98611111,80.11972222,06-04-2026 13:00,11.5
118,Anakaputhur_1,CWC,33,Tamil Nadu,568,Chennai,-,-,-,-,East flowing rivers between Pennar and Kanyakumari,-,-,-,-,12.98611111,80.11972222,06-04-2026 16:00,6
119,Anakaputhur_1,CWC,33,Tamil Nadu,568,Chennai,-,-,-,-,East flowing rivers between Pennar and Kanyakumari,-,-,-,-,12.98611111,80.11972222,06-04-2026 22:00,6
120,Anakaputhur_1,CWC,33,Tamil Nadu,568,Chennai,-,-,-,-,East flowing rivers between Pennar and Kanyakumari,-,-,-,-,12.98611111,80.11972222,07-04-2026 02:00,6
121,Anakaputhur_1,CWC,33,Tamil Nadu,568,Chennai,-,-,-,-,East flowing rivers between Pennar and Kanyakumari,-,-,-,-,12.98611111,80.11972222,07-04-2026 05:00,6
122,Anakaputhur_1,CWC,33,Tamil Nadu,568,Chennai,-,-,-,-,East flowing rivers between Pennar and Kanyakumari,-,-,-,-,12.98611111,80.11972222,07-04-2026 07:00,6
123,Anakaputhur_1,CWC,33,Tamil Nadu,568,Chennai,-,-,-,-,East flowing rivers between Pennar and Kanyakumari,-,-,-,-,12.98611111,80.11972222,10-04-2026 16:00,320
124,Anakaputhur_1,CWC,33,Tamil Nadu,568,Chennai,-,-,-,-,East flowing rivers between Pennar and Kanyakumari,-,-,-,-,12.98611111,80.11972222,13-04-2026 14:00,173
125,Anakaputhur_1,CWC,33,Tamil Nadu,568,Chennai,-,-,-,-,East flowing rivers between Pennar and Kanyakumari,-,-,-,-,12.98611111,80.11972222,13-04-2026 15:00,64
126,Anakaputhur_1,CWC,33,Tamil Nadu,568,Chennai,-,-,-,-,East flowing rivers between Pennar and Kanyakumari,-,-,-,-,12.98611111,80.11972222,14-04-2026 09:00,5
127,Anakaputhur_1,CWC,33,Tamil Nadu,568,Chennai,-,-,-,-,East flowing rivers between Pennar and Kanyakumari,-,-,-,-,12.98611111,80.11972222,24-04-2026 22:00,20
128,Anakaputhur_1,CWC,33,Tamil Nadu,568,Chennai,-,-,-,-,East flowing rivers between Pennar and Kanyakumari,-,-,-,-,12.98611111,80.11972222,25-04-2026 10:00,275
129,Anakaputhur_1,CWC,33,Tamil Nadu,568,Chennai,-,-,-,-,East flowing rivers between Pennar and Kanyakumari,-,-,-,-,12.98611111,80.11972222,10-05-2026 05:00,5.5
130,Anakaputhur_1,CWC,33,Tamil Nadu,568,Chennai,-,-,-,-,East flowing rivers between Pennar and Kanyakumari,-,-,-,-,12.98611111,80.11972222,15-05-2026 05:00,0.5
131,Anakaputhur_1,CWC,33,Tamil Nadu,568,Chennai,-,-,-,-,East flowing rivers between Pennar and Kanyakumari,-,-,-,-,12.98611111,80.11972222,15-05-2026 11:00,452
132,Anakaputhur_1,CWC,33,Tamil Nadu,568,Chennai,-,-,-,-,East flowing rivers between Pennar and Kanyakumari,-,-,-,-,12.98611111,80.11972222,15-05-2026 17:00,0.5
133,Anakaputhur_1,CWC,33,Tamil Nadu,568,Chennai,-,-,-,-,East flowing rivers between Pennar and Kanyakumari,-,-,-,-,12.98611111,80.11972222,15-05-2026 18:00,0.5
134,Anakaputhur_1,CWC,33,Tamil Nadu,568,Chennai,-,-,-,-,East flowing rivers between Pennar and Kanyakumari,-,-,-,-,12.98611111,80.11972222,15-05-2026 19:00,0.5
135,Anakaputhur_1,CWC,33,Tamil Nadu,568,Chennai,-,-,-,-,East flowing rivers between Pennar and Kanyakumari,-,-,-,-,12.98611111,80.11972222,15-05-2026 20:00,0.5
136,Anakaputhur_1,CWC,33,Tamil Nadu,568,Chennai,-,-,-,-,East flowing rivers between Pennar and Kanyakumari,-,-,-,-,12.98611111,80.11972222,15-05-2026 21:00,0.5
137,Anakaputhur_1,CWC,33,Tamil Nadu,568,Chennai,-,-,-,-,East flowing rivers between Pennar and Kanyakumari,-,-,-,-,12.98611111,80.11972222,15-05-2026 23:00,0.5
138,Anakaputhur_1,CWC,33,Tamil Nadu,568,Chennai,-,-,-,-,East flowing rivers between Pennar and Kanyakumari,-,-,-,-,12.98611111,80.11972222,16-05-2026 00:00,0.5
139,Anakaputhur_1,CWC,33,Tamil Nadu,568,Chennai,-,-,-,-,East flowing rivers between Pennar and Kanyakumari,-,-,-,-,12.98611111,80.11972222,16-05-2026 01:00,0.5
140,Anakaputhur_1,CWC,33,Tamil Nadu,568,Chennai,-,-,-,-,East flowing rivers between Pennar and Kanyakumari,-,-,-,-,12.98611111,80.11972222,16-05-2026 02:00,0.5
141,Anakaputhur_1,CWC,33,Tamil Nadu,568,Chennai,-,-,-,-,East flowing rivers between Pennar and Kanyakumari,-,-,-,-,12.98611111,80.11972222,16-05-2026 03:00,0.5
142,Anakaputhur_1,CWC,33,Tamil Nadu,568,Chennai,-,-,-,-,East flowing rivers between Pennar and Kanyakumari,-,-,-,-,12.98611111,80.11972222,16-05-2026 05:00,0.5
143,Anakaputhur_1,CWC,33,Tamil Nadu,568,Chennai,-,-,-,-,East flowing rivers between Pennar and Kanyakumari,-,-,-,-,12.98611111,80.11972222,16-05-2026 06:00,0.5
144,Anakaputhur_1,CWC,33,Tamil Nadu,568,Chennai,-,-,-,-,East flowing rivers between Pennar and Kanyakumari,-,-,-,-,12.98611111,80.11972222,25-05-2026 09:00,235
145,Anakaputhur_1,CWC,33,Tamil Nadu,568,Chennai,-,-,-,-,East flowing rivers between Pennar and Kanyakumari,-,-,-,-,12.98611111,80.11972222,30-05-2026 04:00,1.5
146,Anakaputhur_1,CWC,33,Tamil Nadu,568,Chennai,-,-,-,-,East flowing rivers between Pennar and Kanyakumari,-,-,-,-,12.98611111,80.11972222,30-05-2026 06:00,48
147,Anakaputhur_1,CWC,33,Tamil Nadu,568,Chennai,-,-,-,-,East flowing rivers between Pennar and Kanyakumari,-,-,-,-,12.98611111,80.11972222,02-06-2026 10:00,48
148,BHAVANI BRIDGE,CWC,33,Tamil Nadu,573,Erode,BHAVANI,-,-,Cauvery,Cauvery,Bhavani,-,-,Bhavani,11.43833333,77.68083333,08-01-2026 03:00,70.8
149,BHAVANI BRIDGE,CWC,33,Tamil Nadu,573,Erode,BHAVANI,-,-,Cauvery,Cauvery,Bhavani,-,-,Bhavani,11.43833333,77.68083333,16-01-2026 21:00,60.2
150,BHAVANI BRIDGE,CWC,33,Tamil Nadu,573,Erode,BHAVANI,-,-,Cauvery,Cauvery,Bhavani,-,-,Bhavani,11.43833333,77.68083333,17-01-2026 12:00,8.7
151,BHAVANI BRIDGE,CWC,33,Tamil Nadu,573,Erode,BHAVANI,-,-,Cauvery,Cauvery,Bhavani,-,-,Bhavani,11.43833333,77.68083333,30-01-2026 17:00,2.4
152,BHAVANI BRIDGE,CWC,33,Tamil Nadu,573,Erode,BHAVANI,-,-,Cauvery,Cauvery,Bhavani,-,-,Bhavani,11.43833333,77.68083333,30-01-2026 19:00,80.2
153,BHAVANI BRIDGE,CWC,33,Tamil Nadu,573,Erode,BHAVANI,-,-,Cauvery,Cauvery,Bhavani,-,-,Bhavani,11.43833333,77.68083333,03-02-2026 02:00,66.5
154,BHAVANI BRIDGE,CWC,33,Tamil Nadu,573,Erode,BHAVANI,-,-,Cauvery,Cauvery,Bhavani,-,-,Bhavani,11.43833333,77.68083333,08-02-2026 09:00,38.4
155,BHAVANI BRIDGE,CWC,33,Tamil Nadu,573,Erode,BHAVANI,-,-,Cauvery,Cauvery,Bhavani,-,-,Bhavani,11.43833333,77.68083333,17-02-2026 18:00,79.5
156,BHAVANI BRIDGE,CWC,33,Tamil Nadu,573,Erode,BHAVANI,-,-,Cauvery,Cauvery,Bhavani,-,-,Bhavani,11.43833333,77.68083333,27-02-2026 00:00,8
157,BHAVANI BRIDGE,CWC,33,Tamil Nadu,573,Erode,BHAVANI,-,-,Cauvery,Cauvery,Bhavani,-,-,Bhavani,11.43833333,77.68083333,27-03-2026 17:00,1
158,BHAVANI BRIDGE,CWC,33,Tamil Nadu,573,Erode,BHAVANI,-,-,Cauvery,Cauvery,Bhavani,-,-,Bhavani,11.43833333,77.68083333,30-03-2026 00:00,64
159,BHAVANI BRIDGE,CWC,33,Tamil Nadu,573,Erode,BHAVANI,-,-,Cauvery,Cauvery,Bhavani,-,-,Bhavani,11.43833333,77.68083333,07-04-2026 03:00,74
160,BHAVANI BRIDGE,CWC,33,Tamil Nadu,573,Erode,BHAVANI,-,-,Cauvery,Cauvery,Bhavani,-,-,Bhavani,11.43833333,77.68083333,07-04-2026 04:00,1
161,BHAVANI BRIDGE,CWC,33,Tamil Nadu,573,Erode,BHAVANI,-,-,Cauvery,Cauvery,Bhavani,-,-,Bhavani,11.43833333,77.68083333,08-04-2026 13:00,59.7
162,BHAVANI BRIDGE,CWC,33,Tamil Nadu,573,Erode,BHAVANI,-,-,Cauvery,Cauvery,Bhavani,-,-,Bhavani,11.43833333,77.68083333,11-04-2026 14:00,3.4
163,BHAVANI BRIDGE,CWC,33,Tamil Nadu,573,Erode,BHAVANI,-,-,Cauvery,Cauvery,Bhavani,-,-,Bhavani,11.43833333,77.68083333,12-04-2026 14:00,78.1
164,BHAVANI BRIDGE,CWC,33,Tamil Nadu,573,Erode,BHAVANI,-,-,Cauvery,Cauvery,Bhavani,-,-,Bhavani,11.43833333,77.68083333,18-04-2026 11:00,19.2
165,BHAVANI BRIDGE,CWC,33,Tamil Nadu,573,Erode,BHAVANI,-,-,Cauvery,Cauvery,Bhavani,-,-,Bhavani,11.43833333,77.68083333,25-04-2026 16:00,64
166,BHAVANI BRIDGE,CWC,33,Tamil Nadu,573,Erode,BHAVANI,-,-,Cauvery,Cauvery,Bhavani,-,-,Bhavani,11.43833333,77.68083333,27-04-2026 11:00,76.8
167,BHAVANI BRIDGE,CWC,33,Tamil Nadu,573,Erode,BHAVANI,-,-,Cauvery,Cauvery,Bhavani,-,-,Bhavani,11.43833333,77.68083333,15-05-2026 16:00,51.5
168,BHAVANI BRIDGE,CWC,33,Tamil Nadu,573,Erode,BHAVANI,-,-,Cauvery,Cauvery,Bhavani,-,-,Bhavani,11.43833333,77.68083333,22-05-2026 22:00,4.8
169,BHAVANI BRIDGE,CWC,33,Tamil Nadu,573,Erode,BHAVANI,-,-,Cauvery,Cauvery,Bhavani,-,-,Bhavani,11.43833333,77.68083333,23-05-2026 01:00,64
170,BHAVANI BRIDGE,CWC,33,Tamil Nadu,573,Erode,BHAVANI,-,-,Cauvery,Cauvery,Bhavani,-,-,Bhavani,11.43833333,77.68083333,24-05-2026 22:00,0.2
171,BHAVANI BRIDGE,CWC,33,Tamil Nadu,573,Erode,BHAVANI,-,-,Cauvery,Cauvery,Bhavani,-,-,Bhavani,11.43833333,77.68083333,24-05-2026 23:00,0.3
172,BHAVANI BRIDGE,CWC,33,Tamil Nadu,573,Erode,BHAVANI,-,-,Cauvery,Cauvery,Bhavani,-,-,Bhavani,11.43833333,77.68083333,29-05-2026 20:00,1.7
173,BHAVANI BRIDGE,CWC,33,Tamil Nadu,573,Erode,BHAVANI,-,-,Cauvery,Cauvery,Bhavani,-,-,Bhavani,11.43833333,77.68083333,29-05-2026 21:00,1.6
174,BHAVANI BRIDGE,CWC,33,Tamil Nadu,573,Erode,BHAVANI,-,-,Cauvery,Cauvery,Bhavani,-,-,Bhavani,11.43833333,77.68083333,29-05-2026 22:00,0.2
175,BHAVANI BRIDGE,CWC,33,Tamil Nadu,573,Erode,BHAVANI,-,-,Cauvery,Cauvery,Bhavani,-,-,Bhavani,11.43833333,77.68083333,29-05-2026 23:00,1.9
176,BHAVANI BRIDGE,CWC,33,Tamil Nadu,573,Erode,BHAVANI,-,-,Cauvery,Cauvery,Bhavani,-,-,Bhavani,11.43833333,77.68083333,30-05-2026 00:00,0.1
177,BHAVANI BRIDGE,CWC,33,Tamil Nadu,573,Erode,BHAVANI,-,-,Cauvery,Cauvery,Bhavani,-,-,Bhavani,11.43833333,77.68083333,30-05-2026 01:00,0.1
178,BHAVANI BRIDGE,CWC,33,Tamil Nadu,573,Erode,BHAVANI,-,-,Cauvery,Cauvery,Bhavani,-,-,Bhavani,11.43833333,77.68083333,01-06-2026 02:00,0.1
179,BHAVANI BRIDGE,CWC,33,Tamil Nadu,573,Erode,BHAVANI,-,-,Cauvery,Cauvery,Bhavani,-,-,Bhavani,11.43833333,77.68083333,01-06-2026 03:00,0.1
180,BHAVANI BRIDGE,CWC,33,Tamil Nadu,573,Erode,BHAVANI,-,-,Cauvery,Cauvery,Bhavani,-,-,Bhavani,11.43833333,77.68083333,01-06-2026 04:00,0.1
181,BHAVANI BRIDGE,CWC,33,Tamil Nadu,573,Erode,BHAVANI,-,-,Cauvery,Cauvery,Bhavani,-,-,Bhavani,11.43833333,77.68083333,01-06-2026 05:00,0.1
182,BHAVANI BRIDGE,CWC,33,Tamil Nadu,573,Erode,BHAVANI,-,-,Cauvery,Cauvery,Bhavani,-,-,Bhavani,11.43833333,77.68083333,01-06-2026 07:00,0.1
183,BHAVANI BRIDGE,CWC,33,Tamil Nadu,573,Erode,BHAVANI,-,-,Cauvery,Cauvery,Bhavani,-,-,Bhavani,11.43833333,77.68083333,01-06-2026 08:00,0.1
184,BHAVANI BRIDGE,CWC,33,Tamil Nadu,573,Erode,BHAVANI,-,-,Cauvery,Cauvery,Bhavani,-,-,Bhavani,11.43833333,77.68083333,01-06-2026 09:00,0.1
185,BHAVANI BRIDGE,CWC,33,Tamil Nadu,573,Erode,BHAVANI,-,-,Cauvery,Cauvery,Bhavani,-,-,Bhavani,11.43833333,77.68083333,01-06-2026 10:00,0.1
186,BHAVANI BRIDGE,CWC,33,Tamil Nadu,573,Erode,BHAVANI,-,-,Cauvery,Cauvery,Bhavani,-,-,Bhavani,11.43833333,77.68083333,01-06-2026 11:00,0.1
187,BHAVANI BRIDGE,CWC,33,Tamil Nadu,573,Erode,BHAVANI,-,-,Cauvery,Cauvery,Bhavani,-,-,Bhavani,11.43833333,77.68083333,01-06-2026 12:00,0.1
188,BHAVANI BRIDGE,CWC,33,Tamil Nadu,573,Erode,BHAVANI,-,-,Cauvery,Cauvery,Bhavani,-,-,Bhavani,11.43833333,77.68083333,01-06-2026 16:00,0.1
189,BHAVANI BRIDGE,CWC,33,Tamil Nadu,573,Erode,BHAVANI,-,-,Cauvery,Cauvery,Bhavani,-,-,Bhavani,11.43833333,77.68083333,01-06-2026 18:00,0.1
190,BHAVANI BRIDGE,CWC,33,Tamil Nadu,573,Erode,BHAVANI,-,-,Cauvery,Cauvery,Bhavani,-,-,Bhavani,11.43833333,77.68083333,01-06-2026 21:00,0.1
191,BHAVANI BRIDGE,CWC,33,Tamil Nadu,573,Erode,BHAVANI,-,-,Cauvery,Cauvery,Bhavani,-,-,Bhavani,11.43833333,77.68083333,01-06-2026 22:00,0.1
192,BHAVANI BRIDGE,CWC,33,Tamil Nadu,573,Erode,BHAVANI,-,-,Cauvery,Cauvery,Bhavani,-,-,Bhavani,11.43833333,77.68083333,01-06-2026 23:00,0.1
193,BHAVANI BRIDGE,CWC,33,Tamil Nadu,573,Erode,BHAVANI,-,-,Cauvery,Cauvery,Bhavani,-,-,Bhavani,11.43833333,77.68083333,02-06-2026 01:00,0.1
194,BHAVANI BRIDGE,CWC,33,Tamil Nadu,573,Erode,BHAVANI,-,-,Cauvery,Cauvery,Bhavani,-,-,Bhavani,11.43833333,77.68083333,03-06-2026 10:00,13.4
195,Chembarampakkam,CWC,33,Tamil Nadu,589,Tiruvallur,POONAMALLEE,-,-,Adyar,East flowing rivers between Pennar and Kanyakumari,-,-,-,Adyar,13.01000000,80.08000000,03-01-2026 15:00,152
196,Chembarampakkam,CWC,33,Tamil Nadu,589,Tiruvallur,POONAMALLEE,-,-,Adyar,East flowing rivers between Pennar and Kanyakumari,-,-,-,Adyar,13.01000000,80.08000000,09-01-2026 16:00,5
197,Chembarampakkam,CWC,33,Tamil Nadu,589,Tiruvallur,POONAMALLEE,-,-,Adyar,East flowing rivers between Pennar and Kanyakumari,-,-,-,Adyar,13.01000000,80.08000000,11-01-2026 18:00,23
198,Chembarampakkam,CWC,33,Tamil Nadu,589,Tiruvallur,POONAMALLEE,-,-,Adyar,East flowing rivers between Pennar and Kanyakumari,-,-,-,Adyar,13.01000000,80.08000000,15-01-2026 19:00,3
199,Chembarampakkam,CWC,33,Tamil Nadu,589,Tiruvallur,POONAMALLEE,-,-,Adyar,East flowing rivers between Pennar and Kanyakumari,-,-,-,Adyar,13.01000000,80.08000000,25-01-2026 19:00,1
200,Chembarampakkam,CWC,33,Tamil Nadu,589,Tiruvallur,POONAMALLEE,-,-,Adyar,East flowing rivers between Pennar and Kanyakumari,-,-,-,Adyar,13.01000000,80.08000000,25-01-2026 20:00,8.5
201,Chembarampakkam,CWC,33,Tamil Nadu,589,Tiruvallur,POONAMALLEE,-,-,Adyar,East flowing rivers between Pennar and Kanyakumari,-,-,-,Adyar,13.01000000,80.08000000,11-02-2026 12:00,258
202,Chembarampakkam,CWC,33,Tamil Nadu,589,Tiruvallur,POONAMALLEE,-,-,Adyar,East flowing rivers between Pennar and Kanyakumari,-,-,-,Adyar,13.01000000,80.08000000,14-02-2026 18:00,168
203,Chembarampakkam,CWC,33,Tamil Nadu,589,Tiruvallur,POONAMALLEE,-,-,Adyar,East flowing rivers between Pennar and Kanyakumari,-,-,-,Adyar,13.01000000,80.08000000,17-02-2026 17:00,160
204,Chembarampakkam,CWC,33,Tamil Nadu,589,Tiruvallur,POONAMALLEE,-,-,Adyar,East flowing rivers between Pennar and Kanyakumari,-,-,-,Adyar,13.01000000,80.08000000,06-03-2026 13:00,3
205,Chembarampakkam,CWC,33,Tamil Nadu,589,Tiruvallur,POONAMALLEE,-,-,Adyar,East flowing rivers between Pennar and Kanyakumari,-,-,-,Adyar,13.01000000,80.08000000,27-03-2026 13:00,64.5
206,Chembarampakkam,CWC,33,Tamil Nadu,589,Tiruvallur,POONAMALLEE,-,-,Adyar,East flowing rivers between Pennar and Kanyakumari,-,-,-,Adyar,13.01000000,80.08000000,28-03-2026 06:00,258
207,Chembarampakkam,CWC,33,Tamil Nadu,589,Tiruvallur,POONAMALLEE,-,-,Adyar,East flowing rivers between Pennar and Kanyakumari,-,-,-,Adyar,13.01000000,80.08000000,29-03-2026 18:00,128
208,Chembarampakkam,CWC,33,Tamil Nadu,589,Tiruvallur,POONAMALLEE,-,-,Adyar,East flowing rivers between Pennar and Kanyakumari,-,-,-,Adyar,13.01000000,80.08000000,06-04-2026 13:00,9
209,Chembarampakkam,CWC,33,Tamil Nadu,589,Tiruvallur,POONAMALLEE,-,-,Adyar,East flowing rivers between Pennar and Kanyakumari,-,-,-,Adyar,13.01000000,80.08000000,07-04-2026 14:00,221
210,Chembarampakkam,CWC,33,Tamil Nadu,589,Tiruvallur,POONAMALLEE,-,-,Adyar,East flowing rivers between Pennar and Kanyakumari,-,-,-,Adyar,13.01000000,80.08000000,13-04-2026 11:00,12
211,Chembarampakkam,CWC,33,Tamil Nadu,589,Tiruvallur,POONAMALLEE,-,-,Adyar,East flowing rivers between Pennar and Kanyakumari,-,-,-,Adyar,13.01000000,80.08000000,11-05-2026 11:00,23
212,Chembarampakkam,CWC,33,Tamil Nadu,589,Tiruvallur,POONAMALLEE,-,-,Adyar,East flowing rivers between Pennar and Kanyakumari,-,-,-,Adyar,13.01000000,80.08000000,16-05-2026 14:00,0.5
213,Chembarampakkam,CWC,33,Tamil Nadu,589,Tiruvallur,POONAMALLEE,-,-,Adyar,East flowing rivers between Pennar and Kanyakumari,-,-,-,Adyar,13.01000000,80.08000000,28-05-2026 22:00,23
214,Dandepally,CWC,33,Tamil Nadu,568,Chennai,CHENNAI,-,-,-,-,-,-,-,-,,,12-01-2026 15:30,80.5
215,Dandepally,CWC,33,Tamil Nadu,568,Chennai,CHENNAI,-,-,-,-,-,-,-,-,,,13-01-2026 09:30,54
216,Dandepally,CWC,33,Tamil Nadu,568,Chennai,CHENNAI,-,-,-,-,-,-,-,-,,,16-01-2026 13:30,0.5
217,Dandepally,CWC,33,Tamil Nadu,568,Chennai,CHENNAI,-,-,-,-,-,-,-,-,,,17-01-2026 09:30,305
218,Dandepally,CWC,33,Tamil Nadu,568,Chennai,CHENNAI,-,-,-,-,-,-,-,-,,,01-02-2026 08:30,57
219,Dandepally,CWC,33,Tamil Nadu,568,Chennai,CHENNAI,-,-,-,-,-,-,-,-,,,04-02-2026 07:30,34
220,Dandepally,CWC,33,Tamil Nadu,568,Chennai,CHENNAI,-,-,-,-,-,-,-,-,,,06-02-2026 16:30,63
221,Dandepally,CWC,33,Tamil Nadu,568,Chennai,CHENNAI,-,-,-,-,-,-,-,-,,,07-02-2026 10:30,3
222,Dandepally,CWC,33,Tamil Nadu,568,Chennai,CHENNAI,-,-,-,-,-,-,-,-,,,17-02-2026 21:30,85.5
223,Dandepally,CWC,33,Tamil Nadu,568,Chennai,CHENNAI,-,-,-,-,-,-,-,-,,,23-02-2026 20:30,1.5
224,Dandepally,CWC,33,Tamil Nadu,568,Chennai,CHENNAI,-,-,-,-,-,-,-,-,,,23-02-2026 21:30,0.5
225,Dandepally,CWC,33,Tamil Nadu,568,Chennai,CHENNAI,-,-,-,-,-,-,-,-,,,18-03-2026 23:30,45.5
226,Dandepally,CWC,33,Tamil Nadu,568,Chennai,CHENNAI,-,-,-,-,-,-,-,-,,,25-03-2026 15:30,97.5
227,Dandepally,CWC,33,Tamil Nadu,568,Chennai,CHENNAI,-,-,-,-,-,-,-,-,,,31-03-2026 02:30,12
228,Dandepally,CWC,33,Tamil Nadu,568,Chennai,CHENNAI,-,-,-,-,-,-,-,-,,,31-03-2026 03:30,2.5
229,Dandepally,CWC,33,Tamil Nadu,568,Chennai,CHENNAI,-,-,-,-,-,-,-,-,,,07-04-2026 16:30,166
230,Dandepally,CWC,33,Tamil Nadu,568,Chennai,CHENNAI,-,-,-,-,-,-,-,-,,,18-04-2026 19:30,96
231,Dandepally,CWC,33,Tamil Nadu,568,Chennai,CHENNAI,-,-,-,-,-,-,-,-,,,26-05-2026 10:30,15.5
232,Dandepally,CWC,33,Tamil Nadu,568,Chennai,CHENNAI,-,-,-,-,-,-,-,-,,,26-05-2026 11:30,171.5
233,Dandepally,CWC,33,Tamil Nadu,568,Chennai,CHENNAI,-,-,-,-,-,-,-,-,,,26-05-2026 12:30,222
234,Dandepally,CWC,33,Tamil Nadu,568,Chennai,CHENNAI,-,-,-,-,-,-,-,-,,,26-05-2026 13:30,62.5
235,Gaddapaka,CWC,33,Tamil Nadu,568,Chennai,CHENNAI,-,-,-,-,-,-,-,-,,,08-01-2026 14:30,160
236,Gaddapaka,CWC,33,Tamil Nadu,568,Chennai,CHENNAI,-,-,-,-,-,-,-,-,,,14-01-2026 23:30,113
237,Gaddapaka,CWC,33,Tamil Nadu,568,Chennai,CHENNAI,-,-,-,-,-,-,-,-,,,29-01-2026 19:30,39
238,Gaddapaka,CWC,33,Tamil Nadu,568,Chennai,CHENNAI,-,-,-,-,-,-,-,-,,,08-02-2026 01:30,114
239,Gaddapaka,CWC,33,Tamil Nadu,568,Chennai,CHENNAI,-,-,-,-,-,-,-,-,,,14-02-2026 10:30,160
240,Gaddapaka,CWC,33,Tamil Nadu,568,Chennai,CHENNAI,-,-,-,-,-,-,-,-,,,16-02-2026 07:30,0.5
241,Gaddapaka,CWC,33,Tamil Nadu,568,Chennai,CHENNAI,-,-,-,-,-,-,-,-,,,24-02-2026 15:30,0.5
242,Gaddapaka,CWC,33,Tamil Nadu,568,Chennai,CHENNAI,-,-,-,-,-,-,-,-,,,17-03-2026 08:30,40
243,Gaddapaka,CWC,33,Tamil Nadu,568,Chennai,CHENNAI,-,-,-,-,-,-,-,-,,,28-03-2026 19:30,247.5
244,Gaddapaka,CWC,33,Tamil Nadu,568,Chennai,CHENNAI,-,-,-,-,-,-,-,-,,,10-04-2026 07:30,466
245,Gollet,CWC,33,Tamil Nadu,568,Chennai,CHENNAI,-,-,-,-,-,-,-,-,,,07-01-2026 12:30,0.5
246,Gollet,CWC,33,Tamil Nadu,568,Chennai,CHENNAI,-,-,-,-,-,-,-,-,,,08-01-2026 13:30,0.5
247,Gollet,CWC,33,Tamil Nadu,568,Chennai,CHENNAI,-,-,-,-,-,-,-,-,,,07-02-2026 12:30,68
248,Gollet,CWC,33,Tamil Nadu,568,Chennai,CHENNAI,-,-,-,-,-,-,-,-,,,14-02-2026 03:30,260
249,Gollet,CWC,33,Tamil Nadu,568,Chennai,CHENNAI,-,-,-,-,-,-,-,-,,,15-02-2026 14:30,86
250,Gollet,CWC,33,Tamil Nadu,568,Chennai,CHENNAI,-,-,-,-,-,-,-,-,,,15-02-2026 17:30,257
251,Gollet,CWC,33,Tamil Nadu,568,Chennai,CHENNAI,-,-,-,-,-,-,-,-,,,25-02-2026 13:30,260
252,Gollet,CWC,33,Tamil Nadu,568,Chennai,CHENNAI,-,-,-,-,-,-,-,-,,,26-02-2026 13:30,38.5
253,Gollet,CWC,33,Tamil Nadu,568,Chennai,CHENNAI,-,-,-,-,-,-,-,-,,,01-03-2026 02:30,0.5
254,Gollet,CWC,33,Tamil Nadu,568,Chennai,CHENNAI,-,-,-,-,-,-,-,-,,,18-03-2026 07:30,1
255,Gollet,CWC,33,Tamil Nadu,568,Chennai,CHENNAI,-,-,-,-,-,-,-,-,,,19-03-2026 08:30,128
256,Gollet,CWC,33,Tamil Nadu,568,Chennai,CHENNAI,-,-,-,-,-,-,-,-,,,27-03-2026 15:30,11.5
257,Gollet,CWC,33,Tamil Nadu,568,Chennai,CHENNAI,-,-,-,-,-,-,-,-,,,31-03-2026 02:30,32
258,Gollet,CWC,33,Tamil Nadu,568,Chennai,CHENNAI,-,-,-,-,-,-,-,-,,,31-03-2026 03:30,4.5
259,Gollet,CWC,33,Tamil Nadu,568,Chennai,CHENNAI,-,-,-,-,-,-,-,-,,,31-03-2026 04:30,0.5
260,Gollet,CWC,33,Tamil Nadu,568,Chennai,CHENNAI,-,-,-,-,-,-,-,-,,,05-04-2026 06:30,2.5
261,Gollet,CWC,33,Tamil Nadu,568,Chennai,CHENNAI,-,-,-,-,-,-,-,-,,,13-04-2026 14:30,192.5
262,Gollet,CWC,33,Tamil Nadu,568,Chennai,CHENNAI,-,-,-,-,-,-,-,-,,,02-05-2026 21:30,116.5
263,Gollet,CWC,33,Tamil Nadu,568,Chennai,CHENNAI,-,-,-,-,-,-,-,-,,,26-05-2026 22:30,2.5
264,Gollet,CWC,33,Tamil Nadu,568,Chennai,CHENNAI,-,-,-,-,-,-,-,-,,,26-05-2026 23:30,1
265,Gollet,CWC,33,Tamil Nadu,568,Chennai,CHENNAI,-,-,-,-,-,-,-,-,,,28-05-2026 22:30,278
266,Gollet,CWC,33,Tamil Nadu,568,Chennai,CHENNAI,-,-,-,-,-,-,-,-,,,30-05-2026 16:30,240
267,Gollet,CWC,33,Tamil Nadu,568,Chennai,CHENNAI,-,-,-,-,-,-,-,-,,,31-05-2026 16:30,0.5
268,Gollet,CWC,33,Tamil Nadu,568,Chennai,CHENNAI,-,-,-,-,-,-,-,-,,,31-05-2026 17:30,4.5
269,Gollet,CWC,33,Tamil Nadu,568,Chennai,CHENNAI,-,-,-,-,-,-,-,-,,,31-05-2026 20:30,3
270,GUMMANUR,CWC,33,Tamil Nadu,577,Krishnagiri,Krishnagiri,-,-,Duplicate-Ponnaiyar,East flowing rivers between Pennar and Kanyakumari,-,-,-,Ponnaiyar,12.55500000,78.13833333,04-01-2026 04:00,64
271,GUMMANUR,CWC,33,Tamil Nadu,577,Krishnagiri,Krishnagiri,-,-,Duplicate-Ponnaiyar,East flowing rivers between Pennar and Kanyakumari,-,-,-,Ponnaiyar,12.55500000,78.13833333,05-01-2026 01:00,6.5
272,GUMMANUR,CWC,33,Tamil Nadu,577,Krishnagiri,Krishnagiri,-,-,Duplicate-Ponnaiyar,East flowing rivers between Pennar and Kanyakumari,-,-,-,Ponnaiyar,12.55500000,78.13833333,05-01-2026 06:00,25.6
273,GUMMANUR,CWC,33,Tamil Nadu,577,Krishnagiri,Krishnagiri,-,-,Duplicate-Ponnaiyar,East flowing rivers between Pennar and Kanyakumari,-,-,-,Ponnaiyar,12.55500000,78.13833333,06-01-2026 01:00,38.4
274,GUMMANUR,CWC,33,Tamil Nadu,577,Krishnagiri,Krishnagiri,-,-,Duplicate-Ponnaiyar,East flowing rivers between Pennar and Kanyakumari,-,-,-,Ponnaiyar,12.55500000,78.13833333,09-01-2026 09:00,76.8
275,GUMMANUR,CWC,33,Tamil Nadu,577,Krishnagiri,Krishnagiri,-,-,Duplicate-Ponnaiyar,East flowing rivers between Pennar and Kanyakumari,-,-,-,Ponnaiyar,12.55500000,78.13833333,10-01-2026 08:00,76.9
276,GUMMANUR,CWC,33,Tamil Nadu,577,Krishnagiri,Krishnagiri,-,-,Duplicate-Ponnaiyar,East flowing rivers between Pennar and Kanyakumari,-,-,-,Ponnaiyar,12.55500000,78.13833333,17-01-2026 08:00,54.4
277,GUMMANUR,CWC,33,Tamil Nadu,577,Krishnagiri,Krishnagiri,-,-,Duplicate-Ponnaiyar,East flowing rivers between Pennar and Kanyakumari,-,-,-,Ponnaiyar,12.55500000,78.13833333,03-02-2026 05:00,7.3
278,GUMMANUR,CWC,33,Tamil Nadu,577,Krishnagiri,Krishnagiri,-,-,Duplicate-Ponnaiyar,East flowing rivers between Pennar and Kanyakumari,-,-,-,Ponnaiyar,12.55500000,78.13833333,08-02-2026 07:00,44.7
279,GUMMANUR,CWC,33,Tamil Nadu,577,Krishnagiri,Krishnagiri,-,-,Duplicate-Ponnaiyar,East flowing rivers between Pennar and Kanyakumari,-,-,-,Ponnaiyar,12.55500000,78.13833333,24-02-2026 05:00,8
280,GUMMANUR,CWC,33,Tamil Nadu,577,Krishnagiri,Krishnagiri,-,-,Duplicate-Ponnaiyar,East flowing rivers between Pennar and Kanyakumari,-,-,-,Ponnaiyar,12.55500000,78.13833333,26-03-2026 04:00,32
281,GUMMANUR,CWC,33,Tamil Nadu,577,Krishnagiri,Krishnagiri,-,-,Duplicate-Ponnaiyar,East flowing rivers between Pennar and Kanyakumari,-,-,-,Ponnaiyar,12.55500000,78.13833333,28-03-2026 05:00,78.6
282,GUMMANUR,CWC,33,Tamil Nadu,577,Krishnagiri,Krishnagiri,-,-,Duplicate-Ponnaiyar,East flowing rivers between Pennar and Kanyakumari,-,-,-,Ponnaiyar,12.55500000,78.13833333,30-03-2026 03:00,4.8
283,GUMMANUR,CWC,33,Tamil Nadu,577,Krishnagiri,Krishnagiri,-,-,Duplicate-Ponnaiyar,East flowing rivers between Pennar and Kanyakumari,-,-,-,Ponnaiyar,12.55500000,78.13833333,02-04-2026 07:00,13.3
284,GUMMANUR,CWC,33,Tamil Nadu,577,Krishnagiri,Krishnagiri,-,-,Duplicate-Ponnaiyar,East flowing rivers between Pennar and Kanyakumari,-,-,-,Ponnaiyar,12.55500000,78.13833333,06-04-2026 16:00,57.6
285,GUMMANUR,CWC,33,Tamil Nadu,577,Krishnagiri,Krishnagiri,-,-,Duplicate-Ponnaiyar,East flowing rivers between Pennar and Kanyakumari,-,-,-,Ponnaiyar,12.55500000,78.13833333,06-04-2026 17:00,95.4
286,GUMMANUR,CWC,33,Tamil Nadu,577,Krishnagiri,Krishnagiri,-,-,Duplicate-Ponnaiyar,East flowing rivers between Pennar and Kanyakumari,-,-,-,Ponnaiyar,12.55500000,78.13833333,08-04-2026 03:00,4.8
287,GUMMANUR,CWC,33,Tamil Nadu,577,Krishnagiri,Krishnagiri,-,-,Duplicate-Ponnaiyar,East flowing rivers between Pennar and Kanyakumari,-,-,-,Ponnaiyar,12.55500000,78.13833333,09-04-2026 23:00,4.4
288,GUMMANUR,CWC,33,Tamil Nadu,577,Krishnagiri,Krishnagiri,-,-,Duplicate-Ponnaiyar,East flowing rivers between Pennar and Kanyakumari,-,-,-,Ponnaiyar,12.55500000,78.13833333,10-04-2026 03:00,4.4
289,GUMMANUR,CWC,33,Tamil Nadu,577,Krishnagiri,Krishnagiri,-,-,Duplicate-Ponnaiyar,East flowing rivers between Pennar and Kanyakumari,-,-,-,Ponnaiyar,12.55500000,78.13833333,10-04-2026 04:00,4.4
290,GUMMANUR,CWC,33,Tamil Nadu,577,Krishnagiri,Krishnagiri,-,-,Duplicate-Ponnaiyar,East flowing rivers between Pennar and Kanyakumari,-,-,-,Ponnaiyar,12.55500000,78.13833333,10-04-2026 05:00,4.4
291,GUMMANUR,CWC,33,Tamil Nadu,577,Krishnagiri,Krishnagiri,-,-,Duplicate-Ponnaiyar,East flowing rivers between Pennar and Kanyakumari,-,-,-,Ponnaiyar,12.55500000,78.13833333,10-04-2026 07:00,4.4
292,GUMMANUR,CWC,33,Tamil Nadu,577,Krishnagiri,Krishnagiri,-,-,Duplicate-Ponnaiyar,East flowing rivers between Pennar and Kanyakumari,-,-,-,Ponnaiyar,12.55500000,78.13833333,10-04-2026 17:00,4.4
293,GUMMANUR,CWC,33,Tamil Nadu,577,Krishnagiri,Krishnagiri,-,-,Duplicate-Ponnaiyar,East flowing rivers between Pennar and Kanyakumari,-,-,-,Ponnaiyar,12.55500000,78.13833333,10-04-2026 18:30,3.6
294,GUMMANUR,CWC,33,Tamil Nadu,577,Krishnagiri,Krishnagiri,-,-,Duplicate-Ponnaiyar,East flowing rivers between Pennar and Kanyakumari,-,-,-,Ponnaiyar,12.55500000,78.13833333,11-04-2026 00:00,4.4
295,GUMMANUR,CWC,33,Tamil Nadu,577,Krishnagiri,Krishnagiri,-,-,Duplicate-Ponnaiyar,East flowing rivers between Pennar and Kanyakumari,-,-,-,Ponnaiyar,12.55500000,78.13833333,11-04-2026 07:30,88.5
296,GUMMANUR,CWC,33,Tamil Nadu,577,Krishnagiri,Krishnagiri,-,-,Duplicate-Ponnaiyar,East flowing rivers between Pennar and Kanyakumari,-,-,-,Ponnaiyar,12.55500000,78.13833333,11-04-2026 17:00,44.9
297,GUMMANUR,CWC,33,Tamil Nadu,577,Krishnagiri,Krishnagiri,-,-,Duplicate-Ponnaiyar,East flowing rivers between Pennar and Kanyakumari,-,-,-,Ponnaiyar,12.55500000,78.13833333,11-04-2026 18:00,9.6
298,GUMMANUR,CWC,33,Tamil Nadu,577,Krishnagiri,Krishnagiri,-,-,Duplicate-Ponnaiyar,East flowing rivers between Pennar and Kanyakumari,-,-,-,Ponnaiyar,12.55500000,78.13833333,12-04-2026 09:00,86.1
299,GUMMANUR,CWC,33,Tamil Nadu,577,Krishnagiri,Krishnagiri,-,-,Duplicate-Ponnaiyar,East flowing rivers between Pennar and Kanyakumari,-,-,-,Ponnaiyar,12.55500000,78.13833333,12-04-2026 10:00,11.3
300,GUMMANUR,CWC,33,Tamil Nadu,577,Krishnagiri,Krishnagiri,-,-,Duplicate-Ponnaiyar,East flowing rivers between Pennar and Kanyakumari,-,-,-,Ponnaiyar,12.55500000,78.13833333,13-04-2026 00:00,38.4
301,GUMMANUR,CWC,33,Tamil Nadu,577,Krishnagiri,Krishnagiri,-,-,Duplicate-Ponnaiyar,East flowing rivers between Pennar and Kanyakumari,-,-,-,Ponnaiyar,12.55500000,78.13833333,13-04-2026 21:00,78.7
302,GUMMANUR,CWC,33,Tamil Nadu,577,Krishnagiri,Krishnagiri,-,-,Duplicate-Ponnaiyar,East flowing rivers between Pennar and Kanyakumari,-,-,-,Ponnaiyar,12.55500000,78.13833333,14-04-2026 02:00,20.8
303,GUMMANUR,CWC,33,Tamil Nadu,577,Krishnagiri,Krishnagiri,-,-,Duplicate-Ponnaiyar,East flowing rivers between Pennar and Kanyakumari,-,-,-,Ponnaiyar,12.55500000,78.13833333,14-04-2026 18:00,9.6
304,GUMMANUR,CWC,33,Tamil Nadu,577,Krishnagiri,Krishnagiri,-,-,Duplicate-Ponnaiyar,East flowing rivers between Pennar and Kanyakumari,-,-,-,Ponnaiyar,12.55500000,78.13833333,15-04-2026 07:00,88.5
305,GUMMANUR,CWC,33,Tamil Nadu,577,Krishnagiri,Krishnagiri,-,-,Duplicate-Ponnaiyar,East flowing rivers between Pennar and Kanyakumari,-,-,-,Ponnaiyar,12.55500000,78.13833333,16-04-2026 16:00,27.4
306,GUMMANUR,CWC,33,Tamil Nadu,577,Krishnagiri,Krishnagiri,-,-,Duplicate-Ponnaiyar,East flowing rivers between Pennar and Kanyakumari,-,-,-,Ponnaiyar,12.55500000,78.13833333,18-04-2026 10:00,44.7
307,GUMMANUR,CWC,33,Tamil Nadu,577,Krishnagiri,Krishnagiri,-,-,Duplicate-Ponnaiyar,East flowing rivers between Pennar and Kanyakumari,-,-,-,Ponnaiyar,12.55500000,78.13833333,18-04-2026 23:00,0.2
308,GUMMANUR,CWC,33,Tamil Nadu,577,Krishnagiri,Krishnagiri,-,-,Duplicate-Ponnaiyar,East flowing rivers between Pennar and Kanyakumari,-,-,-,Ponnaiyar,12.55500000,78.13833333,21-04-2026 22:00,25.6
309,GUMMANUR,CWC,33,Tamil Nadu,577,Krishnagiri,Krishnagiri,-,-,Duplicate-Ponnaiyar,East flowing rivers between Pennar and Kanyakumari,-,-,-,Ponnaiyar,12.55500000,78.13833333,22-04-2026 23:00,0.1
310,GUMMANUR,CWC,33,Tamil Nadu,577,Krishnagiri,Krishnagiri,-,-,Duplicate-Ponnaiyar,East flowing rivers between Pennar and Kanyakumari,-,-,-,Ponnaiyar,12.55500000,78.13833333,23-04-2026 18:00,40.7
311,GUMMANUR,CWC,33,Tamil Nadu,577,Krishnagiri,Krishnagiri,-,-,Duplicate-Ponnaiyar,East flowing rivers between Pennar and Kanyakumari,-,-,-,Ponnaiyar,12.55500000,78.13833333,25-04-2026 09:00,64
312,GUMMANUR,CWC,33,Tamil Nadu,577,Krishnagiri,Krishnagiri,-,-,Duplicate-Ponnaiyar,East flowing rivers between Pennar and Kanyakumari,-,-,-,Ponnaiyar,12.55500000,78.13833333,30-04-2026 01:00,69.1
313,GUMMANUR,CWC,33,Tamil Nadu,577,Krishnagiri,Krishnagiri,-,-,Duplicate-Ponnaiyar,East flowing rivers between Pennar and Kanyakumari,-,-,-,Ponnaiyar,12.55500000,78.13833333,01-05-2026 04:00,1.2
314,GUMMANUR,CWC,33,Tamil Nadu,577,Krishnagiri,Krishnagiri,-,-,Duplicate-Ponnaiyar,East flowing rivers between Pennar and Kanyakumari,-,-,-,Ponnaiyar,12.55500000,78.13833333,01-05-2026 09:00,30.7
315,GUMMANUR,CWC,33,Tamil Nadu,577,Krishnagiri,Krishnagiri,-,-,Duplicate-Ponnaiyar,East flowing rivers between Pennar and Kanyakumari,-,-,-,Ponnaiyar,12.55500000,78.13833333,01-05-2026 14:30,53.9
316,GUMMANUR,CWC,33,Tamil Nadu,577,Krishnagiri,Krishnagiri,-,-,Duplicate-Ponnaiyar,East flowing rivers between Pennar and Kanyakumari,-,-,-,Ponnaiyar,12.55500000,78.13833333,02-05-2026 05:00,0.4
317,GUMMANUR,CWC,33,Tamil Nadu,577,Krishnagiri,Krishnagiri,-,-,Duplicate-Ponnaiyar,East flowing rivers between Pennar and Kanyakumari,-,-,-,Ponnaiyar,12.55500000,78.13833333,02-05-2026 06:00,0.4
318,GUMMANUR,CWC,33,Tamil Nadu,577,Krishnagiri,Krishnagiri,-,-,Duplicate-Ponnaiyar,East flowing rivers between Pennar and Kanyakumari,-,-,-,Ponnaiyar,12.55500000,78.13833333,02-05-2026 15:00,0.4
319,GUMMANUR,CWC,33,Tamil Nadu,577,Krishnagiri,Krishnagiri,-,-,Duplicate-Ponnaiyar,East flowing rivers between Pennar and Kanyakumari,-,-,-,Ponnaiyar,12.55500000,78.13833333,13-05-2026 05:30,64.9
320,GUMMANUR,CWC,33,Tamil Nadu,577,Krishnagiri,Krishnagiri,-,-,Duplicate-Ponnaiyar,East flowing rivers between Pennar and Kanyakumari,-,-,-,Ponnaiyar,12.55500000,78.13833333,17-05-2026 05:00,0.3
321,GUMMANUR,CWC,33,Tamil Nadu,577,Krishnagiri,Krishnagiri,-,-,Duplicate-Ponnaiyar,East flowing rivers between Pennar and Kanyakumari,-,-,-,Ponnaiyar,12.55500000,78.13833333,18-05-2026 02:00,0.3
322,GUMMANUR,CWC,33,Tamil Nadu,577,Krishnagiri,Krishnagiri,-,-,Duplicate-Ponnaiyar,East flowing rivers between Pennar and Kanyakumari,-,-,-,Ponnaiyar,12.55500000,78.13833333,18-05-2026 04:00,0.3
323,GUMMANUR,CWC,33,Tamil Nadu,577,Krishnagiri,Krishnagiri,-,-,Duplicate-Ponnaiyar,East flowing rivers between Pennar and Kanyakumari,-,-,-,Ponnaiyar,12.55500000,78.13833333,18-05-2026 07:00,0.3
324,GUMMANUR,CWC,33,Tamil Nadu,577,Krishnagiri,Krishnagiri,-,-,Duplicate-Ponnaiyar,East flowing rivers between Pennar and Kanyakumari,-,-,-,Ponnaiyar,12.55500000,78.13833333,18-05-2026 08:00,0.3
325,GUMMANUR,CWC,33,Tamil Nadu,577,Krishnagiri,Krishnagiri,-,-,Duplicate-Ponnaiyar,East flowing rivers between Pennar and Kanyakumari,-,-,-,Ponnaiyar,12.55500000,78.13833333,23-05-2026 15:00,13.8
326,GUMMANUR,CWC,33,Tamil Nadu,577,Krishnagiri,Krishnagiri,-,-,Duplicate-Ponnaiyar,East flowing rivers between Pennar and Kanyakumari,-,-,-,Ponnaiyar,12.55500000,78.13833333,26-05-2026 22:00,0.1
327,GUMMANUR,CWC,33,Tamil Nadu,577,Krishnagiri,Krishnagiri,-,-,Duplicate-Ponnaiyar,East flowing rivers between Pennar and Kanyakumari,-,-,-,Ponnaiyar,12.55500000,78.13833333,27-05-2026 04:00,0.5
328,GUMMANUR,CWC,33,Tamil Nadu,577,Krishnagiri,Krishnagiri,-,-,Duplicate-Ponnaiyar,East flowing rivers between Pennar and Kanyakumari,-,-,-,Ponnaiyar,12.55500000,78.13833333,27-05-2026 06:00,0.5
329,GUMMANUR,CWC,33,Tamil Nadu,577,Krishnagiri,Krishnagiri,-,-,Duplicate-Ponnaiyar,East flowing rivers between Pennar and Kanyakumari,-,-,-,Ponnaiyar,12.55500000,78.13833333,27-05-2026 07:00,0.5
330,GUMMANUR,CWC,33,Tamil Nadu,577,Krishnagiri,Krishnagiri,-,-,Duplicate-Ponnaiyar,East flowing rivers between Pennar and Kanyakumari,-,-,-,Ponnaiyar,12.55500000,78.13833333,27-05-2026 16:00,0.5
331,GUMMANUR,CWC,33,Tamil Nadu,577,Krishnagiri,Krishnagiri,-,-,Duplicate-Ponnaiyar,East flowing rivers between Pennar and Kanyakumari,-,-,-,Ponnaiyar,12.55500000,78.13833333,27-05-2026 23:00,0.5
332,GUMMANUR,CWC,33,Tamil Nadu,577,Krishnagiri,Krishnagiri,-,-,Duplicate-Ponnaiyar,East flowing rivers between Pennar and Kanyakumari,-,-,-,Ponnaiyar,12.55500000,78.13833333,28-05-2026 00:00,0.5
333,GUMMANUR,CWC,33,Tamil Nadu,577,Krishnagiri,Krishnagiri,-,-,Duplicate-Ponnaiyar,East flowing rivers between Pennar and Kanyakumari,-,-,-,Ponnaiyar,12.55500000,78.13833333,29-05-2026 07:00,10.8
334,GUMMANUR,CWC,33,Tamil Nadu,577,Krishnagiri,Krishnagiri,-,-,Duplicate-Ponnaiyar,East flowing rivers between Pennar and Kanyakumari,-,-,-,Ponnaiyar,12.55500000,78.13833333,29-05-2026 12:00,1.5
335,GUMMANUR,CWC,33,Tamil Nadu,577,Krishnagiri,Krishnagiri,-,-,Duplicate-Ponnaiyar,East flowing rivers between Pennar and Kanyakumari,-,-,-,Ponnaiyar,12.55500000,78.13833333,29-05-2026 18:00,0.1
336,GUMMANUR,CWC,33,Tamil Nadu,577,Krishnagiri,Krishnagiri,-,-,Duplicate-Ponnaiyar,East flowing rivers between Pennar and Kanyakumari,-,-,-,Ponnaiyar,12.55500000,78.13833333,30-05-2026 04:00,0.6
337,GUMMANUR,CWC,33,Tamil Nadu,577,Krishnagiri,Krishnagiri,-,-,Duplicate-Ponnaiyar,East flowing rivers between Pennar and Kanyakumari,-,-,-,Ponnaiyar,12.55500000,78.13833333,30-05-2026 05:30,0.6
338,GUMMANUR,CWC,33,Tamil Nadu,577,Krishnagiri,Krishnagiri,-,-,Duplicate-Ponnaiyar,East flowing rivers between Pennar and Kanyakumari,-,-,-,Ponnaiyar,12.55500000,78.13833333,30-05-2026 06:00,0.6
339,GUMMANUR,CWC,33,Tamil Nadu,577,Krishnagiri,Krishnagiri,-,-,Duplicate-Ponnaiyar,East flowing rivers between Pennar and Kanyakumari,-,-,-,Ponnaiyar,12.55500000,78.13833333,30-05-2026 08:00,0.6
340,GUMMANUR,CWC,33,Tamil Nadu,577,Krishnagiri,Krishnagiri,-,-,Duplicate-Ponnaiyar,East flowing rivers between Pennar and Kanyakumari,-,-,-,Ponnaiyar,12.55500000,78.13833333,30-05-2026 19:00,0.6
341,GUMMANUR,CWC,33,Tamil Nadu,577,Krishnagiri,Krishnagiri,-,-,Duplicate-Ponnaiyar,East flowing rivers between Pennar and Kanyakumari,-,-,-,Ponnaiyar,12.55500000,78.13833333,30-05-2026 22:00,0.6
342,GUMMANUR,CWC,33,Tamil Nadu,577,Krishnagiri,Krishnagiri,-,-,Duplicate-Ponnaiyar,East flowing rivers between Pennar and Kanyakumari,-,-,-,Ponnaiyar,12.55500000,78.13833333,31-05-2026 00:00,0.6
343,GUMMANUR,CWC,33,Tamil Nadu,577,Krishnagiri,Krishnagiri,-,-,Duplicate-Ponnaiyar,East flowing rivers between Pennar and Kanyakumari,-,-,-,Ponnaiyar,12.55500000,78.13833333,31-05-2026 01:00,0.6
344,GUMMANUR,CWC,33,Tamil Nadu,577,Krishnagiri,Krishnagiri,-,-,Duplicate-Ponnaiyar,East flowing rivers between Pennar and Kanyakumari,-,-,-,Ponnaiyar,12.55500000,78.13833333,31-05-2026 03:00,3
345,GUMMANUR,CWC,33,Tamil Nadu,577,Krishnagiri,Krishnagiri,-,-,Duplicate-Ponnaiyar,East flowing rivers between Pennar and Kanyakumari,-,-,-,Ponnaiyar,12.55500000,78.13833333,31-05-2026 05:00,3
346,GUMMANUR,CWC,33,Tamil Nadu,577,Krishnagiri,Krishnagiri,-,-,Duplicate-Ponnaiyar,East flowing rivers between Pennar and Kanyakumari,-,-,-,Ponnaiyar,12.55500000,78.13833333,31-05-2026 06:00,3
347,GUMMANUR,CWC,33,Tamil Nadu,577,Krishnagiri,Krishnagiri,-,-,Duplicate-Ponnaiyar,East flowing rivers between Pennar and Kanyakumari,-,-,-,Ponnaiyar,12.55500000,78.13833333,31-05-2026 07:00,3
348,GUMMANUR,CWC,33,Tamil Nadu,577,Krishnagiri,Krishnagiri,-,-,Duplicate-Ponnaiyar,East flowing rivers between Pennar and Kanyakumari,-,-,-,Ponnaiyar,12.55500000,78.13833333,31-05-2026 08:00,3
349,GUMMANUR,CWC,33,Tamil Nadu,577,Krishnagiri,Krishnagiri,-,-,Duplicate-Ponnaiyar,East flowing rivers between Pennar and Kanyakumari,-,-,-,Ponnaiyar,12.55500000,78.13833333,31-05-2026 12:00,3
350,GUMMANUR,CWC,33,Tamil Nadu,577,Krishnagiri,Krishnagiri,-,-,Duplicate-Ponnaiyar,East flowing rivers between Pennar and Kanyakumari,-,-,-,Ponnaiyar,12.55500000,78.13833333,31-05-2026 14:00,3.7
351,GUMMANUR,CWC,33,Tamil Nadu,577,Krishnagiri,Krishnagiri,-,-,Duplicate-Ponnaiyar,East flowing rivers between Pennar and Kanyakumari,-,-,-,Ponnaiyar,12.55500000,78.13833333,01-06-2026 01:00,3
352,GUMMANUR,CWC,33,Tamil Nadu,577,Krishnagiri,Krishnagiri,-,-,Duplicate-Ponnaiyar,East flowing rivers between Pennar and Kanyakumari,-,-,-,Ponnaiyar,12.55500000,78.13833333,01-06-2026 02:00,3.7
353,GUMMANUR,CWC,33,Tamil Nadu,577,Krishnagiri,Krishnagiri,-,-,Duplicate-Ponnaiyar,East flowing rivers between Pennar and Kanyakumari,-,-,-,Ponnaiyar,12.55500000,78.13833333,01-06-2026 11:00,3.7
354,GUMMANUR,CWC,33,Tamil Nadu,577,Krishnagiri,Krishnagiri,-,-,Duplicate-Ponnaiyar,East flowing rivers between Pennar and Kanyakumari,-,-,-,Ponnaiyar,12.55500000,78.13833333,01-06-2026 12:00,51.2
355,GUMMANUR,CWC,33,Tamil Nadu,577,Krishnagiri,Krishnagiri,-,-,Duplicate-Ponnaiyar,East flowing rivers between Pennar and Kanyakumari,-,-,-,Ponnaiyar,12.55500000,78.13833333,01-06-2026 18:00,3.7
356,GUMMANUR,CWC,33,Tamil Nadu,577,Krishnagiri,Krishnagiri,-,-,Duplicate-Ponnaiyar,East flowing rivers between Pennar and Kanyakumari,-,-,-,Ponnaiyar,12.55500000,78.13833333,01-06-2026 19:00,0.2
357,GUMMANUR,CWC,33,Tamil Nadu,577,Krishnagiri,Krishnagiri,-,-,Duplicate-Ponnaiyar,East flowing rivers between Pennar and Kanyakumari,-,-,-,Ponnaiyar,12.55500000,78.13833333,01-06-2026 23:00,3.7
358,GUMMANUR,CWC,33,Tamil Nadu,577,Krishnagiri,Krishnagiri,-,-,Duplicate-Ponnaiyar,East flowing rivers between Pennar and Kanyakumari,-,-,-,Ponnaiyar,12.55500000,78.13833333,02-06-2026 01:00,3.7
359,GUMMANUR,CWC,33,Tamil Nadu,577,Krishnagiri,Krishnagiri,-,-,Duplicate-Ponnaiyar,East flowing rivers between Pennar and Kanyakumari,-,-,-,Ponnaiyar,12.55500000,78.13833333,02-06-2026 03:00,2.4
360,GUMMANUR,CWC,33,Tamil Nadu,577,Krishnagiri,Krishnagiri,-,-,Duplicate-Ponnaiyar,East flowing rivers between Pennar and Kanyakumari,-,-,-,Ponnaiyar,12.55500000,78.13833333,02-06-2026 04:00,2.4
361,GUMMANUR,CWC,33,Tamil Nadu,577,Krishnagiri,Krishnagiri,-,-,Duplicate-Ponnaiyar,East flowing rivers between Pennar and Kanyakumari,-,-,-,Ponnaiyar,12.55500000,78.13833333,02-06-2026 10:00,2.4
362,GUMMANUR,CWC,33,Tamil Nadu,577,Krishnagiri,Krishnagiri,-,-,Duplicate-Ponnaiyar,East flowing rivers between Pennar and Kanyakumari,-,-,-,Ponnaiyar,12.55500000,78.13833333,02-06-2026 14:00,2.4
363,GUMMANUR,CWC,33,Tamil Nadu,577,Krishnagiri,Krishnagiri,-,-,Duplicate-Ponnaiyar,East flowing rivers between Pennar and Kanyakumari,-,-,-,Ponnaiyar,12.55500000,78.13833333,02-06-2026 18:00,2.4
364,GUMMANUR,CWC,33,Tamil Nadu,577,Krishnagiri,Krishnagiri,-,-,Duplicate-Ponnaiyar,East flowing rivers between Pennar and Kanyakumari,-,-,-,Ponnaiyar,12.55500000,78.13833333,02-06-2026 21:00,2.4
365,GUMMANUR,CWC,33,Tamil Nadu,577,Krishnagiri,Krishnagiri,-,-,Duplicate-Ponnaiyar,East flowing rivers between Pennar and Kanyakumari,-,-,-,Ponnaiyar,12.55500000,78.13833333,02-06-2026 23:00,2.4
366,GUMMANUR,CWC,33,Tamil Nadu,577,Krishnagiri,Krishnagiri,-,-,Duplicate-Ponnaiyar,East flowing rivers between Pennar and Kanyakumari,-,-,-,Ponnaiyar,12.55500000,78.13833333,03-06-2026 01:00,2.4
367,GUMMANUR,CWC,33,Tamil Nadu,577,Krishnagiri,Krishnagiri,-,-,Duplicate-Ponnaiyar,East flowing rivers between Pennar and Kanyakumari,-,-,-,Ponnaiyar,12.55500000,78.13833333,03-06-2026 18:00,64
368,Jagityal,CWC,33,Tamil Nadu,568,Chennai,CHENNAI,-,-,-,-,-,-,-,-,,,10-01-2026 12:30,0.5
369,Jagityal,CWC,33,Tamil Nadu,568,Chennai,CHENNAI,-,-,-,-,-,-,-,-,,,30-01-2026 12:30,160
370,Jagityal,CWC,33,Tamil Nadu,568,Chennai,CHENNAI,-,-,-,-,-,-,-,-,,,01-02-2026 21:30,54
371,Jagityal,CWC,33,Tamil Nadu,568,Chennai,CHENNAI,-,-,-,-,-,-,-,-,,,04-02-2026 21:30,345
372,Jagityal,CWC,33,Tamil Nadu,568,Chennai,CHENNAI,-,-,-,-,-,-,-,-,,,11-02-2026 21:30,80.5
373,Jagityal,CWC,33,Tamil Nadu,568,Chennai,CHENNAI,-,-,-,-,-,-,-,-,,,23-02-2026 19:30,1.5
374,Jagityal,CWC,33,Tamil Nadu,568,Chennai,CHENNAI,-,-,-,-,-,-,-,-,,,24-03-2026 20:30,130
375,Jagityal,CWC,33,Tamil Nadu,568,Chennai,CHENNAI,-,-,-,-,-,-,-,-,,,24-03-2026 22:30,18
376,Jagityal,CWC,33,Tamil Nadu,568,Chennai,CHENNAI,-,-,-,-,-,-,-,-,,,26-03-2026 07:30,84.5
377,Jagityal,CWC,33,Tamil Nadu,568,Chennai,CHENNAI,-,-,-,-,-,-,-,-,,,26-03-2026 11:30,408
378,Jagityal,CWC,33,Tamil Nadu,568,Chennai,CHENNAI,-,-,-,-,-,-,-,-,,,31-03-2026 01:30,10
379,Jagityal,CWC,33,Tamil Nadu,568,Chennai,CHENNAI,-,-,-,-,-,-,-,-,,,31-03-2026 03:30,1
380,Jagityal,CWC,33,Tamil Nadu,568,Chennai,CHENNAI,-,-,-,-,-,-,-,-,,,01-04-2026 16:30,199.5
381,Jagityal,CWC,33,Tamil Nadu,568,Chennai,CHENNAI,-,-,-,-,-,-,-,-,,,01-04-2026 20:30,240
382,Jagityal,CWC,33,Tamil Nadu,568,Chennai,CHENNAI,-,-,-,-,-,-,-,-,,,02-04-2026 13:30,408
383,Jagityal,CWC,33,Tamil Nadu,568,Chennai,CHENNAI,-,-,-,-,-,-,-,-,,,10-04-2026 10:30,0.5
384,Jagityal,CWC,33,Tamil Nadu,568,Chennai,CHENNAI,-,-,-,-,-,-,-,-,,,15-04-2026 10:30,193.5
385,Jagityal,CWC,33,Tamil Nadu,568,Chennai,CHENNAI,-,-,-,-,-,-,-,-,,,20-04-2026 18:30,226.5
386,Jagityal,CWC,33,Tamil Nadu,568,Chennai,CHENNAI,-,-,-,-,-,-,-,-,,,22-04-2026 15:30,5
387,Jagityal,CWC,33,Tamil Nadu,568,Chennai,CHENNAI,-,-,-,-,-,-,-,-,,,23-04-2026 17:30,2
388,Jagityal,CWC,33,Tamil Nadu,568,Chennai,CHENNAI,-,-,-,-,-,-,-,-,,,23-04-2026 18:30,0.5
389,Jagityal,CWC,33,Tamil Nadu,568,Chennai,CHENNAI,-,-,-,-,-,-,-,-,,,29-04-2026 00:30,136.5
390,Jagityal,CWC,33,Tamil Nadu,568,Chennai,CHENNAI,-,-,-,-,-,-,-,-,,,29-04-2026 23:30,48
391,Jagityal,CWC,33,Tamil Nadu,568,Chennai,CHENNAI,-,-,-,-,-,-,-,-,,,24-05-2026 02:30,48
392,Jagityal,CWC,33,Tamil Nadu,568,Chennai,CHENNAI,-,-,-,-,-,-,-,-,,,26-05-2026 11:30,252.5
393,Jagityal,CWC,33,Tamil Nadu,568,Chennai,CHENNAI,-,-,-,-,-,-,-,-,,,26-05-2026 23:30,3
394,Jagityal,CWC,33,Tamil Nadu,568,Chennai,CHENNAI,-,-,-,-,-,-,-,-,,,29-05-2026 14:30,39
395,Kaddam_Project,CWC,33,Tamil Nadu,568,Chennai,CHENNAI,-,-,-,-,-,-,-,-,,,02-01-2026 13:30,0.5
396,Kaddam_Project,CWC,33,Tamil Nadu,568,Chennai,CHENNAI,-,-,-,-,-,-,-,-,,,03-02-2026 01:30,208
397,Kaddam_Project,CWC,33,Tamil Nadu,568,Chennai,CHENNAI,-,-,-,-,-,-,-,-,,,04-02-2026 14:30,324
398,Kaddam_Project,CWC,33,Tamil Nadu,568,Chennai,CHENNAI,-,-,-,-,-,-,-,-,,,05-02-2026 01:30,64
399,Kaddam_Project,CWC,33,Tamil Nadu,568,Chennai,CHENNAI,-,-,-,-,-,-,-,-,,,05-02-2026 06:30,192
400,Kaddam_Project,CWC,33,Tamil Nadu,568,Chennai,CHENNAI,-,-,-,-,-,-,-,-,,,02-04-2026 15:30,34
401,Kaddam_Project,CWC,33,Tamil Nadu,568,Chennai,CHENNAI,-,-,-,-,-,-,-,-,,,10-04-2026 11:00,160
402,Kaddam_Project,CWC,33,Tamil Nadu,568,Chennai,CHENNAI,-,-,-,-,-,-,-,-,,,14-04-2026 11:30,5
403,Kaddam_Project,CWC,33,Tamil Nadu,568,Chennai,CHENNAI,-,-,-,-,-,-,-,-,,,16-04-2026 23:30,3
404,Kaddam_Project,CWC,33,Tamil Nadu,568,Chennai,CHENNAI,-,-,-,-,-,-,-,-,,,18-04-2026 03:30,16
405,Kaddam_Project,CWC,33,Tamil Nadu,568,Chennai,CHENNAI,-,-,-,-,-,-,-,-,,,18-04-2026 12:30,128
406,Kaddam_Project,CWC,33,Tamil Nadu,568,Chennai,CHENNAI,-,-,-,-,-,-,-,-,,,21-04-2026 17:30,64
407,Kaddam_Project,CWC,33,Tamil Nadu,568,Chennai,CHENNAI,-,-,-,-,-,-,-,-,,,22-04-2026 19:30,383.5
408,Kaddam_Project,CWC,33,Tamil Nadu,568,Chennai,CHENNAI,-,-,-,-,-,-,-,-,,,23-04-2026 15:30,0.5
409,Kaddam_Project,CWC,33,Tamil Nadu,568,Chennai,CHENNAI,-,-,-,-,-,-,-,-,,,23-04-2026 22:30,0.5
410,Kaddam_Project,CWC,33,Tamil Nadu,568,Chennai,CHENNAI,-,-,-,-,-,-,-,-,,,24-04-2026 00:30,1
411,Kaddam_Project,CWC,33,Tamil Nadu,568,Chennai,CHENNAI,-,-,-,-,-,-,-,-,,,24-04-2026 02:30,1
412,Kaddam_Project,CWC,33,Tamil Nadu,568,Chennai,CHENNAI,-,-,-,-,-,-,-,-,,,24-04-2026 03:30,1.5
413,Kaddam_Project,CWC,33,Tamil Nadu,568,Chennai,CHENNAI,-,-,-,-,-,-,-,-,,,24-04-2026 06:30,9
414,Kaddam_Project,CWC,33,Tamil Nadu,568,Chennai,CHENNAI,-,-,-,-,-,-,-,-,,,24-04-2026 16:30,9
415,Kaddam_Project,CWC,33,Tamil Nadu,568,Chennai,CHENNAI,-,-,-,-,-,-,-,-,,,25-04-2026 09:30,208.5
416,Kaddam_Project,CWC,33,Tamil Nadu,568,Chennai,CHENNAI,-,-,-,-,-,-,-,-,,,13-05-2026 23:30,8.5
417,Kaddam_Project,CWC,33,Tamil Nadu,568,Chennai,CHENNAI,-,-,-,-,-,-,-,-,,,14-05-2026 00:30,2
418,Kaddam_Project,CWC,33,Tamil Nadu,568,Chennai,CHENNAI,-,-,-,-,-,-,-,-,,,14-05-2026 03:30,1
419,Kaddam_Project,CWC,33,Tamil Nadu,568,Chennai,CHENNAI,-,-,-,-,-,-,-,-,,,14-05-2026 04:30,1
420,Kaddam_Project,CWC,33,Tamil Nadu,568,Chennai,CHENNAI,-,-,-,-,-,-,-,-,,,14-05-2026 05:30,1
421,Kaddam_Project,CWC,33,Tamil Nadu,568,Chennai,CHENNAI,-,-,-,-,-,-,-,-,,,14-05-2026 08:30,1
422,Kaddam_Project,CWC,33,Tamil Nadu,568,Chennai,CHENNAI,-,-,-,-,-,-,-,-,,,14-05-2026 09:30,1
423,Kaddam_Project,CWC,33,Tamil Nadu,568,Chennai,CHENNAI,-,-,-,-,-,-,-,-,,,14-05-2026 15:30,252
424,Kaddam_Project,CWC,33,Tamil Nadu,568,Chennai,CHENNAI,-,-,-,-,-,-,-,-,,,15-05-2026 01:30,16.5
425,Kaddam_Project,CWC,33,Tamil Nadu,568,Chennai,CHENNAI,-,-,-,-,-,-,-,-,,,24-05-2026 22:30,192.5
426,Kaddam_Project,CWC,33,Tamil Nadu,568,Chennai,CHENNAI,-,-,-,-,-,-,-,-,,,25-05-2026 17:30,231.5
427,Kaddam_Project,CWC,33,Tamil Nadu,568,Chennai,CHENNAI,-,-,-,-,-,-,-,-,,,25-05-2026 18:30,7.5
428,Kaddam_Project,CWC,33,Tamil Nadu,568,Chennai,CHENNAI,-,-,-,-,-,-,-,-,,,26-05-2026 05:30,3
429,Kaddam_Project,CWC,33,Tamil Nadu,568,Chennai,CHENNAI,-,-,-,-,-,-,-,-,,,26-05-2026 06:30,7.5
430,Kaddam_Project,CWC,33,Tamil Nadu,568,Chennai,CHENNAI,-,-,-,-,-,-,-,-,,,26-05-2026 08:30,1
431,Kaddam_Project,CWC,33,Tamil Nadu,568,Chennai,CHENNAI,-,-,-,-,-,-,-,-,,,26-05-2026 14:30,1
432,Kaddam_Project,CWC,33,Tamil Nadu,568,Chennai,CHENNAI,-,-,-,-,-,-,-,-,,,26-05-2026 16:30,1
433,Kaddam_Project,CWC,33,Tamil Nadu,568,Chennai,CHENNAI,-,-,-,-,-,-,-,-,,,26-05-2026 18:30,0.5
434,Kaddam_Project,CWC,33,Tamil Nadu,568,Chennai,CHENNAI,-,-,-,-,-,-,-,-,,,26-05-2026 21:30,180
435,Kaddam_Project,CWC,33,Tamil Nadu,568,Chennai,CHENNAI,-,-,-,-,-,-,-,-,,,27-05-2026 01:30,9
436,Kaddam_Project,CWC,33,Tamil Nadu,568,Chennai,CHENNAI,-,-,-,-,-,-,-,-,,,27-05-2026 02:30,5
437,Kaddam_Project,CWC,33,Tamil Nadu,568,Chennai,CHENNAI,-,-,-,-,-,-,-,-,,,27-05-2026 03:30,5
438,Kaddam_Project,CWC,33,Tamil Nadu,568,Chennai,CHENNAI,-,-,-,-,-,-,-,-,,,27-05-2026 04:30,2
439,Kaddam_Project,CWC,33,Tamil Nadu,568,Chennai,CHENNAI,-,-,-,-,-,-,-,-,,,27-05-2026 08:30,1
440,Kaddam_Project,CWC,33,Tamil Nadu,568,Chennai,CHENNAI,-,-,-,-,-,-,-,-,,,27-05-2026 13:30,0.5
441,Kaddam_Project,CWC,33,Tamil Nadu,568,Chennai,CHENNAI,-,-,-,-,-,-,-,-,,,27-05-2026 15:30,2
442,Kaddam_Project,CWC,33,Tamil Nadu,568,Chennai,CHENNAI,-,-,-,-,-,-,-,-,,,27-05-2026 19:30,21.5
443,Kaddam_Project,CWC,33,Tamil Nadu,568,Chennai,CHENNAI,-,-,-,-,-,-,-,-,,,27-05-2026 22:30,8.5
444,Kaddam_Project,CWC,33,Tamil Nadu,568,Chennai,CHENNAI,-,-,-,-,-,-,-,-,,,28-05-2026 00:30,19.5
445,Kaddam_Project,CWC,33,Tamil Nadu,568,Chennai,CHENNAI,-,-,-,-,-,-,-,-,,,28-05-2026 01:30,5.5
446,Kaddam_Project,CWC,33,Tamil Nadu,568,Chennai,CHENNAI,-,-,-,-,-,-,-,-,,,28-05-2026 02:30,2
447,Kaddam_Project,CWC,33,Tamil Nadu,568,Chennai,CHENNAI,-,-,-,-,-,-,-,-,,,28-05-2026 03:30,46.5
448,Kaddam_Project,CWC,33,Tamil Nadu,568,Chennai,CHENNAI,-,-,-,-,-,-,-,-,,,28-05-2026 04:30,37
449,Kaddam_Project,CWC,33,Tamil Nadu,568,Chennai,CHENNAI,-,-,-,-,-,-,-,-,,,28-05-2026 05:30,0.5
450,Kaddam_Project,CWC,33,Tamil Nadu,568,Chennai,CHENNAI,-,-,-,-,-,-,-,-,,,28-05-2026 07:30,0.5
451,Kaddam_Project,CWC,33,Tamil Nadu,568,Chennai,CHENNAI,-,-,-,-,-,-,-,-,,,28-05-2026 11:30,0.5
452,Kaddam_Project,CWC,33,Tamil Nadu,568,Chennai,CHENNAI,-,-,-,-,-,-,-,-,,,28-05-2026 15:30,1.5
453,Kaddam_Project,CWC,33,Tamil Nadu,568,Chennai,CHENNAI,-,-,-,-,-,-,-,-,,,28-05-2026 16:30,1.5
454,Kaddam_Project,CWC,33,Tamil Nadu,568,Chennai,CHENNAI,-,-,-,-,-,-,-,-,,,28-05-2026 17:30,16.5
455,Kaddam_Project,CWC,33,Tamil Nadu,568,Chennai,CHENNAI,-,-,-,-,-,-,-,-,,,29-05-2026 08:30,5
456,Kaddam_Project,CWC,33,Tamil Nadu,568,Chennai,CHENNAI,-,-,-,-,-,-,-,-,,,29-05-2026 19:30,1
457,Kaddam_Project,CWC,33,Tamil Nadu,568,Chennai,CHENNAI,-,-,-,-,-,-,-,-,,,30-05-2026 01:30,7
458,Kaddam_Project,CWC,33,Tamil Nadu,568,Chennai,CHENNAI,-,-,-,-,-,-,-,-,,,30-05-2026 02:30,3.5
459,Kaddam_Project,CWC,33,Tamil Nadu,568,Chennai,CHENNAI,-,-,-,-,-,-,-,-,,,30-05-2026 03:30,3
460,Kaddam_Project,CWC,33,Tamil Nadu,568,Chennai,CHENNAI,-,-,-,-,-,-,-,-,,,30-05-2026 04:30,1
461,Kaddam_Project,CWC,33,Tamil Nadu,568,Chennai,CHENNAI,-,-,-,-,-,-,-,-,,,30-05-2026 05:30,1
462,Kaddam_Project,CWC,33,Tamil Nadu,568,Chennai,CHENNAI,-,-,-,-,-,-,-,-,,,30-05-2026 07:30,5
463,Kaddam_Project,CWC,33,Tamil Nadu,568,Chennai,CHENNAI,-,-,-,-,-,-,-,-,,,30-05-2026 10:30,1
464,Kaddam_Project,CWC,33,Tamil Nadu,568,Chennai,CHENNAI,-,-,-,-,-,-,-,-,,,30-05-2026 11:30,1.5
465,Kaddam_Project,CWC,33,Tamil Nadu,568,Chennai,CHENNAI,-,-,-,-,-,-,-,-,,,30-05-2026 14:30,1.5
466,Kaddam_Project,CWC,33,Tamil Nadu,568,Chennai,CHENNAI,-,-,-,-,-,-,-,-,,,30-05-2026 19:30,2
467,Kaddam_Project,CWC,33,Tamil Nadu,568,Chennai,CHENNAI,-,-,-,-,-,-,-,-,,,30-05-2026 20:30,1
468,Kaddam_Project,CWC,33,Tamil Nadu,568,Chennai,CHENNAI,-,-,-,-,-,-,-,-,,,30-05-2026 22:30,36.5
469,Kaddam_Project,CWC,33,Tamil Nadu,568,Chennai,CHENNAI,-,-,-,-,-,-,-,-,,,31-05-2026 02:30,0.5
470,Kaddam_Project,CWC,33,Tamil Nadu,568,Chennai,CHENNAI,-,-,-,-,-,-,-,-,,,31-05-2026 08:30,2.5
471,Kaddam_Project,CWC,33,Tamil Nadu,568,Chennai,CHENNAI,-,-,-,-,-,-,-,-,,,31-05-2026 14:30,1
472,Kaddam_Project,CWC,33,Tamil Nadu,568,Chennai,CHENNAI,-,-,-,-,-,-,-,-,,,31-05-2026 21:30,1.5
473,Kaddam_Project,CWC,33,Tamil Nadu,568,Chennai,CHENNAI,-,-,-,-,-,-,-,-,,,01-06-2026 01:30,0.5
474,Kaddam_Project,CWC,33,Tamil Nadu,568,Chennai,CHENNAI,-,-,-,-,-,-,-,-,,,01-06-2026 06:30,2.5
475,Kaddam_Project,CWC,33,Tamil Nadu,568,Chennai,CHENNAI,-,-,-,-,-,-,-,-,,,01-06-2026 08:30,132
476,Kaddam_Project,CWC,33,Tamil Nadu,568,Chennai,CHENNAI,-,-,-,-,-,-,-,-,,,01-06-2026 19:30,3.5
477,Kaddam_Project,CWC,33,Tamil Nadu,568,Chennai,CHENNAI,-,-,-,-,-,-,-,-,,,01-06-2026 21:30,4
478,Kaddam_Project,CWC,33,Tamil Nadu,568,Chennai,CHENNAI,-,-,-,-,-,-,-,-,,,01-06-2026 22:30,2.5
479,Kaddam_Project,CWC,33,Tamil Nadu,568,Chennai,CHENNAI,-,-,-,-,-,-,-,-,,,02-06-2026 00:30,4
480,Kaddam_Project,CWC,33,Tamil Nadu,568,Chennai,CHENNAI,-,-,-,-,-,-,-,-,,,02-06-2026 02:30,0.5
481,Kaddam_Project,CWC,33,Tamil Nadu,568,Chennai,CHENNAI,-,-,-,-,-,-,-,-,,,02-06-2026 07:30,2
482,Kaddam_Project,CWC,33,Tamil Nadu,568,Chennai,CHENNAI,-,-,-,-,-,-,-,-,,,02-06-2026 11:30,479
483,Kaddam_Project,CWC,33,Tamil Nadu,568,Chennai,CHENNAI,-,-,-,-,-,-,-,-,,,02-06-2026 17:30,0.5
484,Kaddam_Project,CWC,33,Tamil Nadu,568,Chennai,CHENNAI,-,-,-,-,-,-,-,-,,,02-06-2026 18:30,0.5
485,Kaddam_Project,CWC,33,Tamil Nadu,568,Chennai,CHENNAI,-,-,-,-,-,-,-,-,,,02-06-2026 22:30,0.5
486,Kaddam_Project,CWC,33,Tamil Nadu,568,Chennai,CHENNAI,-,-,-,-,-,-,-,-,,,03-06-2026 04:30,2.5
487,Kaddam_Project,CWC,33,Tamil Nadu,568,Chennai,CHENNAI,-,-,-,-,-,-,-,-,,,03-06-2026 05:30,10.5
488,Kalpadai,CWC,33,Tamil Nadu,729,Kallakurichi,Chinnasalem,-,-,Vellar,East flowing rivers between Pennar and Kanyakumari,Manimukta,Gomukha,-,Gomukha,11.78722222,78.78666667,01-01-2026 13:00,26.7
489,Kalpadai,CWC,33,Tamil Nadu,729,Kallakurichi,Chinnasalem,-,-,Vellar,East flowing rivers between Pennar and Kanyakumari,Manimukta,Gomukha,-,Gomukha,11.78722222,78.78666667,06-01-2026 04:00,2.7
490,Kalpadai,CWC,33,Tamil Nadu,729,Kallakurichi,Chinnasalem,-,-,Vellar,East flowing rivers between Pennar and Kanyakumari,Manimukta,Gomukha,-,Gomukha,11.78722222,78.78666667,07-01-2026 19:00,62.9
491,Kalpadai,CWC,33,Tamil Nadu,729,Kallakurichi,Chinnasalem,-,-,Vellar,East flowing rivers between Pennar and Kanyakumari,Manimukta,Gomukha,-,Gomukha,11.78722222,78.78666667,10-01-2026 06:00,0.1
492,Kalpadai,CWC,33,Tamil Nadu,729,Kallakurichi,Chinnasalem,-,-,Vellar,East flowing rivers between Pennar and Kanyakumari,Manimukta,Gomukha,-,Gomukha,11.78722222,78.78666667,10-01-2026 11:00,1.1
493,Kalpadai,CWC,33,Tamil Nadu,729,Kallakurichi,Chinnasalem,-,-,Vellar,East flowing rivers between Pennar and Kanyakumari,Manimukta,Gomukha,-,Gomukha,11.78722222,78.78666667,10-01-2026 18:00,0.1
494,Kalpadai,CWC,33,Tamil Nadu,729,Kallakurichi,Chinnasalem,-,-,Vellar,East flowing rivers between Pennar and Kanyakumari,Manimukta,Gomukha,-,Gomukha,11.78722222,78.78666667,11-01-2026 02:00,0.5
495,Kalpadai,CWC,33,Tamil Nadu,729,Kallakurichi,Chinnasalem,-,-,Vellar,East flowing rivers between Pennar and Kanyakumari,Manimukta,Gomukha,-,Gomukha,11.78722222,78.78666667,11-01-2026 03:00,0.3
496,Kalpadai,CWC,33,Tamil Nadu,729,Kallakurichi,Chinnasalem,-,-,Vellar,East flowing rivers between Pennar and Kanyakumari,Manimukta,Gomukha,-,Gomukha,11.78722222,78.78666667,11-01-2026 11:00,0.1
497,Kalpadai,CWC,33,Tamil Nadu,729,Kallakurichi,Chinnasalem,-,-,Vellar,East flowing rivers between Pennar and Kanyakumari,Manimukta,Gomukha,-,Gomukha,11.78722222,78.78666667,11-01-2026 12:00,0.1
498,Kalpadai,CWC,33,Tamil Nadu,729,Kallakurichi,Chinnasalem,-,-,Vellar,East flowing rivers between Pennar and Kanyakumari,Manimukta,Gomukha,-,Gomukha,11.78722222,78.78666667,11-01-2026 21:00,0.1
499,Kalpadai,CWC,33,Tamil Nadu,729,Kallakurichi,Chinnasalem,-,-,Vellar,East flowing rivers between Pennar and Kanyakumari,Manimukta,Gomukha,-,Gomukha,11.78722222,78.78666667,12-01-2026 02:00,0.2
500,Kalpadai,CWC,33,Tamil Nadu,729,Kallakurichi,Chinnasalem,-,-,Vellar,East flowing rivers between Pennar and Kanyakumari,Manimukta,Gomukha,-,Gomukha,11.78722222,78.78666667,12-01-2026 04:00,0.1
501,Kalpadai,CWC,33,Tamil Nadu,729,Kallakurichi,Chinnasalem,-,-,Vellar,East flowing rivers between Pennar and Kanyakumari,Manimukta,Gomukha,-,Gomukha,11.78722222,78.78666667,12-01-2026 09:00,0.1
502,Kalpadai,CWC,33,Tamil Nadu,729,Kallakurichi,Chinnasalem,-,-,Vellar,East flowing rivers between Pennar and Kanyakumari,Manimukta,Gomukha,-,Gomukha,11.78722222,78.78666667,12-01-2026 21:00,0.1
503,Kalpadai,CWC,33,Tamil Nadu,729,Kallakurichi,Chinnasalem,-,-,Vellar,East flowing rivers between Pennar and Kanyakumari,Manimukta,Gomukha,-,Gomukha,11.78722222,78.78666667,13-01-2026 15:00,64
504,Kalpadai,CWC,33,Tamil Nadu,729,Kallakurichi,Chinnasalem,-,-,Vellar,East flowing rivers between Pennar and Kanyakumari,Manimukta,Gomukha,-,Gomukha,11.78722222,78.78666667,17-01-2026 16:00,57.6
505,Kalpadai,CWC,33,Tamil Nadu,729,Kallakurichi,Chinnasalem,-,-,Vellar,East flowing rivers between Pennar and Kanyakumari,Manimukta,Gomukha,-,Gomukha,11.78722222,78.78666667,17-01-2026 17:00,32
506,Kalpadai,CWC,33,Tamil Nadu,729,Kallakurichi,Chinnasalem,-,-,Vellar,East flowing rivers between Pennar and Kanyakumari,Manimukta,Gomukha,-,Gomukha,11.78722222,78.78666667,31-01-2026 16:00,0.8
507,Kalpadai,CWC,33,Tamil Nadu,729,Kallakurichi,Chinnasalem,-,-,Vellar,East flowing rivers between Pennar and Kanyakumari,Manimukta,Gomukha,-,Gomukha,11.78722222,78.78666667,03-02-2026 14:00,0.2
508,Kalpadai,CWC,33,Tamil Nadu,729,Kallakurichi,Chinnasalem,-,-,Vellar,East flowing rivers between Pennar and Kanyakumari,Manimukta,Gomukha,-,Gomukha,11.78722222,78.78666667,09-02-2026 23:00,79.1
509,Kalpadai,CWC,33,Tamil Nadu,729,Kallakurichi,Chinnasalem,-,-,Vellar,East flowing rivers between Pennar and Kanyakumari,Manimukta,Gomukha,-,Gomukha,11.78722222,78.78666667,15-02-2026 02:00,1.2
510,Kalpadai,CWC,33,Tamil Nadu,729,Kallakurichi,Chinnasalem,-,-,Vellar,East flowing rivers between Pennar and Kanyakumari,Manimukta,Gomukha,-,Gomukha,11.78722222,78.78666667,18-02-2026 07:00,98.3
511,Kalpadai,CWC,33,Tamil Nadu,729,Kallakurichi,Chinnasalem,-,-,Vellar,East flowing rivers between Pennar and Kanyakumari,Manimukta,Gomukha,-,Gomukha,11.78722222,78.78666667,19-02-2026 05:00,5.1
512,Kalpadai,CWC,33,Tamil Nadu,729,Kallakurichi,Chinnasalem,-,-,Vellar,East flowing rivers between Pennar and Kanyakumari,Manimukta,Gomukha,-,Gomukha,11.78722222,78.78666667,21-02-2026 07:00,76.8
513,Kalpadai,CWC,33,Tamil Nadu,729,Kallakurichi,Chinnasalem,-,-,Vellar,East flowing rivers between Pennar and Kanyakumari,Manimukta,Gomukha,-,Gomukha,11.78722222,78.78666667,23-02-2026 03:00,1.2
514,Kalpadai,CWC,33,Tamil Nadu,729,Kallakurichi,Chinnasalem,-,-,Vellar,East flowing rivers between Pennar and Kanyakumari,Manimukta,Gomukha,-,Gomukha,11.78722222,78.78666667,24-02-2026 02:00,52.9
515,Kalpadai,CWC,33,Tamil Nadu,729,Kallakurichi,Chinnasalem,-,-,Vellar,East flowing rivers between Pennar and Kanyakumari,Manimukta,Gomukha,-,Gomukha,11.78722222,78.78666667,24-02-2026 15:00,37.1
516,Kalpadai,CWC,33,Tamil Nadu,729,Kallakurichi,Chinnasalem,-,-,Vellar,East flowing rivers between Pennar and Kanyakumari,Manimukta,Gomukha,-,Gomukha,11.78722222,78.78666667,17-03-2026 10:00,76.8
517,Kalpadai,CWC,33,Tamil Nadu,729,Kallakurichi,Chinnasalem,-,-,Vellar,East flowing rivers between Pennar and Kanyakumari,Manimukta,Gomukha,-,Gomukha,11.78722222,78.78666667,25-03-2026 02:00,63
518,Kalpadai,CWC,33,Tamil Nadu,729,Kallakurichi,Chinnasalem,-,-,Vellar,East flowing rivers between Pennar and Kanyakumari,Manimukta,Gomukha,-,Gomukha,11.78722222,78.78666667,29-03-2026 00:00,11.5
519,Kalpadai,CWC,33,Tamil Nadu,729,Kallakurichi,Chinnasalem,-,-,Vellar,East flowing rivers between Pennar and Kanyakumari,Manimukta,Gomukha,-,Gomukha,11.78722222,78.78666667,29-03-2026 08:00,38.4
520,Kalpadai,CWC,33,Tamil Nadu,729,Kallakurichi,Chinnasalem,-,-,Vellar,East flowing rivers between Pennar and Kanyakumari,Manimukta,Gomukha,-,Gomukha,11.78722222,78.78666667,01-04-2026 09:00,31.2
521,Kalpadai,CWC,33,Tamil Nadu,729,Kallakurichi,Chinnasalem,-,-,Vellar,East flowing rivers between Pennar and Kanyakumari,Manimukta,Gomukha,-,Gomukha,11.78722222,78.78666667,02-04-2026 14:00,76.8
522,Kalpadai,CWC,33,Tamil Nadu,729,Kallakurichi,Chinnasalem,-,-,Vellar,East flowing rivers between Pennar and Kanyakumari,Manimukta,Gomukha,-,Gomukha,11.78722222,78.78666667,02-04-2026 15:00,38.4
523,Kalpadai,CWC,33,Tamil Nadu,729,Kallakurichi,Chinnasalem,-,-,Vellar,East flowing rivers between Pennar and Kanyakumari,Manimukta,Gomukha,-,Gomukha,11.78722222,78.78666667,04-04-2026 21:00,47.8
524,Kalpadai,CWC,33,Tamil Nadu,729,Kallakurichi,Chinnasalem,-,-,Vellar,East flowing rivers between Pennar and Kanyakumari,Manimukta,Gomukha,-,Gomukha,11.78722222,78.78666667,04-04-2026 22:00,49.9
525,Kalpadai,CWC,33,Tamil Nadu,729,Kallakurichi,Chinnasalem,-,-,Vellar,East flowing rivers between Pennar and Kanyakumari,Manimukta,Gomukha,-,Gomukha,11.78722222,78.78666667,06-04-2026 11:00,64
526,Kalpadai,CWC,33,Tamil Nadu,729,Kallakurichi,Chinnasalem,-,-,Vellar,East flowing rivers between Pennar and Kanyakumari,Manimukta,Gomukha,-,Gomukha,11.78722222,78.78666667,08-04-2026 08:00,51.8
527,Kalpadai,CWC,33,Tamil Nadu,729,Kallakurichi,Chinnasalem,-,-,Vellar,East flowing rivers between Pennar and Kanyakumari,Manimukta,Gomukha,-,Gomukha,11.78722222,78.78666667,11-04-2026 02:00,2
528,Kalpadai,CWC,33,Tamil Nadu,729,Kallakurichi,Chinnasalem,-,-,Vellar,East flowing rivers between Pennar and Kanyakumari,Manimukta,Gomukha,-,Gomukha,11.78722222,78.78666667,11-04-2026 11:00,12.9
529,Kalpadai,CWC,33,Tamil Nadu,729,Kallakurichi,Chinnasalem,-,-,Vellar,East flowing rivers between Pennar and Kanyakumari,Manimukta,Gomukha,-,Gomukha,11.78722222,78.78666667,11-04-2026 18:00,8.5
530,Kalpadai,CWC,33,Tamil Nadu,729,Kallakurichi,Chinnasalem,-,-,Vellar,East flowing rivers between Pennar and Kanyakumari,Manimukta,Gomukha,-,Gomukha,11.78722222,78.78666667,17-04-2026 22:00,0.2
531,Kalpadai,CWC,33,Tamil Nadu,729,Kallakurichi,Chinnasalem,-,-,Vellar,East flowing rivers between Pennar and Kanyakumari,Manimukta,Gomukha,-,Gomukha,11.78722222,78.78666667,20-04-2026 08:00,38.4
532,Kalpadai,CWC,33,Tamil Nadu,729,Kallakurichi,Chinnasalem,-,-,Vellar,East flowing rivers between Pennar and Kanyakumari,Manimukta,Gomukha,-,Gomukha,11.78722222,78.78666667,23-04-2026 12:00,6.8
533,Kalpadai,CWC,33,Tamil Nadu,729,Kallakurichi,Chinnasalem,-,-,Vellar,East flowing rivers between Pennar and Kanyakumari,Manimukta,Gomukha,-,Gomukha,11.78722222,78.78666667,23-04-2026 13:00,39.6
534,Kalpadai,CWC,33,Tamil Nadu,729,Kallakurichi,Chinnasalem,-,-,Vellar,East flowing rivers between Pennar and Kanyakumari,Manimukta,Gomukha,-,Gomukha,11.78722222,78.78666667,24-04-2026 15:00,64
535,Kalpadai,CWC,33,Tamil Nadu,729,Kallakurichi,Chinnasalem,-,-,Vellar,East flowing rivers between Pennar and Kanyakumari,Manimukta,Gomukha,-,Gomukha,11.78722222,78.78666667,25-04-2026 17:00,62.7
536,Kalpadai,CWC,33,Tamil Nadu,729,Kallakurichi,Chinnasalem,-,-,Vellar,East flowing rivers between Pennar and Kanyakumari,Manimukta,Gomukha,-,Gomukha,11.78722222,78.78666667,26-04-2026 12:00,16.5
537,Kalpadai,CWC,33,Tamil Nadu,729,Kallakurichi,Chinnasalem,-,-,Vellar,East flowing rivers between Pennar and Kanyakumari,Manimukta,Gomukha,-,Gomukha,11.78722222,78.78666667,26-04-2026 13:00,54
538,Kalpadai,CWC,33,Tamil Nadu,729,Kallakurichi,Chinnasalem,-,-,Vellar,East flowing rivers between Pennar and Kanyakumari,Manimukta,Gomukha,-,Gomukha,11.78722222,78.78666667,16-05-2026 00:00,2.6
539,Kalpadai,CWC,33,Tamil Nadu,729,Kallakurichi,Chinnasalem,-,-,Vellar,East flowing rivers between Pennar and Kanyakumari,Manimukta,Gomukha,-,Gomukha,11.78722222,78.78666667,16-05-2026 11:00,38.4
540,Kalpadai,CWC,33,Tamil Nadu,729,Kallakurichi,Chinnasalem,-,-,Vellar,East flowing rivers between Pennar and Kanyakumari,Manimukta,Gomukha,-,Gomukha,11.78722222,78.78666667,01-06-2026 12:30,0.7
541,Kalpadai,CWC,33,Tamil Nadu,729,Kallakurichi,Chinnasalem,-,-,Vellar,East flowing rivers between Pennar and Kanyakumari,Manimukta,Gomukha,-,Gomukha,11.78722222,78.78666667,01-06-2026 13:30,29.2
542,Kantanapally_Devadula,CWC,33,Tamil Nadu,568,Chennai,CHENNAI,-,-,-,-,-,-,-,-,,,14-01-2026 09:30,6
543,Kantanapally_Devadula,CWC,33,Tamil Nadu,568,Chennai,CHENNAI,-,-,-,-,-,-,-,-,,,15-01-2026 23:30,53
544,Kantanapally_Devadula,CWC,33,Tamil Nadu,568,Chennai,CHENNAI,-,-,-,-,-,-,-,-,,,18-02-2026 18:30,144
545,Kantanapally_Devadula,CWC,33,Tamil Nadu,568,Chennai,CHENNAI,-,-,-,-,-,-,-,-,,,24-02-2026 07:00,230
546,Kantanapally_Devadula,CWC,33,Tamil Nadu,568,Chennai,CHENNAI,-,-,-,-,-,-,-,-,,,27-02-2026 18:30,63
547,Kantanapally_Devadula,CWC,33,Tamil Nadu,568,Chennai,CHENNAI,-,-,-,-,-,-,-,-,,,28-02-2026 14:30,257
548,Kantanapally_Devadula,CWC,33,Tamil Nadu,568,Chennai,CHENNAI,-,-,-,-,-,-,-,-,,,17-03-2026 16:30,64.5
549,Kantanapally_Devadula,CWC,33,Tamil Nadu,568,Chennai,CHENNAI,-,-,-,-,-,-,-,-,,,17-03-2026 21:30,424
550,Kantanapally_Devadula,CWC,33,Tamil Nadu,568,Chennai,CHENNAI,-,-,-,-,-,-,-,-,,,31-03-2026 04:30,4.5
551,Kantanapally_Devadula,CWC,33,Tamil Nadu,568,Chennai,CHENNAI,-,-,-,-,-,-,-,-,,,24-04-2026 19:30,0.5
552,Kantanapally_Devadula,CWC,33,Tamil Nadu,568,Chennai,CHENNAI,-,-,-,-,-,-,-,-,,,13-05-2026 04:30,0.5
553,KODAGANAR DAM,CWC,33,Tamil Nadu,572,Dindigul,Vedasandur,-,-,Cauvery,Cauvery,Kodaganar,-,-,Kodaganar,10.59305556,77.97194444,01-01-2026 12:00,1.6
554,KODAGANAR DAM,CWC,33,Tamil Nadu,572,Dindigul,Vedasandur,-,-,Cauvery,Cauvery,Kodaganar,-,-,Kodaganar,10.59305556,77.97194444,08-01-2026 11:00,52.8
555,KODAGANAR DAM,CWC,33,Tamil Nadu,572,Dindigul,Vedasandur,-,-,Cauvery,Cauvery,Kodaganar,-,-,Kodaganar,10.59305556,77.97194444,10-01-2026 19:00,0.1
556,KODAGANAR DAM,CWC,33,Tamil Nadu,572,Dindigul,Vedasandur,-,-,Cauvery,Cauvery,Kodaganar,-,-,Kodaganar,10.59305556,77.97194444,11-01-2026 03:00,0.1
557,KODAGANAR DAM,CWC,33,Tamil Nadu,572,Dindigul,Vedasandur,-,-,Cauvery,Cauvery,Kodaganar,-,-,Kodaganar,10.59305556,77.97194444,11-01-2026 04:00,0.2
558,KODAGANAR DAM,CWC,33,Tamil Nadu,572,Dindigul,Vedasandur,-,-,Cauvery,Cauvery,Kodaganar,-,-,Kodaganar,10.59305556,77.97194444,11-01-2026 05:00,0.5
559,KODAGANAR DAM,CWC,33,Tamil Nadu,572,Dindigul,Vedasandur,-,-,Cauvery,Cauvery,Kodaganar,-,-,Kodaganar,10.59305556,77.97194444,11-01-2026 06:00,0.4
560,KODAGANAR DAM,CWC,33,Tamil Nadu,572,Dindigul,Vedasandur,-,-,Cauvery,Cauvery,Kodaganar,-,-,Kodaganar,10.59305556,77.97194444,11-01-2026 07:00,0.1
561,KODAGANAR DAM,CWC,33,Tamil Nadu,572,Dindigul,Vedasandur,-,-,Cauvery,Cauvery,Kodaganar,-,-,Kodaganar,10.59305556,77.97194444,11-01-2026 09:00,0.7
562,KODAGANAR DAM,CWC,33,Tamil Nadu,572,Dindigul,Vedasandur,-,-,Cauvery,Cauvery,Kodaganar,-,-,Kodaganar,10.59305556,77.97194444,11-01-2026 11:00,0.7
563,KODAGANAR DAM,CWC,33,Tamil Nadu,572,Dindigul,Vedasandur,-,-,Cauvery,Cauvery,Kodaganar,-,-,Kodaganar,10.59305556,77.97194444,11-01-2026 12:00,0.1
564,KODAGANAR DAM,CWC,33,Tamil Nadu,572,Dindigul,Vedasandur,-,-,Cauvery,Cauvery,Kodaganar,-,-,Kodaganar,10.59305556,77.97194444,11-01-2026 21:00,0.8
565,KODAGANAR DAM,CWC,33,Tamil Nadu,572,Dindigul,Vedasandur,-,-,Cauvery,Cauvery,Kodaganar,-,-,Kodaganar,10.59305556,77.97194444,12-01-2026 02:00,0.8
566,KODAGANAR DAM,CWC,33,Tamil Nadu,572,Dindigul,Vedasandur,-,-,Cauvery,Cauvery,Kodaganar,-,-,Kodaganar,10.59305556,77.97194444,12-01-2026 21:00,0.2
567,KODAGANAR DAM,CWC,33,Tamil Nadu,572,Dindigul,Vedasandur,-,-,Cauvery,Cauvery,Kodaganar,-,-,Kodaganar,10.59305556,77.97194444,12-01-2026 22:00,1.7
568,KODAGANAR DAM,CWC,33,Tamil Nadu,572,Dindigul,Vedasandur,-,-,Cauvery,Cauvery,Kodaganar,-,-,Kodaganar,10.59305556,77.97194444,12-01-2026 23:00,0.4
569,KODAGANAR DAM,CWC,33,Tamil Nadu,572,Dindigul,Vedasandur,-,-,Cauvery,Cauvery,Kodaganar,-,-,Kodaganar,10.59305556,77.97194444,13-01-2026 03:00,0.2
570,KODAGANAR DAM,CWC,33,Tamil Nadu,572,Dindigul,Vedasandur,-,-,Cauvery,Cauvery,Kodaganar,-,-,Kodaganar,10.59305556,77.97194444,13-01-2026 10:00,0.1
571,KODAGANAR DAM,CWC,33,Tamil Nadu,572,Dindigul,Vedasandur,-,-,Cauvery,Cauvery,Kodaganar,-,-,Kodaganar,10.59305556,77.97194444,16-01-2026 20:00,8
572,KODAGANAR DAM,CWC,33,Tamil Nadu,572,Dindigul,Vedasandur,-,-,Cauvery,Cauvery,Kodaganar,-,-,Kodaganar,10.59305556,77.97194444,30-01-2026 13:00,2.4
573,KODAGANAR DAM,CWC,33,Tamil Nadu,572,Dindigul,Vedasandur,-,-,Cauvery,Cauvery,Kodaganar,-,-,Kodaganar,10.59305556,77.97194444,30-01-2026 22:00,12.8
574,KODAGANAR DAM,CWC,33,Tamil Nadu,572,Dindigul,Vedasandur,-,-,Cauvery,Cauvery,Kodaganar,-,-,Kodaganar,10.59305556,77.97194444,31-01-2026 01:00,44.3
575,KODAGANAR DAM,CWC,33,Tamil Nadu,572,Dindigul,Vedasandur,-,-,Cauvery,Cauvery,Kodaganar,-,-,Kodaganar,10.59305556,77.97194444,01-02-2026 11:00,4
576,KODAGANAR DAM,CWC,33,Tamil Nadu,572,Dindigul,Vedasandur,-,-,Cauvery,Cauvery,Kodaganar,-,-,Kodaganar,10.59305556,77.97194444,04-02-2026 09:00,9.6
577,KODAGANAR DAM,CWC,33,Tamil Nadu,572,Dindigul,Vedasandur,-,-,Cauvery,Cauvery,Kodaganar,-,-,Kodaganar,10.59305556,77.97194444,08-02-2026 02:00,0.1
578,KODAGANAR DAM,CWC,33,Tamil Nadu,572,Dindigul,Vedasandur,-,-,Cauvery,Cauvery,Kodaganar,-,-,Kodaganar,10.59305556,77.97194444,11-02-2026 02:00,55.4
579,KODAGANAR DAM,CWC,33,Tamil Nadu,572,Dindigul,Vedasandur,-,-,Cauvery,Cauvery,Kodaganar,-,-,Kodaganar,10.59305556,77.97194444,13-02-2026 02:00,5.5
580,KODAGANAR DAM,CWC,33,Tamil Nadu,572,Dindigul,Vedasandur,-,-,Cauvery,Cauvery,Kodaganar,-,-,Kodaganar,10.59305556,77.97194444,15-02-2026 02:00,11.3
581,KODAGANAR DAM,CWC,33,Tamil Nadu,572,Dindigul,Vedasandur,-,-,Cauvery,Cauvery,Kodaganar,-,-,Kodaganar,10.59305556,77.97194444,16-02-2026 05:00,0.2
582,KODAGANAR DAM,CWC,33,Tamil Nadu,572,Dindigul,Vedasandur,-,-,Cauvery,Cauvery,Kodaganar,-,-,Kodaganar,10.59305556,77.97194444,16-02-2026 06:00,64
583,KODAGANAR DAM,CWC,33,Tamil Nadu,572,Dindigul,Vedasandur,-,-,Cauvery,Cauvery,Kodaganar,-,-,Kodaganar,10.59305556,77.97194444,21-02-2026 06:00,30
584,KODAGANAR DAM,CWC,33,Tamil Nadu,572,Dindigul,Vedasandur,-,-,Cauvery,Cauvery,Kodaganar,-,-,Kodaganar,10.59305556,77.97194444,23-02-2026 02:00,0.1
585,KODAGANAR DAM,CWC,33,Tamil Nadu,572,Dindigul,Vedasandur,-,-,Cauvery,Cauvery,Kodaganar,-,-,Kodaganar,10.59305556,77.97194444,27-02-2026 17:00,21.1
586,KODAGANAR DAM,CWC,33,Tamil Nadu,572,Dindigul,Vedasandur,-,-,Cauvery,Cauvery,Kodaganar,-,-,Kodaganar,10.59305556,77.97194444,28-02-2026 06:00,4.8
587,KODAGANAR DAM,CWC,33,Tamil Nadu,572,Dindigul,Vedasandur,-,-,Cauvery,Cauvery,Kodaganar,-,-,Kodaganar,10.59305556,77.97194444,26-03-2026 07:00,51.3
588,KODAGANAR DAM,CWC,33,Tamil Nadu,572,Dindigul,Vedasandur,-,-,Cauvery,Cauvery,Kodaganar,-,-,Kodaganar,10.59305556,77.97194444,04-04-2026 16:00,0.1
589,KODAGANAR DAM,CWC,33,Tamil Nadu,572,Dindigul,Vedasandur,-,-,Cauvery,Cauvery,Kodaganar,-,-,Kodaganar,10.59305556,77.97194444,04-04-2026 18:00,2.6
590,KODAGANAR DAM,CWC,33,Tamil Nadu,572,Dindigul,Vedasandur,-,-,Cauvery,Cauvery,Kodaganar,-,-,Kodaganar,10.59305556,77.97194444,04-04-2026 20:00,2.6
591,KODAGANAR DAM,CWC,33,Tamil Nadu,572,Dindigul,Vedasandur,-,-,Cauvery,Cauvery,Kodaganar,-,-,Kodaganar,10.59305556,77.97194444,04-04-2026 23:00,2.6
592,KODAGANAR DAM,CWC,33,Tamil Nadu,572,Dindigul,Vedasandur,-,-,Cauvery,Cauvery,Kodaganar,-,-,Kodaganar,10.59305556,77.97194444,05-04-2026 18:00,0.1
593,KODAGANAR DAM,CWC,33,Tamil Nadu,572,Dindigul,Vedasandur,-,-,Cauvery,Cauvery,Kodaganar,-,-,Kodaganar,10.59305556,77.97194444,05-04-2026 19:00,0.8
594,KODAGANAR DAM,CWC,33,Tamil Nadu,572,Dindigul,Vedasandur,-,-,Cauvery,Cauvery,Kodaganar,-,-,Kodaganar,10.59305556,77.97194444,05-04-2026 21:00,0.8
595,KODAGANAR DAM,CWC,33,Tamil Nadu,572,Dindigul,Vedasandur,-,-,Cauvery,Cauvery,Kodaganar,-,-,Kodaganar,10.59305556,77.97194444,06-04-2026 01:00,0.8
596,KODAGANAR DAM,CWC,33,Tamil Nadu,572,Dindigul,Vedasandur,-,-,Cauvery,Cauvery,Kodaganar,-,-,Kodaganar,10.59305556,77.97194444,06-04-2026 03:00,0.1
597,KODAGANAR DAM,CWC,33,Tamil Nadu,572,Dindigul,Vedasandur,-,-,Cauvery,Cauvery,Kodaganar,-,-,Kodaganar,10.59305556,77.97194444,06-04-2026 04:00,0.3
598,KODAGANAR DAM,CWC,33,Tamil Nadu,572,Dindigul,Vedasandur,-,-,Cauvery,Cauvery,Kodaganar,-,-,Kodaganar,10.59305556,77.97194444,06-04-2026 05:00,0.1
599,KODAGANAR DAM,CWC,33,Tamil Nadu,572,Dindigul,Vedasandur,-,-,Cauvery,Cauvery,Kodaganar,-,-,Kodaganar,10.59305556,77.97194444,06-04-2026 09:00,0.1
600,KODAGANAR DAM,CWC,33,Tamil Nadu,572,Dindigul,Vedasandur,-,-,Cauvery,Cauvery,Kodaganar,-,-,Kodaganar,10.59305556,77.97194444,06-04-2026 11:00,0.1
601,KODAGANAR DAM,CWC,33,Tamil Nadu,572,Dindigul,Vedasandur,-,-,Cauvery,Cauvery,Kodaganar,-,-,Kodaganar,10.59305556,77.97194444,06-04-2026 13:00,0.1
602,KODAGANAR DAM,CWC,33,Tamil Nadu,572,Dindigul,Vedasandur,-,-,Cauvery,Cauvery,Kodaganar,-,-,Kodaganar,10.59305556,77.97194444,06-04-2026 15:00,0.1
603,KODAGANAR DAM,CWC,33,Tamil Nadu,572,Dindigul,Vedasandur,-,-,Cauvery,Cauvery,Kodaganar,-,-,Kodaganar,10.59305556,77.97194444,06-04-2026 18:00,0.1
604,KODAGANAR DAM,CWC,33,Tamil Nadu,572,Dindigul,Vedasandur,-,-,Cauvery,Cauvery,Kodaganar,-,-,Kodaganar,10.59305556,77.97194444,06-04-2026 20:00,0.1
605,KODAGANAR DAM,CWC,33,Tamil Nadu,572,Dindigul,Vedasandur,-,-,Cauvery,Cauvery,Kodaganar,-,-,Kodaganar,10.59305556,77.97194444,06-04-2026 22:00,0.1
606,KODAGANAR DAM,CWC,33,Tamil Nadu,572,Dindigul,Vedasandur,-,-,Cauvery,Cauvery,Kodaganar,-,-,Kodaganar,10.59305556,77.97194444,07-04-2026 01:00,0.1
607,KODAGANAR DAM,CWC,33,Tamil Nadu,572,Dindigul,Vedasandur,-,-,Cauvery,Cauvery,Kodaganar,-,-,Kodaganar,10.59305556,77.97194444,10-04-2026 09:00,38.4
608,KODAGANAR DAM,CWC,33,Tamil Nadu,572,Dindigul,Vedasandur,-,-,Cauvery,Cauvery,Kodaganar,-,-,Kodaganar,10.59305556,77.97194444,10-04-2026 10:00,5
609,KODAGANAR DAM,CWC,33,Tamil Nadu,572,Dindigul,Vedasandur,-,-,Cauvery,Cauvery,Kodaganar,-,-,Kodaganar,10.59305556,77.97194444,10-04-2026 13:00,6
610,KODAGANAR DAM,CWC,33,Tamil Nadu,572,Dindigul,Vedasandur,-,-,Cauvery,Cauvery,Kodaganar,-,-,Kodaganar,10.59305556,77.97194444,10-04-2026 14:00,7.4
611,KODAGANAR DAM,CWC,33,Tamil Nadu,572,Dindigul,Vedasandur,-,-,Cauvery,Cauvery,Kodaganar,-,-,Kodaganar,10.59305556,77.97194444,17-04-2026 13:00,51.2
612,KODAGANAR DAM,CWC,33,Tamil Nadu,572,Dindigul,Vedasandur,-,-,Cauvery,Cauvery,Kodaganar,-,-,Kodaganar,10.59305556,77.97194444,18-04-2026 03:00,92
613,KODAGANAR DAM,CWC,33,Tamil Nadu,572,Dindigul,Vedasandur,-,-,Cauvery,Cauvery,Kodaganar,-,-,Kodaganar,10.59305556,77.97194444,27-04-2026 12:00,23.3
614,KODAGANAR DAM,CWC,33,Tamil Nadu,572,Dindigul,Vedasandur,-,-,Cauvery,Cauvery,Kodaganar,-,-,Kodaganar,10.59305556,77.97194444,27-04-2026 13:00,8.2
615,KODAGANAR DAM,CWC,33,Tamil Nadu,572,Dindigul,Vedasandur,-,-,Cauvery,Cauvery,Kodaganar,-,-,Kodaganar,10.59305556,77.97194444,02-05-2026 11:00,64
616,KODAGANAR DAM,CWC,33,Tamil Nadu,572,Dindigul,Vedasandur,-,-,Cauvery,Cauvery,Kodaganar,-,-,Kodaganar,10.59305556,77.97194444,02-05-2026 12:00,8
617,KODAGANAR DAM,CWC,33,Tamil Nadu,572,Dindigul,Vedasandur,-,-,Cauvery,Cauvery,Kodaganar,-,-,Kodaganar,10.59305556,77.97194444,02-05-2026 18:00,0.9
618,KODAGANAR DAM,CWC,33,Tamil Nadu,572,Dindigul,Vedasandur,-,-,Cauvery,Cauvery,Kodaganar,-,-,Kodaganar,10.59305556,77.97194444,02-05-2026 20:00,0.5
619,KODAGANAR DAM,CWC,33,Tamil Nadu,572,Dindigul,Vedasandur,-,-,Cauvery,Cauvery,Kodaganar,-,-,Kodaganar,10.59305556,77.97194444,03-05-2026 01:00,0.5
620,KODAGANAR DAM,CWC,33,Tamil Nadu,572,Dindigul,Vedasandur,-,-,Cauvery,Cauvery,Kodaganar,-,-,Kodaganar,10.59305556,77.97194444,03-05-2026 02:00,0.5
621,KODAGANAR DAM,CWC,33,Tamil Nadu,572,Dindigul,Vedasandur,-,-,Cauvery,Cauvery,Kodaganar,-,-,Kodaganar,10.59305556,77.97194444,10-05-2026 14:00,88.4
622,KODAGANAR DAM,CWC,33,Tamil Nadu,572,Dindigul,Vedasandur,-,-,Cauvery,Cauvery,Kodaganar,-,-,Kodaganar,10.59305556,77.97194444,14-05-2026 19:00,0.1
623,KODAGANAR DAM,CWC,33,Tamil Nadu,572,Dindigul,Vedasandur,-,-,Cauvery,Cauvery,Kodaganar,-,-,Kodaganar,10.59305556,77.97194444,15-05-2026 11:00,3.6
624,KODAGANAR DAM,CWC,33,Tamil Nadu,572,Dindigul,Vedasandur,-,-,Cauvery,Cauvery,Kodaganar,-,-,Kodaganar,10.59305556,77.97194444,16-05-2026 17:00,0.5
625,KODAGANAR DAM,CWC,33,Tamil Nadu,572,Dindigul,Vedasandur,-,-,Cauvery,Cauvery,Kodaganar,-,-,Kodaganar,10.59305556,77.97194444,16-05-2026 18:00,0.5
626,KODAGANAR DAM,CWC,33,Tamil Nadu,572,Dindigul,Vedasandur,-,-,Cauvery,Cauvery,Kodaganar,-,-,Kodaganar,10.59305556,77.97194444,16-05-2026 19:00,0.5
627,KODAGANAR DAM,CWC,33,Tamil Nadu,572,Dindigul,Vedasandur,-,-,Cauvery,Cauvery,Kodaganar,-,-,Kodaganar,10.59305556,77.97194444,16-05-2026 20:00,0.5
628,KODAGANAR DAM,CWC,33,Tamil Nadu,572,Dindigul,Vedasandur,-,-,Cauvery,Cauvery,Kodaganar,-,-,Kodaganar,10.59305556,77.97194444,16-05-2026 21:00,0.5
629,KODAGANAR DAM,CWC,33,Tamil Nadu,572,Dindigul,Vedasandur,-,-,Cauvery,Cauvery,Kodaganar,-,-,Kodaganar,10.59305556,77.97194444,16-05-2026 22:00,0.5
630,KODAGANAR DAM,CWC,33,Tamil Nadu,572,Dindigul,Vedasandur,-,-,Cauvery,Cauvery,Kodaganar,-,-,Kodaganar,10.59305556,77.97194444,16-05-2026 23:00,0.5
631,KODAGANAR DAM,CWC,33,Tamil Nadu,572,Dindigul,Vedasandur,-,-,Cauvery,Cauvery,Kodaganar,-,-,Kodaganar,10.59305556,77.97194444,17-05-2026 00:00,0.5
632,KODAGANAR DAM,CWC,33,Tamil Nadu,572,Dindigul,Vedasandur,-,-,Cauvery,Cauvery,Kodaganar,-,-,Kodaganar,10.59305556,77.97194444,17-05-2026 01:00,0.5
633,KODAGANAR DAM,CWC,33,Tamil Nadu,572,Dindigul,Vedasandur,-,-,Cauvery,Cauvery,Kodaganar,-,-,Kodaganar,10.59305556,77.97194444,17-05-2026 02:00,0.5
634,KODAGANAR DAM,CWC,33,Tamil Nadu,572,Dindigul,Vedasandur,-,-,Cauvery,Cauvery,Kodaganar,-,-,Kodaganar,10.59305556,77.97194444,17-05-2026 18:00,0.3
635,KODAGANAR DAM,CWC,33,Tamil Nadu,572,Dindigul,Vedasandur,-,-,Cauvery,Cauvery,Kodaganar,-,-,Kodaganar,10.59305556,77.97194444,17-05-2026 19:00,0.3
636,KODAGANAR DAM,CWC,33,Tamil Nadu,572,Dindigul,Vedasandur,-,-,Cauvery,Cauvery,Kodaganar,-,-,Kodaganar,10.59305556,77.97194444,17-05-2026 20:00,0.3
637,KODAGANAR DAM,CWC,33,Tamil Nadu,572,Dindigul,Vedasandur,-,-,Cauvery,Cauvery,Kodaganar,-,-,Kodaganar,10.59305556,77.97194444,17-05-2026 21:00,0.3
638,KODAGANAR DAM,CWC,33,Tamil Nadu,572,Dindigul,Vedasandur,-,-,Cauvery,Cauvery,Kodaganar,-,-,Kodaganar,10.59305556,77.97194444,17-05-2026 22:00,0.3
639,KODAGANAR DAM,CWC,33,Tamil Nadu,572,Dindigul,Vedasandur,-,-,Cauvery,Cauvery,Kodaganar,-,-,Kodaganar,10.59305556,77.97194444,17-05-2026 23:00,0.3
640,KODAGANAR DAM,CWC,33,Tamil Nadu,572,Dindigul,Vedasandur,-,-,Cauvery,Cauvery,Kodaganar,-,-,Kodaganar,10.59305556,77.97194444,18-05-2026 00:00,0.3
641,KODAGANAR DAM,CWC,33,Tamil Nadu,572,Dindigul,Vedasandur,-,-,Cauvery,Cauvery,Kodaganar,-,-,Kodaganar,10.59305556,77.97194444,18-05-2026 01:00,0.3
642,KODAGANAR DAM,CWC,33,Tamil Nadu,572,Dindigul,Vedasandur,-,-,Cauvery,Cauvery,Kodaganar,-,-,Kodaganar,10.59305556,77.97194444,18-05-2026 02:00,0.3
643,KODAGANAR DAM,CWC,33,Tamil Nadu,572,Dindigul,Vedasandur,-,-,Cauvery,Cauvery,Kodaganar,-,-,Kodaganar,10.59305556,77.97194444,25-05-2026 12:00,57.6
644,KODAGANAR DAM,CWC,33,Tamil Nadu,572,Dindigul,Vedasandur,-,-,Cauvery,Cauvery,Kodaganar,-,-,Kodaganar,10.59305556,77.97194444,26-05-2026 05:00,51.4
645,KODAGANAR DAM,CWC,33,Tamil Nadu,572,Dindigul,Vedasandur,-,-,Cauvery,Cauvery,Kodaganar,-,-,Kodaganar,10.59305556,77.97194444,26-05-2026 12:00,38.4
646,KODAGANAR DAM,CWC,33,Tamil Nadu,572,Dindigul,Vedasandur,-,-,Cauvery,Cauvery,Kodaganar,-,-,Kodaganar,10.59305556,77.97194444,27-05-2026 16:00,5.7
647,KODAGANAR DAM,CWC,33,Tamil Nadu,572,Dindigul,Vedasandur,-,-,Cauvery,Cauvery,Kodaganar,-,-,Kodaganar,10.59305556,77.97194444,28-05-2026 14:00,25.6
648,KODAGANAR DAM,CWC,33,Tamil Nadu,572,Dindigul,Vedasandur,-,-,Cauvery,Cauvery,Kodaganar,-,-,Kodaganar,10.59305556,77.97194444,28-05-2026 17:00,2.3
649,KODAGANAR DAM,CWC,33,Tamil Nadu,572,Dindigul,Vedasandur,-,-,Cauvery,Cauvery,Kodaganar,-,-,Kodaganar,10.59305556,77.97194444,28-05-2026 18:00,0.2
650,KODAGANAR DAM,CWC,33,Tamil Nadu,572,Dindigul,Vedasandur,-,-,Cauvery,Cauvery,Kodaganar,-,-,Kodaganar,10.59305556,77.97194444,28-05-2026 19:00,1.2
651,KODAGANAR DAM,CWC,33,Tamil Nadu,572,Dindigul,Vedasandur,-,-,Cauvery,Cauvery,Kodaganar,-,-,Kodaganar,10.59305556,77.97194444,28-05-2026 21:00,1.2
652,KODAGANAR DAM,CWC,33,Tamil Nadu,572,Dindigul,Vedasandur,-,-,Cauvery,Cauvery,Kodaganar,-,-,Kodaganar,10.59305556,77.97194444,29-05-2026 01:00,1.2
653,KODAGANAR DAM,CWC,33,Tamil Nadu,572,Dindigul,Vedasandur,-,-,Cauvery,Cauvery,Kodaganar,-,-,Kodaganar,10.59305556,77.97194444,29-05-2026 18:00,0.3
654,KODAGANAR DAM,CWC,33,Tamil Nadu,572,Dindigul,Vedasandur,-,-,Cauvery,Cauvery,Kodaganar,-,-,Kodaganar,10.59305556,77.97194444,29-05-2026 22:00,0.3
655,KODAGANAR DAM,CWC,33,Tamil Nadu,572,Dindigul,Vedasandur,-,-,Cauvery,Cauvery,Kodaganar,-,-,Kodaganar,10.59305556,77.97194444,31-05-2026 17:00,1.7
656,KODAGANAR DAM,CWC,33,Tamil Nadu,572,Dindigul,Vedasandur,-,-,Cauvery,Cauvery,Kodaganar,-,-,Kodaganar,10.59305556,77.97194444,31-05-2026 18:00,1.9
657,KODAGANAR DAM,CWC,33,Tamil Nadu,572,Dindigul,Vedasandur,-,-,Cauvery,Cauvery,Kodaganar,-,-,Kodaganar,10.59305556,77.97194444,31-05-2026 19:00,1.9
658,KODAGANAR DAM,CWC,33,Tamil Nadu,572,Dindigul,Vedasandur,-,-,Cauvery,Cauvery,Kodaganar,-,-,Kodaganar,10.59305556,77.97194444,31-05-2026 20:00,2
659,KODAGANAR DAM,CWC,33,Tamil Nadu,572,Dindigul,Vedasandur,-,-,Cauvery,Cauvery,Kodaganar,-,-,Kodaganar,10.59305556,77.97194444,31-05-2026 21:00,0.2
660,KODAGANAR DAM,CWC,33,Tamil Nadu,572,Dindigul,Vedasandur,-,-,Cauvery,Cauvery,Kodaganar,-,-,Kodaganar,10.59305556,77.97194444,31-05-2026 23:00,2
661,KODAGANAR DAM,CWC,33,Tamil Nadu,572,Dindigul,Vedasandur,-,-,Cauvery,Cauvery,Kodaganar,-,-,Kodaganar,10.59305556,77.97194444,01-06-2026 00:00,2
662,KODAGANAR DAM,CWC,33,Tamil Nadu,572,Dindigul,Vedasandur,-,-,Cauvery,Cauvery,Kodaganar,-,-,Kodaganar,10.59305556,77.97194444,01-06-2026 01:00,2
663,KODAGANAR DAM,CWC,33,Tamil Nadu,572,Dindigul,Vedasandur,-,-,Cauvery,Cauvery,Kodaganar,-,-,Kodaganar,10.59305556,77.97194444,01-06-2026 02:00,2
664,KODAGANAR DAM,CWC,33,Tamil Nadu,572,Dindigul,Vedasandur,-,-,Cauvery,Cauvery,Kodaganar,-,-,Kodaganar,10.59305556,77.97194444,02-06-2026 16:00,1.1
665,KODAGANAR DAM,CWC,33,Tamil Nadu,572,Dindigul,Vedasandur,-,-,Cauvery,Cauvery,Kodaganar,-,-,Kodaganar,10.59305556,77.97194444,02-06-2026 17:00,2.3
666,KODAGANAR DAM,CWC,33,Tamil Nadu,572,Dindigul,Vedasandur,-,-,Cauvery,Cauvery,Kodaganar,-,-,Kodaganar,10.59305556,77.97194444,02-06-2026 19:00,1.1
667,KODAGANAR DAM,CWC,33,Tamil Nadu,572,Dindigul,Vedasandur,-,-,Cauvery,Cauvery,Kodaganar,-,-,Kodaganar,10.59305556,77.97194444,02-06-2026 20:00,1.1
668,KODAGANAR DAM,CWC,33,Tamil Nadu,572,Dindigul,Vedasandur,-,-,Cauvery,Cauvery,Kodaganar,-,-,Kodaganar,10.59305556,77.97194444,03-06-2026 00:00,1.1
669,KODAGANAR DAM,CWC,33,Tamil Nadu,572,Dindigul,Vedasandur,-,-,Cauvery,Cauvery,Kodaganar,-,-,Kodaganar,10.59305556,77.97194444,03-06-2026 02:00,1.1
670,KODAGANAR DAM,CWC,33,Tamil Nadu,572,Dindigul,Vedasandur,-,-,Cauvery,Cauvery,Kodaganar,-,-,Kodaganar,10.59305556,77.97194444,03-06-2026 21:00,64
671,Lakhisarai,CWC,33,Tamil Nadu,568,Chennai,CHENNAI,-,-,-,Ganga,-,-,-,-,25.17583333,86.10111111,30-01-2026 06:00,96
672,Lakhisarai,CWC,33,Tamil Nadu,568,Chennai,CHENNAI,-,-,-,Ganga,-,-,-,-,25.17583333,86.10111111,06-02-2026 08:00,98
673,Lakhisarai,CWC,33,Tamil Nadu,568,Chennai,CHENNAI,-,-,-,Ganga,-,-,-,-,25.17583333,86.10111111,06-02-2026 09:00,610
674,Lakhisarai,CWC,33,Tamil Nadu,568,Chennai,CHENNAI,-,-,-,Ganga,-,-,-,-,25.17583333,86.10111111,06-02-2026 17:00,384
675,Lakhisarai,CWC,33,Tamil Nadu,568,Chennai,CHENNAI,-,-,-,Ganga,-,-,-,-,25.17583333,86.10111111,13-02-2026 09:00,104
676,Lakhisarai,CWC,33,Tamil Nadu,568,Chennai,CHENNAI,-,-,-,Ganga,-,-,-,-,25.17583333,86.10111111,16-02-2026 03:00,96
677,Lakhisarai,CWC,33,Tamil Nadu,568,Chennai,CHENNAI,-,-,-,Ganga,-,-,-,-,25.17583333,86.10111111,19-02-2026 04:00,40
678,Lakhisarai,CWC,33,Tamil Nadu,568,Chennai,CHENNAI,-,-,-,Ganga,-,-,-,-,25.17583333,86.10111111,25-02-2026 15:00,64
679,Lakhisarai,CWC,33,Tamil Nadu,568,Chennai,CHENNAI,-,-,-,Ganga,-,-,-,-,25.17583333,86.10111111,25-02-2026 16:00,768
680,Lakhisarai,CWC,33,Tamil Nadu,568,Chennai,CHENNAI,-,-,-,Ganga,-,-,-,-,25.17583333,86.10111111,28-02-2026 08:00,768
681,Lakhisarai,CWC,33,Tamil Nadu,568,Chennai,CHENNAI,-,-,-,Ganga,-,-,-,-,25.17583333,86.10111111,01-03-2026 10:00,96
682,Lakhisarai,CWC,33,Tamil Nadu,568,Chennai,CHENNAI,-,-,-,Ganga,-,-,-,-,25.17583333,86.10111111,26-03-2026 06:00,67
683,Lakhisarai,CWC,33,Tamil Nadu,568,Chennai,CHENNAI,-,-,-,Ganga,-,-,-,-,25.17583333,86.10111111,31-03-2026 15:00,76
684,Mahabaleshwar,CWC,33,Tamil Nadu,568,Chennai,CHENNAI,-,-,-,-,-,-,-,-,,,07-01-2026 10:30,0.5
685,Mahabaleshwar,CWC,33,Tamil Nadu,568,Chennai,CHENNAI,-,-,-,-,-,-,-,-,,,12-01-2026 10:30,212
686,Mahabaleshwar,CWC,33,Tamil Nadu,568,Chennai,CHENNAI,-,-,-,-,-,-,-,-,,,07-02-2026 23:30,18
687,Mahabaleshwar,CWC,33,Tamil Nadu,568,Chennai,CHENNAI,-,-,-,-,-,-,-,-,,,11-02-2026 00:30,34
688,Mahabaleshwar,CWC,33,Tamil Nadu,568,Chennai,CHENNAI,-,-,-,-,-,-,-,-,,,20-02-2026 08:30,113
689,Mahabaleshwar,CWC,33,Tamil Nadu,568,Chennai,CHENNAI,-,-,-,-,-,-,-,-,,,27-02-2026 04:30,20
690,Mahabaleshwar,CWC,33,Tamil Nadu,568,Chennai,CHENNAI,-,-,-,-,-,-,-,-,,,03-03-2026 01:30,160
691,Mahabaleshwar,CWC,33,Tamil Nadu,568,Chennai,CHENNAI,-,-,-,-,-,-,-,-,,,02-04-2026 14:30,1.5
692,Mahabaleshwar,CWC,33,Tamil Nadu,568,Chennai,CHENNAI,-,-,-,-,-,-,-,-,,,10-04-2026 10:30,3
693,Mahabaleshwar,CWC,33,Tamil Nadu,568,Chennai,CHENNAI,-,-,-,-,-,-,-,-,,,02-06-2026 16:30,8.5
694,Mahabaleshwar,CWC,33,Tamil Nadu,568,Chennai,CHENNAI,-,-,-,-,-,-,-,-,,,02-06-2026 17:30,26
695,Mettur Reservoir,CWC,33,Tamil Nadu,584,Salem,METTUR,-,-,Cauvery,Cauvery,-,-,-,Cauvery,11.80000000,77.80000000,02-01-2026 15:00,8.1
696,Mettur Reservoir,CWC,33,Tamil Nadu,584,Salem,METTUR,-,-,Cauvery,Cauvery,-,-,-,Cauvery,11.80000000,77.80000000,10-01-2026 20:00,0.2
697,Mettur Reservoir,CWC,33,Tamil Nadu,584,Salem,METTUR,-,-,Cauvery,Cauvery,-,-,-,Cauvery,11.80000000,77.80000000,11-01-2026 02:00,0.2
698,Mettur Reservoir,CWC,33,Tamil Nadu,584,Salem,METTUR,-,-,Cauvery,Cauvery,-,-,-,Cauvery,11.80000000,77.80000000,12-01-2026 14:00,6.8
699,Mettur Reservoir,CWC,33,Tamil Nadu,584,Salem,METTUR,-,-,Cauvery,Cauvery,-,-,-,Cauvery,11.80000000,77.80000000,12-01-2026 16:00,3.5
700,Mettur Reservoir,CWC,33,Tamil Nadu,584,Salem,METTUR,-,-,Cauvery,Cauvery,-,-,-,Cauvery,11.80000000,77.80000000,31-01-2026 00:00,7.2
701,Mettur Reservoir,CWC,33,Tamil Nadu,584,Salem,METTUR,-,-,Cauvery,Cauvery,-,-,-,Cauvery,11.80000000,77.80000000,31-01-2026 22:00,0.2
702,Mettur Reservoir,CWC,33,Tamil Nadu,584,Salem,METTUR,-,-,Cauvery,Cauvery,-,-,-,Cauvery,11.80000000,77.80000000,01-02-2026 15:00,57.9
703,Mettur Reservoir,CWC,33,Tamil Nadu,584,Salem,METTUR,-,-,Cauvery,Cauvery,-,-,-,Cauvery,11.80000000,77.80000000,04-02-2026 01:00,8
704,Mettur Reservoir,CWC,33,Tamil Nadu,584,Salem,METTUR,-,-,Cauvery,Cauvery,-,-,-,Cauvery,11.80000000,77.80000000,07-02-2026 02:00,58.2
705,Mettur Reservoir,CWC,33,Tamil Nadu,584,Salem,METTUR,-,-,Cauvery,Cauvery,-,-,-,Cauvery,11.80000000,77.80000000,25-02-2026 03:00,0.4
706,Mettur Reservoir,CWC,33,Tamil Nadu,584,Salem,METTUR,-,-,Cauvery,Cauvery,-,-,-,Cauvery,11.80000000,77.80000000,28-03-2026 01:00,9.7
707,Mettur Reservoir,CWC,33,Tamil Nadu,584,Salem,METTUR,-,-,Cauvery,Cauvery,-,-,-,Cauvery,11.80000000,77.80000000,01-04-2026 11:00,25.6
708,Mettur Reservoir,CWC,33,Tamil Nadu,584,Salem,METTUR,-,-,Cauvery,Cauvery,-,-,-,Cauvery,11.80000000,77.80000000,04-04-2026 17:00,89.6
709,Mettur Reservoir,CWC,33,Tamil Nadu,584,Salem,METTUR,-,-,Cauvery,Cauvery,-,-,-,Cauvery,11.80000000,77.80000000,05-04-2026 12:00,64
710,Mettur Reservoir,CWC,33,Tamil Nadu,584,Salem,METTUR,-,-,Cauvery,Cauvery,-,-,-,Cauvery,11.80000000,77.80000000,08-04-2026 07:00,1.6
711,Mettur Reservoir,CWC,33,Tamil Nadu,584,Salem,METTUR,-,-,Cauvery,Cauvery,-,-,-,Cauvery,11.80000000,77.80000000,08-04-2026 09:00,31.3
712,Mettur Reservoir,CWC,33,Tamil Nadu,584,Salem,METTUR,-,-,Cauvery,Cauvery,-,-,-,Cauvery,11.80000000,77.80000000,10-04-2026 02:00,1.5
713,Mettur Reservoir,CWC,33,Tamil Nadu,584,Salem,METTUR,-,-,Cauvery,Cauvery,-,-,-,Cauvery,11.80000000,77.80000000,10-04-2026 03:00,0.8
714,Mettur Reservoir,CWC,33,Tamil Nadu,584,Salem,METTUR,-,-,Cauvery,Cauvery,-,-,-,Cauvery,11.80000000,77.80000000,12-04-2026 19:00,64
715,Mettur Reservoir,CWC,33,Tamil Nadu,584,Salem,METTUR,-,-,Cauvery,Cauvery,-,-,-,Cauvery,11.80000000,77.80000000,14-04-2026 11:00,19.2
716,Mettur Reservoir,CWC,33,Tamil Nadu,584,Salem,METTUR,-,-,Cauvery,Cauvery,-,-,-,Cauvery,11.80000000,77.80000000,14-04-2026 17:00,58.1
717,Mettur Reservoir,CWC,33,Tamil Nadu,584,Salem,METTUR,-,-,Cauvery,Cauvery,-,-,-,Cauvery,11.80000000,77.80000000,16-04-2026 15:00,0.3
718,Mettur Reservoir,CWC,33,Tamil Nadu,584,Salem,METTUR,-,-,Cauvery,Cauvery,-,-,-,Cauvery,11.80000000,77.80000000,20-04-2026 11:00,11.5
719,Mettur Reservoir,CWC,33,Tamil Nadu,584,Salem,METTUR,-,-,Cauvery,Cauvery,-,-,-,Cauvery,11.80000000,77.80000000,20-04-2026 15:00,13.6
720,Mettur Reservoir,CWC,33,Tamil Nadu,584,Salem,METTUR,-,-,Cauvery,Cauvery,-,-,-,Cauvery,11.80000000,77.80000000,21-04-2026 17:00,38.4
721,Mettur Reservoir,CWC,33,Tamil Nadu,584,Salem,METTUR,-,-,Cauvery,Cauvery,-,-,-,Cauvery,11.80000000,77.80000000,23-04-2026 13:00,38.4
722,Mettur Reservoir,CWC,33,Tamil Nadu,584,Salem,METTUR,-,-,Cauvery,Cauvery,-,-,-,Cauvery,11.80000000,77.80000000,24-04-2026 03:00,51.2
723,Mettur Reservoir,CWC,33,Tamil Nadu,584,Salem,METTUR,-,-,Cauvery,Cauvery,-,-,-,Cauvery,11.80000000,77.80000000,30-04-2026 04:00,46.8
724,Mettur Reservoir,CWC,33,Tamil Nadu,584,Salem,METTUR,-,-,Cauvery,Cauvery,-,-,-,Cauvery,11.80000000,77.80000000,11-05-2026 11:00,8.1
725,Mettur Reservoir,CWC,33,Tamil Nadu,584,Salem,METTUR,-,-,Cauvery,Cauvery,-,-,-,Cauvery,11.80000000,77.80000000,11-05-2026 12:00,54
726,Mettur Reservoir,CWC,33,Tamil Nadu,584,Salem,METTUR,-,-,Cauvery,Cauvery,-,-,-,Cauvery,11.80000000,77.80000000,15-05-2026 07:00,2.4
727,Mettur Reservoir,CWC,33,Tamil Nadu,584,Salem,METTUR,-,-,Cauvery,Cauvery,-,-,-,Cauvery,11.80000000,77.80000000,15-05-2026 09:00,51.3
728,Mettur Reservoir,CWC,33,Tamil Nadu,584,Salem,METTUR,-,-,Cauvery,Cauvery,-,-,-,Cauvery,11.80000000,77.80000000,15-05-2026 12:00,38.4
729,Mettur Reservoir,CWC,33,Tamil Nadu,584,Salem,METTUR,-,-,Cauvery,Cauvery,-,-,-,Cauvery,11.80000000,77.80000000,17-05-2026 20:00,0.5
730,Mettur Reservoir,CWC,33,Tamil Nadu,584,Salem,METTUR,-,-,Cauvery,Cauvery,-,-,-,Cauvery,11.80000000,77.80000000,17-05-2026 21:00,0.7
731,Mettur Reservoir,CWC,33,Tamil Nadu,584,Salem,METTUR,-,-,Cauvery,Cauvery,-,-,-,Cauvery,11.80000000,77.80000000,17-05-2026 22:00,0.7
732,Mettur Reservoir,CWC,33,Tamil Nadu,584,Salem,METTUR,-,-,Cauvery,Cauvery,-,-,-,Cauvery,11.80000000,77.80000000,17-05-2026 23:00,0.7
733,Mettur Reservoir,CWC,33,Tamil Nadu,584,Salem,METTUR,-,-,Cauvery,Cauvery,-,-,-,Cauvery,11.80000000,77.80000000,18-05-2026 00:00,0.7
734,Mettur Reservoir,CWC,33,Tamil Nadu,584,Salem,METTUR,-,-,Cauvery,Cauvery,-,-,-,Cauvery,11.80000000,77.80000000,18-05-2026 01:00,0.7
735,Mettur Reservoir,CWC,33,Tamil Nadu,584,Salem,METTUR,-,-,Cauvery,Cauvery,-,-,-,Cauvery,11.80000000,77.80000000,18-05-2026 02:00,0.7
736,Mettur Reservoir,CWC,33,Tamil Nadu,584,Salem,METTUR,-,-,Cauvery,Cauvery,-,-,-,Cauvery,11.80000000,77.80000000,24-05-2026 20:00,3.8
737,Mettur Reservoir,CWC,33,Tamil Nadu,584,Salem,METTUR,-,-,Cauvery,Cauvery,-,-,-,Cauvery,11.80000000,77.80000000,24-05-2026 21:00,4
738,Mettur Reservoir,CWC,33,Tamil Nadu,584,Salem,METTUR,-,-,Cauvery,Cauvery,-,-,-,Cauvery,11.80000000,77.80000000,24-05-2026 22:00,4.3
739,Mettur Reservoir,CWC,33,Tamil Nadu,584,Salem,METTUR,-,-,Cauvery,Cauvery,-,-,-,Cauvery,11.80000000,77.80000000,24-05-2026 23:00,4.5
740,Mettur Reservoir,CWC,33,Tamil Nadu,584,Salem,METTUR,-,-,Cauvery,Cauvery,-,-,-,Cauvery,11.80000000,77.80000000,26-05-2026 23:00,0.6
741,Mettur Reservoir,CWC,33,Tamil Nadu,584,Salem,METTUR,-,-,Cauvery,Cauvery,-,-,-,Cauvery,11.80000000,77.80000000,27-05-2026 00:00,1.1
742,Mettur Reservoir,CWC,33,Tamil Nadu,584,Salem,METTUR,-,-,Cauvery,Cauvery,-,-,-,Cauvery,11.80000000,77.80000000,27-05-2026 01:00,0.3
743,Mettur Reservoir,CWC,33,Tamil Nadu,584,Salem,METTUR,-,-,Cauvery,Cauvery,-,-,-,Cauvery,11.80000000,77.80000000,27-05-2026 02:00,0.8
744,Mettur Reservoir,CWC,33,Tamil Nadu,584,Salem,METTUR,-,-,Cauvery,Cauvery,-,-,-,Cauvery,11.80000000,77.80000000,29-05-2026 09:00,52
745,Mettur Reservoir,CWC,33,Tamil Nadu,584,Salem,METTUR,-,-,Cauvery,Cauvery,-,-,-,Cauvery,11.80000000,77.80000000,29-05-2026 20:00,1.6
746,Mettur Reservoir,CWC,33,Tamil Nadu,584,Salem,METTUR,-,-,Cauvery,Cauvery,-,-,-,Cauvery,11.80000000,77.80000000,29-05-2026 21:30,1.7
747,Mettur Reservoir,CWC,33,Tamil Nadu,584,Salem,METTUR,-,-,Cauvery,Cauvery,-,-,-,Cauvery,11.80000000,77.80000000,29-05-2026 22:00,1.7
748,Mettur Reservoir,CWC,33,Tamil Nadu,584,Salem,METTUR,-,-,Cauvery,Cauvery,-,-,-,Cauvery,11.80000000,77.80000000,29-05-2026 22:30,0.1
749,Mettur Reservoir,CWC,33,Tamil Nadu,584,Salem,METTUR,-,-,Cauvery,Cauvery,-,-,-,Cauvery,11.80000000,77.80000000,30-05-2026 18:00,32
750,Mettur Reservoir,CWC,33,Tamil Nadu,584,Salem,METTUR,-,-,Cauvery,Cauvery,-,-,-,Cauvery,11.80000000,77.80000000,31-05-2026 23:00,0.6
751,Mettur Reservoir,CWC,33,Tamil Nadu,584,Salem,METTUR,-,-,Cauvery,Cauvery,-,-,-,Cauvery,11.80000000,77.80000000,01-06-2026 00:00,2
752,Mettur Reservoir,CWC,33,Tamil Nadu,584,Salem,METTUR,-,-,Cauvery,Cauvery,-,-,-,Cauvery,11.80000000,77.80000000,01-06-2026 01:00,2.3
753,Mettur Reservoir,CWC,33,Tamil Nadu,584,Salem,METTUR,-,-,Cauvery,Cauvery,-,-,-,Cauvery,11.80000000,77.80000000,01-06-2026 02:00,2.5
754,Mettur Reservoir,CWC,33,Tamil Nadu,584,Salem,METTUR,-,-,Cauvery,Cauvery,-,-,-,Cauvery,11.80000000,77.80000000,03-06-2026 15:00,0.1
755,MUSIRI,CWC,33,Tamil Nadu,591,Tiruchirappalli,MUSIRI,-,-,Cauvery,Cauvery,-,-,-,Cauvery,10.93805556,78.44027778,02-01-2026 10:00,9.6
756,MUSIRI,CWC,33,Tamil Nadu,591,Tiruchirappalli,MUSIRI,-,-,Cauvery,Cauvery,-,-,-,Cauvery,10.93805556,78.44027778,02-01-2026 11:00,86.5
757,MUSIRI,CWC,33,Tamil Nadu,591,Tiruchirappalli,MUSIRI,-,-,Cauvery,Cauvery,-,-,-,Cauvery,10.93805556,78.44027778,03-01-2026 12:00,25.6
758,MUSIRI,CWC,33,Tamil Nadu,591,Tiruchirappalli,MUSIRI,-,-,Cauvery,Cauvery,-,-,-,Cauvery,10.93805556,78.44027778,05-01-2026 09:00,1
759,MUSIRI,CWC,33,Tamil Nadu,591,Tiruchirappalli,MUSIRI,-,-,Cauvery,Cauvery,-,-,-,Cauvery,10.93805556,78.44027778,05-01-2026 12:00,0.1
760,MUSIRI,CWC,33,Tamil Nadu,591,Tiruchirappalli,MUSIRI,-,-,Cauvery,Cauvery,-,-,-,Cauvery,10.93805556,78.44027778,06-01-2026 11:00,0.5
761,MUSIRI,CWC,33,Tamil Nadu,591,Tiruchirappalli,MUSIRI,-,-,Cauvery,Cauvery,-,-,-,Cauvery,10.93805556,78.44027778,11-01-2026 02:00,2
762,MUSIRI,CWC,33,Tamil Nadu,591,Tiruchirappalli,MUSIRI,-,-,Cauvery,Cauvery,-,-,-,Cauvery,10.93805556,78.44027778,11-01-2026 03:00,0.7
763,MUSIRI,CWC,33,Tamil Nadu,591,Tiruchirappalli,MUSIRI,-,-,Cauvery,Cauvery,-,-,-,Cauvery,10.93805556,78.44027778,11-01-2026 04:00,0.2
764,MUSIRI,CWC,33,Tamil Nadu,591,Tiruchirappalli,MUSIRI,-,-,Cauvery,Cauvery,-,-,-,Cauvery,10.93805556,78.44027778,11-01-2026 05:00,0.1
765,MUSIRI,CWC,33,Tamil Nadu,591,Tiruchirappalli,MUSIRI,-,-,Cauvery,Cauvery,-,-,-,Cauvery,10.93805556,78.44027778,11-01-2026 08:00,0.1
766,MUSIRI,CWC,33,Tamil Nadu,591,Tiruchirappalli,MUSIRI,-,-,Cauvery,Cauvery,-,-,-,Cauvery,10.93805556,78.44027778,11-01-2026 11:00,0.3
767,MUSIRI,CWC,33,Tamil Nadu,591,Tiruchirappalli,MUSIRI,-,-,Cauvery,Cauvery,-,-,-,Cauvery,10.93805556,78.44027778,11-01-2026 17:00,0.3
768,MUSIRI,CWC,33,Tamil Nadu,591,Tiruchirappalli,MUSIRI,-,-,Cauvery,Cauvery,-,-,-,Cauvery,10.93805556,78.44027778,11-01-2026 21:00,0.3
769,MUSIRI,CWC,33,Tamil Nadu,591,Tiruchirappalli,MUSIRI,-,-,Cauvery,Cauvery,-,-,-,Cauvery,10.93805556,78.44027778,12-01-2026 14:00,0.3
770,MUSIRI,CWC,33,Tamil Nadu,591,Tiruchirappalli,MUSIRI,-,-,Cauvery,Cauvery,-,-,-,Cauvery,10.93805556,78.44027778,12-01-2026 17:00,0.8
771,MUSIRI,CWC,33,Tamil Nadu,591,Tiruchirappalli,MUSIRI,-,-,Cauvery,Cauvery,-,-,-,Cauvery,10.93805556,78.44027778,12-01-2026 18:00,0.1
772,MUSIRI,CWC,33,Tamil Nadu,591,Tiruchirappalli,MUSIRI,-,-,Cauvery,Cauvery,-,-,-,Cauvery,10.93805556,78.44027778,12-01-2026 19:00,0.2
773,MUSIRI,CWC,33,Tamil Nadu,591,Tiruchirappalli,MUSIRI,-,-,Cauvery,Cauvery,-,-,-,Cauvery,10.93805556,78.44027778,12-01-2026 22:00,0.3
774,MUSIRI,CWC,33,Tamil Nadu,591,Tiruchirappalli,MUSIRI,-,-,Cauvery,Cauvery,-,-,-,Cauvery,10.93805556,78.44027778,13-01-2026 00:00,0.3
775,MUSIRI,CWC,33,Tamil Nadu,591,Tiruchirappalli,MUSIRI,-,-,Cauvery,Cauvery,-,-,-,Cauvery,10.93805556,78.44027778,13-01-2026 01:00,1.2
776,MUSIRI,CWC,33,Tamil Nadu,591,Tiruchirappalli,MUSIRI,-,-,Cauvery,Cauvery,-,-,-,Cauvery,10.93805556,78.44027778,13-01-2026 03:00,0.1
777,MUSIRI,CWC,33,Tamil Nadu,591,Tiruchirappalli,MUSIRI,-,-,Cauvery,Cauvery,-,-,-,Cauvery,10.93805556,78.44027778,13-01-2026 04:00,0.4
778,MUSIRI,CWC,33,Tamil Nadu,591,Tiruchirappalli,MUSIRI,-,-,Cauvery,Cauvery,-,-,-,Cauvery,10.93805556,78.44027778,13-01-2026 05:00,0.3
779,MUSIRI,CWC,33,Tamil Nadu,591,Tiruchirappalli,MUSIRI,-,-,Cauvery,Cauvery,-,-,-,Cauvery,10.93805556,78.44027778,13-01-2026 08:00,0.3
780,MUSIRI,CWC,33,Tamil Nadu,591,Tiruchirappalli,MUSIRI,-,-,Cauvery,Cauvery,-,-,-,Cauvery,10.93805556,78.44027778,13-01-2026 09:00,0.3
781,MUSIRI,CWC,33,Tamil Nadu,591,Tiruchirappalli,MUSIRI,-,-,Cauvery,Cauvery,-,-,-,Cauvery,10.93805556,78.44027778,29-01-2026 08:00,64
782,MUSIRI,CWC,33,Tamil Nadu,591,Tiruchirappalli,MUSIRI,-,-,Cauvery,Cauvery,-,-,-,Cauvery,10.93805556,78.44027778,02-02-2026 15:00,46.6
783,MUSIRI,CWC,33,Tamil Nadu,591,Tiruchirappalli,MUSIRI,-,-,Cauvery,Cauvery,-,-,-,Cauvery,10.93805556,78.44027778,03-02-2026 21:00,9.8
784,MUSIRI,CWC,33,Tamil Nadu,591,Tiruchirappalli,MUSIRI,-,-,Cauvery,Cauvery,-,-,-,Cauvery,10.93805556,78.44027778,09-02-2026 18:00,81.1
785,MUSIRI,CWC,33,Tamil Nadu,591,Tiruchirappalli,MUSIRI,-,-,Cauvery,Cauvery,-,-,-,Cauvery,10.93805556,78.44027778,11-02-2026 23:00,54.3
786,MUSIRI,CWC,33,Tamil Nadu,591,Tiruchirappalli,MUSIRI,-,-,Cauvery,Cauvery,-,-,-,Cauvery,10.93805556,78.44027778,17-02-2026 19:00,83.6
787,MUSIRI,CWC,33,Tamil Nadu,591,Tiruchirappalli,MUSIRI,-,-,Cauvery,Cauvery,-,-,-,Cauvery,10.93805556,78.44027778,18-02-2026 10:00,61.6
788,MUSIRI,CWC,33,Tamil Nadu,591,Tiruchirappalli,MUSIRI,-,-,Cauvery,Cauvery,-,-,-,Cauvery,10.93805556,78.44027778,21-02-2026 02:00,7.1
789,MUSIRI,CWC,33,Tamil Nadu,591,Tiruchirappalli,MUSIRI,-,-,Cauvery,Cauvery,-,-,-,Cauvery,10.93805556,78.44027778,22-02-2026 18:00,6.3
790,MUSIRI,CWC,33,Tamil Nadu,591,Tiruchirappalli,MUSIRI,-,-,Cauvery,Cauvery,-,-,-,Cauvery,10.93805556,78.44027778,28-02-2026 08:00,4.8
791,MUSIRI,CWC,33,Tamil Nadu,591,Tiruchirappalli,MUSIRI,-,-,Cauvery,Cauvery,-,-,-,Cauvery,10.93805556,78.44027778,18-03-2026 02:00,64
792,MUSIRI,CWC,33,Tamil Nadu,591,Tiruchirappalli,MUSIRI,-,-,Cauvery,Cauvery,-,-,-,Cauvery,10.93805556,78.44027778,26-03-2026 09:00,1.6
793,MUSIRI,CWC,33,Tamil Nadu,591,Tiruchirappalli,MUSIRI,-,-,Cauvery,Cauvery,-,-,-,Cauvery,10.93805556,78.44027778,26-03-2026 21:00,89.6
794,MUSIRI,CWC,33,Tamil Nadu,591,Tiruchirappalli,MUSIRI,-,-,Cauvery,Cauvery,-,-,-,Cauvery,10.93805556,78.44027778,27-03-2026 00:00,2
795,MUSIRI,CWC,33,Tamil Nadu,591,Tiruchirappalli,MUSIRI,-,-,Cauvery,Cauvery,-,-,-,Cauvery,10.93805556,78.44027778,04-04-2026 20:00,0.2
796,MUSIRI,CWC,33,Tamil Nadu,591,Tiruchirappalli,MUSIRI,-,-,Cauvery,Cauvery,-,-,-,Cauvery,10.93805556,78.44027778,04-04-2026 21:00,0.2
797,MUSIRI,CWC,33,Tamil Nadu,591,Tiruchirappalli,MUSIRI,-,-,Cauvery,Cauvery,-,-,-,Cauvery,10.93805556,78.44027778,04-04-2026 23:00,0.2
798,MUSIRI,CWC,33,Tamil Nadu,591,Tiruchirappalli,MUSIRI,-,-,Cauvery,Cauvery,-,-,-,Cauvery,10.93805556,78.44027778,05-04-2026 00:00,0.2
799,MUSIRI,CWC,33,Tamil Nadu,591,Tiruchirappalli,MUSIRI,-,-,Cauvery,Cauvery,-,-,-,Cauvery,10.93805556,78.44027778,07-04-2026 07:00,0.1
800,MUSIRI,CWC,33,Tamil Nadu,591,Tiruchirappalli,MUSIRI,-,-,Cauvery,Cauvery,-,-,-,Cauvery,10.93805556,78.44027778,09-04-2026 10:00,7.9
801,MUSIRI,CWC,33,Tamil Nadu,591,Tiruchirappalli,MUSIRI,-,-,Cauvery,Cauvery,-,-,-,Cauvery,10.93805556,78.44027778,13-04-2026 17:00,15.4
802,MUSIRI,CWC,33,Tamil Nadu,591,Tiruchirappalli,MUSIRI,-,-,Cauvery,Cauvery,-,-,-,Cauvery,10.93805556,78.44027778,28-04-2026 14:00,43.3
803,MUSIRI,CWC,33,Tamil Nadu,591,Tiruchirappalli,MUSIRI,-,-,Cauvery,Cauvery,-,-,-,Cauvery,10.93805556,78.44027778,28-04-2026 15:00,7
804,MUSIRI,CWC,33,Tamil Nadu,591,Tiruchirappalli,MUSIRI,-,-,Cauvery,Cauvery,-,-,-,Cauvery,10.93805556,78.44027778,02-05-2026 16:00,0.1
805,MUSIRI,CWC,33,Tamil Nadu,591,Tiruchirappalli,MUSIRI,-,-,Cauvery,Cauvery,-,-,-,Cauvery,10.93805556,78.44027778,02-05-2026 17:00,0.3
806,MUSIRI,CWC,33,Tamil Nadu,591,Tiruchirappalli,MUSIRI,-,-,Cauvery,Cauvery,-,-,-,Cauvery,10.93805556,78.44027778,02-05-2026 18:00,0.2
807,MUSIRI,CWC,33,Tamil Nadu,591,Tiruchirappalli,MUSIRI,-,-,Cauvery,Cauvery,-,-,-,Cauvery,10.93805556,78.44027778,02-05-2026 19:00,0.2
808,MUSIRI,CWC,33,Tamil Nadu,591,Tiruchirappalli,MUSIRI,-,-,Cauvery,Cauvery,-,-,-,Cauvery,10.93805556,78.44027778,02-05-2026 20:00,0.2
809,MUSIRI,CWC,33,Tamil Nadu,591,Tiruchirappalli,MUSIRI,-,-,Cauvery,Cauvery,-,-,-,Cauvery,10.93805556,78.44027778,02-05-2026 23:00,0.2
810,MUSIRI,CWC,33,Tamil Nadu,591,Tiruchirappalli,MUSIRI,-,-,Cauvery,Cauvery,-,-,-,Cauvery,10.93805556,78.44027778,03-05-2026 01:00,0.2
811,MUSIRI,CWC,33,Tamil Nadu,591,Tiruchirappalli,MUSIRI,-,-,Cauvery,Cauvery,-,-,-,Cauvery,10.93805556,78.44027778,03-05-2026 02:00,0.2
812,MUSIRI,CWC,33,Tamil Nadu,591,Tiruchirappalli,MUSIRI,-,-,Cauvery,Cauvery,-,-,-,Cauvery,10.93805556,78.44027778,16-05-2026 14:00,1.4
813,MUSIRI,CWC,33,Tamil Nadu,591,Tiruchirappalli,MUSIRI,-,-,Cauvery,Cauvery,-,-,-,Cauvery,10.93805556,78.44027778,16-05-2026 15:00,1.7
814,MUSIRI,CWC,33,Tamil Nadu,591,Tiruchirappalli,MUSIRI,-,-,Cauvery,Cauvery,-,-,-,Cauvery,10.93805556,78.44027778,16-05-2026 16:00,1.7
815,MUSIRI,CWC,33,Tamil Nadu,591,Tiruchirappalli,MUSIRI,-,-,Cauvery,Cauvery,-,-,-,Cauvery,10.93805556,78.44027778,16-05-2026 17:00,1.7
816,MUSIRI,CWC,33,Tamil Nadu,591,Tiruchirappalli,MUSIRI,-,-,Cauvery,Cauvery,-,-,-,Cauvery,10.93805556,78.44027778,16-05-2026 18:00,1.8
817,MUSIRI,CWC,33,Tamil Nadu,591,Tiruchirappalli,MUSIRI,-,-,Cauvery,Cauvery,-,-,-,Cauvery,10.93805556,78.44027778,16-05-2026 19:00,1.8
818,MUSIRI,CWC,33,Tamil Nadu,591,Tiruchirappalli,MUSIRI,-,-,Cauvery,Cauvery,-,-,-,Cauvery,10.93805556,78.44027778,16-05-2026 20:00,1.8
819,MUSIRI,CWC,33,Tamil Nadu,591,Tiruchirappalli,MUSIRI,-,-,Cauvery,Cauvery,-,-,-,Cauvery,10.93805556,78.44027778,16-05-2026 21:00,1.8
820,MUSIRI,CWC,33,Tamil Nadu,591,Tiruchirappalli,MUSIRI,-,-,Cauvery,Cauvery,-,-,-,Cauvery,10.93805556,78.44027778,16-05-2026 22:00,1.8
821,MUSIRI,CWC,33,Tamil Nadu,591,Tiruchirappalli,MUSIRI,-,-,Cauvery,Cauvery,-,-,-,Cauvery,10.93805556,78.44027778,16-05-2026 23:00,1.8
822,MUSIRI,CWC,33,Tamil Nadu,591,Tiruchirappalli,MUSIRI,-,-,Cauvery,Cauvery,-,-,-,Cauvery,10.93805556,78.44027778,17-05-2026 00:00,1.8
823,MUSIRI,CWC,33,Tamil Nadu,591,Tiruchirappalli,MUSIRI,-,-,Cauvery,Cauvery,-,-,-,Cauvery,10.93805556,78.44027778,17-05-2026 01:00,1.8
824,MUSIRI,CWC,33,Tamil Nadu,591,Tiruchirappalli,MUSIRI,-,-,Cauvery,Cauvery,-,-,-,Cauvery,10.93805556,78.44027778,17-05-2026 02:00,1.8
825,MUSIRI,CWC,33,Tamil Nadu,591,Tiruchirappalli,MUSIRI,-,-,Cauvery,Cauvery,-,-,-,Cauvery,10.93805556,78.44027778,17-05-2026 20:00,0.3
826,MUSIRI,CWC,33,Tamil Nadu,591,Tiruchirappalli,MUSIRI,-,-,Cauvery,Cauvery,-,-,-,Cauvery,10.93805556,78.44027778,17-05-2026 21:00,0.3
827,MUSIRI,CWC,33,Tamil Nadu,591,Tiruchirappalli,MUSIRI,-,-,Cauvery,Cauvery,-,-,-,Cauvery,10.93805556,78.44027778,17-05-2026 22:00,0.3
828,MUSIRI,CWC,33,Tamil Nadu,591,Tiruchirappalli,MUSIRI,-,-,Cauvery,Cauvery,-,-,-,Cauvery,10.93805556,78.44027778,17-05-2026 23:00,0.3
829,MUSIRI,CWC,33,Tamil Nadu,591,Tiruchirappalli,MUSIRI,-,-,Cauvery,Cauvery,-,-,-,Cauvery,10.93805556,78.44027778,18-05-2026 00:00,0.3
830,MUSIRI,CWC,33,Tamil Nadu,591,Tiruchirappalli,MUSIRI,-,-,Cauvery,Cauvery,-,-,-,Cauvery,10.93805556,78.44027778,18-05-2026 01:00,0.3
831,MUSIRI,CWC,33,Tamil Nadu,591,Tiruchirappalli,MUSIRI,-,-,Cauvery,Cauvery,-,-,-,Cauvery,10.93805556,78.44027778,18-05-2026 02:00,0.3
832,MUSIRI,CWC,33,Tamil Nadu,591,Tiruchirappalli,MUSIRI,-,-,Cauvery,Cauvery,-,-,-,Cauvery,10.93805556,78.44027778,24-05-2026 20:00,0.5
833,MUSIRI,CWC,33,Tamil Nadu,591,Tiruchirappalli,MUSIRI,-,-,Cauvery,Cauvery,-,-,-,Cauvery,10.93805556,78.44027778,24-05-2026 21:00,0.6
834,MUSIRI,CWC,33,Tamil Nadu,591,Tiruchirappalli,MUSIRI,-,-,Cauvery,Cauvery,-,-,-,Cauvery,10.93805556,78.44027778,24-05-2026 22:00,0.6
835,MUSIRI,CWC,33,Tamil Nadu,591,Tiruchirappalli,MUSIRI,-,-,Cauvery,Cauvery,-,-,-,Cauvery,10.93805556,78.44027778,24-05-2026 23:00,0.6
836,MUSIRI,CWC,33,Tamil Nadu,591,Tiruchirappalli,MUSIRI,-,-,Cauvery,Cauvery,-,-,-,Cauvery,10.93805556,78.44027778,30-05-2026 17:00,19.2
837,MUSIRI,CWC,33,Tamil Nadu,591,Tiruchirappalli,MUSIRI,-,-,Cauvery,Cauvery,-,-,-,Cauvery,10.93805556,78.44027778,02-06-2026 14:00,0.1
838,MUSIRI,CWC,33,Tamil Nadu,591,Tiruchirappalli,MUSIRI,-,-,Cauvery,Cauvery,-,-,-,Cauvery,10.93805556,78.44027778,02-06-2026 15:00,0.2
839,MUSIRI,CWC,33,Tamil Nadu,591,Tiruchirappalli,MUSIRI,-,-,Cauvery,Cauvery,-,-,-,Cauvery,10.93805556,78.44027778,02-06-2026 16:00,0.1
840,MUSIRI,CWC,33,Tamil Nadu,591,Tiruchirappalli,MUSIRI,-,-,Cauvery,Cauvery,-,-,-,Cauvery,10.93805556,78.44027778,02-06-2026 17:00,0.1
841,MUSIRI,CWC,33,Tamil Nadu,591,Tiruchirappalli,MUSIRI,-,-,Cauvery,Cauvery,-,-,-,Cauvery,10.93805556,78.44027778,02-06-2026 18:00,0.1
842,MUSIRI,CWC,33,Tamil Nadu,591,Tiruchirappalli,MUSIRI,-,-,Cauvery,Cauvery,-,-,-,Cauvery,10.93805556,78.44027778,02-06-2026 20:00,0.1
843,MUSIRI,CWC,33,Tamil Nadu,591,Tiruchirappalli,MUSIRI,-,-,Cauvery,Cauvery,-,-,-,Cauvery,10.93805556,78.44027778,02-06-2026 22:00,0.1
844,Naagaram,CWC,33,Tamil Nadu,568,Chennai,CHENNAI,-,-,-,-,-,-,-,-,,,06-01-2026 09:30,104
845,Naagaram,CWC,33,Tamil Nadu,568,Chennai,CHENNAI,-,-,-,-,-,-,-,-,,,30-01-2026 08:30,3
846,Naagaram,CWC,33,Tamil Nadu,568,Chennai,CHENNAI,-,-,-,-,-,-,-,-,,,31-01-2026 10:30,96
847,Naagaram,CWC,33,Tamil Nadu,568,Chennai,CHENNAI,-,-,-,-,-,-,-,-,,,08-02-2026 15:30,0.5
848,Naagaram,CWC,33,Tamil Nadu,568,Chennai,CHENNAI,-,-,-,-,-,-,-,-,,,15-02-2026 19:30,149
849,Naagaram,CWC,33,Tamil Nadu,568,Chennai,CHENNAI,-,-,-,-,-,-,-,-,,,27-03-2026 14:00,106.5
850,Naagaram,CWC,33,Tamil Nadu,568,Chennai,CHENNAI,-,-,-,-,-,-,-,-,,,28-03-2026 02:30,3
851,Naagaram,CWC,33,Tamil Nadu,568,Chennai,CHENNAI,-,-,-,-,-,-,-,-,,,16-04-2026 17:30,0.5
852,Naagaram,CWC,33,Tamil Nadu,568,Chennai,CHENNAI,-,-,-,-,-,-,-,-,,,16-04-2026 18:30,1
853,Naagaram,CWC,33,Tamil Nadu,568,Chennai,CHENNAI,-,-,-,-,-,-,-,-,,,16-04-2026 21:30,0.5
854,Naagaram,CWC,33,Tamil Nadu,568,Chennai,CHENNAI,-,-,-,-,-,-,-,-,,,17-04-2026 04:30,0.5
855,Naagaram,CWC,33,Tamil Nadu,568,Chennai,CHENNAI,-,-,-,-,-,-,-,-,,,19-04-2026 00:00,467.5
856,Naagaram,CWC,33,Tamil Nadu,568,Chennai,CHENNAI,-,-,-,-,-,-,-,-,,,19-04-2026 05:30,0.5
857,Naagaram,CWC,33,Tamil Nadu,568,Chennai,CHENNAI,-,-,-,-,-,-,-,-,,,20-04-2026 13:30,190
858,Naagaram,CWC,33,Tamil Nadu,568,Chennai,CHENNAI,-,-,-,-,-,-,-,-,,,23-04-2026 13:30,156
859,Naagaram,CWC,33,Tamil Nadu,568,Chennai,CHENNAI,-,-,-,-,-,-,-,-,,,28-05-2026 21:30,0.5
860,Naldera,CWC,33,Tamil Nadu,568,Chennai,CHENNAI,-,-,-,-,-,-,-,-,,,13-01-2026 08:00,160
861,Naldera,CWC,33,Tamil Nadu,568,Chennai,CHENNAI,-,-,-,-,-,-,-,-,,,14-01-2026 13:00,179
862,Naldera,CWC,33,Tamil Nadu,568,Chennai,CHENNAI,-,-,-,-,-,-,-,-,,,17-01-2026 12:00,257
863,Naldera,CWC,33,Tamil Nadu,568,Chennai,CHENNAI,-,-,-,-,-,-,-,-,,,01-02-2026 18:00,113
864,Naldera,CWC,33,Tamil Nadu,568,Chennai,CHENNAI,-,-,-,-,-,-,-,-,,,03-02-2026 05:00,96
865,Naldera,CWC,33,Tamil Nadu,568,Chennai,CHENNAI,-,-,-,-,-,-,-,-,,,05-02-2026 05:00,256.5
866,Naldera,CWC,33,Tamil Nadu,568,Chennai,CHENNAI,-,-,-,-,-,-,-,-,,,07-02-2026 08:00,201
867,Naldera,CWC,33,Tamil Nadu,568,Chennai,CHENNAI,-,-,-,-,-,-,-,-,,,12-02-2026 17:00,20
868,Naldera,CWC,33,Tamil Nadu,568,Chennai,CHENNAI,-,-,-,-,-,-,-,-,,,12-02-2026 18:00,64.5
869,Naldera,CWC,33,Tamil Nadu,568,Chennai,CHENNAI,-,-,-,-,-,-,-,-,,,14-02-2026 19:00,5
870,Naldera,CWC,33,Tamil Nadu,568,Chennai,CHENNAI,-,-,-,-,-,-,-,-,,,16-02-2026 16:00,2.5
871,Naldera,CWC,33,Tamil Nadu,568,Chennai,CHENNAI,-,-,-,-,-,-,-,-,,,17-02-2026 15:00,116.5
872,Naldera,CWC,33,Tamil Nadu,568,Chennai,CHENNAI,-,-,-,-,-,-,-,-,,,19-02-2026 16:00,129
873,Naldera,CWC,33,Tamil Nadu,568,Chennai,CHENNAI,-,-,-,-,-,-,-,-,,,21-02-2026 07:00,9
874,Naldera,CWC,33,Tamil Nadu,568,Chennai,CHENNAI,-,-,-,-,-,-,-,-,,,23-02-2026 05:00,42.5
875,Naldera,CWC,33,Tamil Nadu,568,Chennai,CHENNAI,-,-,-,-,-,-,-,-,,,24-02-2026 17:00,129
876,Naldera,CWC,33,Tamil Nadu,568,Chennai,CHENNAI,-,-,-,-,-,-,-,-,,,25-02-2026 11:00,407
877,Naldera,CWC,33,Tamil Nadu,568,Chennai,CHENNAI,-,-,-,-,-,-,-,-,,,25-02-2026 12:00,197
878,Naldera,CWC,33,Tamil Nadu,568,Chennai,CHENNAI,-,-,-,-,-,-,-,-,,,25-03-2026 08:00,108
879,Naldera,CWC,33,Tamil Nadu,568,Chennai,CHENNAI,-,-,-,-,-,-,-,-,,,25-03-2026 11:00,456
880,Naldera,CWC,33,Tamil Nadu,568,Chennai,CHENNAI,-,-,-,-,-,-,-,-,,,26-03-2026 10:00,96
881,Naldera,CWC,33,Tamil Nadu,568,Chennai,CHENNAI,-,-,-,-,-,-,-,-,,,27-03-2026 07:00,4
882,Naldera,CWC,33,Tamil Nadu,568,Chennai,CHENNAI,-,-,-,-,-,-,-,-,,,28-03-2026 16:00,40
883,Naldera,CWC,33,Tamil Nadu,568,Chennai,CHENNAI,-,-,-,-,-,-,-,-,,,29-03-2026 18:00,360
884,Naldera,CWC,33,Tamil Nadu,568,Chennai,CHENNAI,-,-,-,-,-,-,-,-,,,29-03-2026 19:00,0.5
885,Naldera,CWC,33,Tamil Nadu,568,Chennai,CHENNAI,-,-,-,-,-,-,-,-,,,31-03-2026 06:00,352
886,Naldera,CWC,33,Tamil Nadu,568,Chennai,CHENNAI,-,-,-,-,-,-,-,-,,,01-04-2026 18:00,388
887,Naldera,CWC,33,Tamil Nadu,568,Chennai,CHENNAI,-,-,-,-,-,-,-,-,,,22-04-2026 06:30,22.5
888,Naldera,CWC,33,Tamil Nadu,568,Chennai,CHENNAI,-,-,-,-,-,-,-,-,,,24-04-2026 02:30,121
889,Naldera,CWC,33,Tamil Nadu,568,Chennai,CHENNAI,-,-,-,-,-,-,-,-,,,24-04-2026 03:30,490.5
890,Naldera,CWC,33,Tamil Nadu,568,Chennai,CHENNAI,-,-,-,-,-,-,-,-,,,13-05-2026 12:00,192
891,Naldera,CWC,33,Tamil Nadu,568,Chennai,CHENNAI,-,-,-,-,-,-,-,-,,,31-05-2026 16:00,0.5
892,NALLAMARANPATTY,CWC,33,Tamil Nadu,576,Karur,ARAVAKURICHI,-,-,Cauvery,Cauvery,Amaravathi,-,-,Amaravathi,10.88083333,77.98472222,05-01-2026 22:00,9.8
893,NALLAMARANPATTY,CWC,33,Tamil Nadu,576,Karur,ARAVAKURICHI,-,-,Cauvery,Cauvery,Amaravathi,-,-,Amaravathi,10.88083333,77.98472222,30-01-2026 02:00,32.8
894,NALLAMARANPATTY,CWC,33,Tamil Nadu,576,Karur,ARAVAKURICHI,-,-,Cauvery,Cauvery,Amaravathi,-,-,Amaravathi,10.88083333,77.98472222,02-04-2026 10:00,0.6
895,NALLAMARANPATTY,CWC,33,Tamil Nadu,576,Karur,ARAVAKURICHI,-,-,Cauvery,Cauvery,Amaravathi,-,-,Amaravathi,10.88083333,77.98472222,09-04-2026 01:00,12.8
896,NALLAMARANPATTY,CWC,33,Tamil Nadu,576,Karur,ARAVAKURICHI,-,-,Cauvery,Cauvery,Amaravathi,-,-,Amaravathi,10.88083333,77.98472222,09-04-2026 02:00,8
897,NALLAMARANPATTY,CWC,33,Tamil Nadu,576,Karur,ARAVAKURICHI,-,-,Cauvery,Cauvery,Amaravathi,-,-,Amaravathi,10.88083333,77.98472222,09-04-2026 13:00,8
898,NALLAMARANPATTY,CWC,33,Tamil Nadu,576,Karur,ARAVAKURICHI,-,-,Cauvery,Cauvery,Amaravathi,-,-,Amaravathi,10.88083333,77.98472222,17-04-2026 10:00,32
899,NALLAMARANPATTY,CWC,33,Tamil Nadu,576,Karur,ARAVAKURICHI,-,-,Cauvery,Cauvery,Amaravathi,-,-,Amaravathi,10.88083333,77.98472222,18-04-2026 17:00,64
900,NALLAMARANPATTY,CWC,33,Tamil Nadu,576,Karur,ARAVAKURICHI,-,-,Cauvery,Cauvery,Amaravathi,-,-,Amaravathi,10.88083333,77.98472222,20-04-2026 04:00,2.4
901,NALLAMARANPATTY,CWC,33,Tamil Nadu,576,Karur,ARAVAKURICHI,-,-,Cauvery,Cauvery,Amaravathi,-,-,Amaravathi,10.88083333,77.98472222,23-04-2026 13:00,7.7
902,NALLAMARANPATTY,CWC,33,Tamil Nadu,576,Karur,ARAVAKURICHI,-,-,Cauvery,Cauvery,Amaravathi,-,-,Amaravathi,10.88083333,77.98472222,29-04-2026 13:00,76.8
903,NALLAMARANPATTY,CWC,33,Tamil Nadu,576,Karur,ARAVAKURICHI,-,-,Cauvery,Cauvery,Amaravathi,-,-,Amaravathi,10.88083333,77.98472222,25-05-2026 12:00,102.2
904,NALLAMARANPATTY,CWC,33,Tamil Nadu,576,Karur,ARAVAKURICHI,-,-,Cauvery,Cauvery,Amaravathi,-,-,Amaravathi,10.88083333,77.98472222,28-05-2026 11:00,2
905,NALLAMARANPATTY,CWC,33,Tamil Nadu,576,Karur,ARAVAKURICHI,-,-,Cauvery,Cauvery,Amaravathi,-,-,Amaravathi,10.88083333,77.98472222,28-05-2026 14:00,38.4
906,NALLAMARANPATTY,CWC,33,Tamil Nadu,576,Karur,ARAVAKURICHI,-,-,Cauvery,Cauvery,Amaravathi,-,-,Amaravathi,10.88083333,77.98472222,30-05-2026 00:00,1.9
907,NALLAMARANPATTY,CWC,33,Tamil Nadu,576,Karur,ARAVAKURICHI,-,-,Cauvery,Cauvery,Amaravathi,-,-,Amaravathi,10.88083333,77.98472222,30-05-2026 10:00,38.4
908,Nandgur,CWC,33,Tamil Nadu,568,Chennai,CHENNAI,-,-,-,-,-,-,-,-,,,11-02-2026 19:30,160
909,Nandgur,CWC,33,Tamil Nadu,568,Chennai,CHENNAI,-,-,-,-,-,-,-,-,,,19-02-2026 21:30,64
910,Nandgur,CWC,33,Tamil Nadu,568,Chennai,CHENNAI,-,-,-,-,-,-,-,-,,,17-03-2026 12:30,3
911,Nandgur,CWC,33,Tamil Nadu,568,Chennai,CHENNAI,-,-,-,-,-,-,-,-,,,18-03-2026 03:30,2.5
912,Nandgur,CWC,33,Tamil Nadu,568,Chennai,CHENNAI,-,-,-,-,-,-,-,-,,,27-03-2026 13:30,245.5
913,Nandgur,CWC,33,Tamil Nadu,568,Chennai,CHENNAI,-,-,-,-,-,-,-,-,,,27-03-2026 14:30,3
914,Nandgur,CWC,33,Tamil Nadu,568,Chennai,CHENNAI,-,-,-,-,-,-,-,-,,,31-03-2026 01:30,12.5
915,Nandgur,CWC,33,Tamil Nadu,568,Chennai,CHENNAI,-,-,-,-,-,-,-,-,,,31-03-2026 02:30,4
916,Nandgur,CWC,33,Tamil Nadu,568,Chennai,CHENNAI,-,-,-,-,-,-,-,-,,,05-04-2026 05:30,1.5
917,Nandgur,CWC,33,Tamil Nadu,568,Chennai,CHENNAI,-,-,-,-,-,-,-,-,,,05-04-2026 06:30,3
918,Nandgur,CWC,33,Tamil Nadu,568,Chennai,CHENNAI,-,-,-,-,-,-,-,-,,,15-04-2026 16:30,10
919,NELLITHURAI,CWC,33,Tamil Nadu,569,Coimbatore,Mettupalayam,-,-,Cauvery,Cauvery,Bhavani,-,-,Bhavani,11.28777778,76.89111111,03-01-2026 15:30,59
920,NELLITHURAI,CWC,33,Tamil Nadu,569,Coimbatore,Mettupalayam,-,-,Cauvery,Cauvery,Bhavani,-,-,Bhavani,11.28777778,76.89111111,11-01-2026 08:00,0.3
921,NELLITHURAI,CWC,33,Tamil Nadu,569,Coimbatore,Mettupalayam,-,-,Cauvery,Cauvery,Bhavani,-,-,Bhavani,11.28777778,76.89111111,11-01-2026 09:00,0.4
922,NELLITHURAI,CWC,33,Tamil Nadu,569,Coimbatore,Mettupalayam,-,-,Cauvery,Cauvery,Bhavani,-,-,Bhavani,11.28777778,76.89111111,13-01-2026 03:00,25.6
923,NELLITHURAI,CWC,33,Tamil Nadu,569,Coimbatore,Mettupalayam,-,-,Cauvery,Cauvery,Bhavani,-,-,Bhavani,11.28777778,76.89111111,13-01-2026 06:00,12.5
924,NELLITHURAI,CWC,33,Tamil Nadu,569,Coimbatore,Mettupalayam,-,-,Cauvery,Cauvery,Bhavani,-,-,Bhavani,11.28777778,76.89111111,13-01-2026 07:00,0.1
925,NELLITHURAI,CWC,33,Tamil Nadu,569,Coimbatore,Mettupalayam,-,-,Cauvery,Cauvery,Bhavani,-,-,Bhavani,11.28777778,76.89111111,15-01-2026 04:00,38.4
926,Nemam Tank,CWC,33,Tamil Nadu,589,Tiruvallur,-,-,-,-,East flowing rivers between Pennar and Kanyakumari,-,-,-,-,13.06888889,80.01583333,01-01-2026 02:00,2.5
927,Nemam Tank,CWC,33,Tamil Nadu,589,Tiruvallur,-,-,-,-,East flowing rivers between Pennar and Kanyakumari,-,-,-,-,13.06888889,80.01583333,01-01-2026 03:00,1
928,Nemam Tank,CWC,33,Tamil Nadu,589,Tiruvallur,-,-,-,-,East flowing rivers between Pennar and Kanyakumari,-,-,-,-,13.06888889,80.01583333,01-01-2026 04:00,1.5
929,Nemam Tank,CWC,33,Tamil Nadu,589,Tiruvallur,-,-,-,-,East flowing rivers between Pennar and Kanyakumari,-,-,-,-,13.06888889,80.01583333,09-01-2026 04:00,15
930,Nemam Tank,CWC,33,Tamil Nadu,589,Tiruvallur,-,-,-,-,East flowing rivers between Pennar and Kanyakumari,-,-,-,-,13.06888889,80.01583333,14-01-2026 10:00,112.5
931,Nemam Tank,CWC,33,Tamil Nadu,589,Tiruvallur,-,-,-,-,East flowing rivers between Pennar and Kanyakumari,-,-,-,-,13.06888889,80.01583333,16-01-2026 12:00,36
932,Nemam Tank,CWC,33,Tamil Nadu,589,Tiruvallur,-,-,-,-,East flowing rivers between Pennar and Kanyakumari,-,-,-,-,13.06888889,80.01583333,24-01-2026 08:00,1
933,Nemam Tank,CWC,33,Tamil Nadu,589,Tiruvallur,-,-,-,-,East flowing rivers between Pennar and Kanyakumari,-,-,-,-,13.06888889,80.01583333,25-01-2026 08:00,2.5
934,Nemam Tank,CWC,33,Tamil Nadu,589,Tiruvallur,-,-,-,-,East flowing rivers between Pennar and Kanyakumari,-,-,-,-,13.06888889,80.01583333,25-01-2026 09:00,1
935,Nemam Tank,CWC,33,Tamil Nadu,589,Tiruvallur,-,-,-,-,East flowing rivers between Pennar and Kanyakumari,-,-,-,-,13.06888889,80.01583333,25-01-2026 20:00,1
936,Nemam Tank,CWC,33,Tamil Nadu,589,Tiruvallur,-,-,-,-,East flowing rivers between Pennar and Kanyakumari,-,-,-,-,13.06888889,80.01583333,25-01-2026 21:00,1.5
937,Nemam Tank,CWC,33,Tamil Nadu,589,Tiruvallur,-,-,-,-,East flowing rivers between Pennar and Kanyakumari,-,-,-,-,13.06888889,80.01583333,25-01-2026 22:00,1
938,Nemam Tank,CWC,33,Tamil Nadu,589,Tiruvallur,-,-,-,-,East flowing rivers between Pennar and Kanyakumari,-,-,-,-,13.06888889,80.01583333,25-01-2026 23:00,0.5
939,Nemam Tank,CWC,33,Tamil Nadu,589,Tiruvallur,-,-,-,-,East flowing rivers between Pennar and Kanyakumari,-,-,-,-,13.06888889,80.01583333,26-01-2026 00:00,0.5
940,Nemam Tank,CWC,33,Tamil Nadu,589,Tiruvallur,-,-,-,-,East flowing rivers between Pennar and Kanyakumari,-,-,-,-,13.06888889,80.01583333,26-01-2026 01:00,0.5
941,Nemam Tank,CWC,33,Tamil Nadu,589,Tiruvallur,-,-,-,-,East flowing rivers between Pennar and Kanyakumari,-,-,-,-,13.06888889,80.01583333,26-01-2026 13:00,0.5
942,Nemam Tank,CWC,33,Tamil Nadu,589,Tiruvallur,-,-,-,-,East flowing rivers between Pennar and Kanyakumari,-,-,-,-,13.06888889,80.01583333,26-01-2026 14:00,1
943,Nemam Tank,CWC,33,Tamil Nadu,589,Tiruvallur,-,-,-,-,East flowing rivers between Pennar and Kanyakumari,-,-,-,-,13.06888889,80.01583333,26-01-2026 15:00,0.5
944,Nemam Tank,CWC,33,Tamil Nadu,589,Tiruvallur,-,-,-,-,East flowing rivers between Pennar and Kanyakumari,-,-,-,-,13.06888889,80.01583333,26-01-2026 18:00,0.5
945,Nemam Tank,CWC,33,Tamil Nadu,589,Tiruvallur,-,-,-,-,East flowing rivers between Pennar and Kanyakumari,-,-,-,-,13.06888889,80.01583333,30-01-2026 16:00,78
946,Nemam Tank,CWC,33,Tamil Nadu,589,Tiruvallur,-,-,-,-,East flowing rivers between Pennar and Kanyakumari,-,-,-,-,13.06888889,80.01583333,07-02-2026 09:00,84
947,Nemam Tank,CWC,33,Tamil Nadu,589,Tiruvallur,-,-,-,-,East flowing rivers between Pennar and Kanyakumari,-,-,-,-,13.06888889,80.01583333,08-02-2026 16:00,159
948,Nemam Tank,CWC,33,Tamil Nadu,589,Tiruvallur,-,-,-,-,East flowing rivers between Pennar and Kanyakumari,-,-,-,-,13.06888889,80.01583333,26-02-2026 05:00,27
949,Nemam Tank,CWC,33,Tamil Nadu,589,Tiruvallur,-,-,-,-,East flowing rivers between Pennar and Kanyakumari,-,-,-,-,13.06888889,80.01583333,26-02-2026 06:00,27
950,Nemam Tank,CWC,33,Tamil Nadu,589,Tiruvallur,-,-,-,-,East flowing rivers between Pennar and Kanyakumari,-,-,-,-,13.06888889,80.01583333,06-03-2026 15:00,1
951,Nemam Tank,CWC,33,Tamil Nadu,589,Tiruvallur,-,-,-,-,East flowing rivers between Pennar and Kanyakumari,-,-,-,-,13.06888889,80.01583333,17-03-2026 08:00,48
952,Nemam Tank,CWC,33,Tamil Nadu,589,Tiruvallur,-,-,-,-,East flowing rivers between Pennar and Kanyakumari,-,-,-,-,13.06888889,80.01583333,19-03-2026 01:00,4.5
953,Nemam Tank,CWC,33,Tamil Nadu,589,Tiruvallur,-,-,-,-,East flowing rivers between Pennar and Kanyakumari,-,-,-,-,13.06888889,80.01583333,19-03-2026 02:00,4
954,Nemam Tank,CWC,33,Tamil Nadu,589,Tiruvallur,-,-,-,-,East flowing rivers between Pennar and Kanyakumari,-,-,-,-,13.06888889,80.01583333,19-03-2026 02:00,4
955,Nemam Tank,CWC,33,Tamil Nadu,589,Tiruvallur,-,-,-,-,East flowing rivers between Pennar and Kanyakumari,-,-,-,-,13.06888889,80.01583333,19-03-2026 03:00,3
956,Nemam Tank,CWC,33,Tamil Nadu,589,Tiruvallur,-,-,-,-,East flowing rivers between Pennar and Kanyakumari,-,-,-,-,13.06888889,80.01583333,19-03-2026 04:00,6
957,Nemam Tank,CWC,33,Tamil Nadu,589,Tiruvallur,-,-,-,-,East flowing rivers between Pennar and Kanyakumari,-,-,-,-,13.06888889,80.01583333,19-03-2026 04:00,0.5
958,Nemam Tank,CWC,33,Tamil Nadu,589,Tiruvallur,-,-,-,-,East flowing rivers between Pennar and Kanyakumari,-,-,-,-,13.06888889,80.01583333,19-03-2026 05:00,6
959,Nemam Tank,CWC,33,Tamil Nadu,589,Tiruvallur,-,-,-,-,East flowing rivers between Pennar and Kanyakumari,-,-,-,-,13.06888889,80.01583333,27-03-2026 06:00,445
960,Nemam Tank,CWC,33,Tamil Nadu,589,Tiruvallur,-,-,-,-,East flowing rivers between Pennar and Kanyakumari,-,-,-,-,13.06888889,80.01583333,06-04-2026 11:00,4.5
961,Nemam Tank,CWC,33,Tamil Nadu,589,Tiruvallur,-,-,-,-,East flowing rivers between Pennar and Kanyakumari,-,-,-,-,13.06888889,80.01583333,06-04-2026 12:00,9
962,Nemam Tank,CWC,33,Tamil Nadu,589,Tiruvallur,-,-,-,-,East flowing rivers between Pennar and Kanyakumari,-,-,-,-,13.06888889,80.01583333,06-04-2026 12:00,9
963,Nemam Tank,CWC,33,Tamil Nadu,589,Tiruvallur,-,-,-,-,East flowing rivers between Pennar and Kanyakumari,-,-,-,-,13.06888889,80.01583333,06-04-2026 13:00,1
964,Nemam Tank,CWC,33,Tamil Nadu,589,Tiruvallur,-,-,-,-,East flowing rivers between Pennar and Kanyakumari,-,-,-,-,13.06888889,80.01583333,07-04-2026 04:00,5
965,Nemam Tank,CWC,33,Tamil Nadu,589,Tiruvallur,-,-,-,-,East flowing rivers between Pennar and Kanyakumari,-,-,-,-,13.06888889,80.01583333,07-04-2026 05:00,5
966,Nemam Tank,CWC,33,Tamil Nadu,589,Tiruvallur,-,-,-,-,East flowing rivers between Pennar and Kanyakumari,-,-,-,-,13.06888889,80.01583333,07-04-2026 07:00,5
967,Nemam Tank,CWC,33,Tamil Nadu,589,Tiruvallur,-,-,-,-,East flowing rivers between Pennar and Kanyakumari,-,-,-,-,13.06888889,80.01583333,17-04-2026 00:00,64
968,Nemam Tank,CWC,33,Tamil Nadu,589,Tiruvallur,-,-,-,-,East flowing rivers between Pennar and Kanyakumari,-,-,-,-,13.06888889,80.01583333,23-04-2026 13:00,192
969,Nemam Tank,CWC,33,Tamil Nadu,589,Tiruvallur,-,-,-,-,East flowing rivers between Pennar and Kanyakumari,-,-,-,-,13.06888889,80.01583333,10-05-2026 04:00,3
970,Nemam Tank,CWC,33,Tamil Nadu,589,Tiruvallur,-,-,-,-,East flowing rivers between Pennar and Kanyakumari,-,-,-,-,13.06888889,80.01583333,10-05-2026 05:00,3
971,Nemam Tank,CWC,33,Tamil Nadu,589,Tiruvallur,-,-,-,-,East flowing rivers between Pennar and Kanyakumari,-,-,-,-,13.06888889,80.01583333,10-05-2026 07:00,3
972,Nemam Tank,CWC,33,Tamil Nadu,589,Tiruvallur,-,-,-,-,East flowing rivers between Pennar and Kanyakumari,-,-,-,-,13.06888889,80.01583333,15-05-2026 13:00,3
973,Nemam Tank,CWC,33,Tamil Nadu,589,Tiruvallur,-,-,-,-,East flowing rivers between Pennar and Kanyakumari,-,-,-,-,13.06888889,80.01583333,03-06-2026 14:00,160
974,Pennalur Causeway,CWC,33,Tamil Nadu,589,Tiruvallur,-,-,-,-,East flowing rivers between Pennar and Kanyakumari,-,-,-,-,12.96750000,79.97666667,01-01-2026 01:00,11
975,Pennalur Causeway,CWC,33,Tamil Nadu,589,Tiruvallur,-,-,-,-,East flowing rivers between Pennar and Kanyakumari,-,-,-,-,12.96750000,79.97666667,01-01-2026 02:00,3.5
976,Pennalur Causeway,CWC,33,Tamil Nadu,589,Tiruvallur,-,-,-,-,East flowing rivers between Pennar and Kanyakumari,-,-,-,-,12.96750000,79.97666667,01-01-2026 03:00,8
977,Pennalur Causeway,CWC,33,Tamil Nadu,589,Tiruvallur,-,-,-,-,East flowing rivers between Pennar and Kanyakumari,-,-,-,-,12.96750000,79.97666667,01-01-2026 04:00,1.5
978,Pennalur Causeway,CWC,33,Tamil Nadu,589,Tiruvallur,-,-,-,-,East flowing rivers between Pennar and Kanyakumari,-,-,-,-,12.96750000,79.97666667,01-01-2026 05:00,0.5
979,Pennalur Causeway,CWC,33,Tamil Nadu,589,Tiruvallur,-,-,-,-,East flowing rivers between Pennar and Kanyakumari,-,-,-,-,12.96750000,79.97666667,01-01-2026 05:00,0.5
980,Pennalur Causeway,CWC,33,Tamil Nadu,589,Tiruvallur,-,-,-,-,East flowing rivers between Pennar and Kanyakumari,-,-,-,-,12.96750000,79.97666667,01-01-2026 12:00,0.5
981,Pennalur Causeway,CWC,33,Tamil Nadu,589,Tiruvallur,-,-,-,-,East flowing rivers between Pennar and Kanyakumari,-,-,-,-,12.96750000,79.97666667,01-01-2026 12:00,0.5
982,Pennalur Causeway,CWC,33,Tamil Nadu,589,Tiruvallur,-,-,-,-,East flowing rivers between Pennar and Kanyakumari,-,-,-,-,12.96750000,79.97666667,01-01-2026 18:00,0.5
983,Pennalur Causeway,CWC,33,Tamil Nadu,589,Tiruvallur,-,-,-,-,East flowing rivers between Pennar and Kanyakumari,-,-,-,-,12.96750000,79.97666667,01-01-2026 23:00,0.5
984,Pennalur Causeway,CWC,33,Tamil Nadu,589,Tiruvallur,-,-,-,-,East flowing rivers between Pennar and Kanyakumari,-,-,-,-,12.96750000,79.97666667,12-01-2026 04:00,0.5
985,Pennalur Causeway,CWC,33,Tamil Nadu,589,Tiruvallur,-,-,-,-,East flowing rivers between Pennar and Kanyakumari,-,-,-,-,12.96750000,79.97666667,12-01-2026 04:00,0.5
986,Pennalur Causeway,CWC,33,Tamil Nadu,589,Tiruvallur,-,-,-,-,East flowing rivers between Pennar and Kanyakumari,-,-,-,-,12.96750000,79.97666667,12-01-2026 05:00,0.5
987,Pennalur Causeway,CWC,33,Tamil Nadu,589,Tiruvallur,-,-,-,-,East flowing rivers between Pennar and Kanyakumari,-,-,-,-,12.96750000,79.97666667,12-01-2026 15:00,72
988,Pennalur Causeway,CWC,33,Tamil Nadu,589,Tiruvallur,-,-,-,-,East flowing rivers between Pennar and Kanyakumari,-,-,-,-,12.96750000,79.97666667,13-01-2026 12:00,8
989,Pennalur Causeway,CWC,33,Tamil Nadu,589,Tiruvallur,-,-,-,-,East flowing rivers between Pennar and Kanyakumari,-,-,-,-,12.96750000,79.97666667,24-01-2026 17:00,0.5
990,Pennalur Causeway,CWC,33,Tamil Nadu,589,Tiruvallur,-,-,-,-,East flowing rivers between Pennar and Kanyakumari,-,-,-,-,12.96750000,79.97666667,25-01-2026 18:00,0.5
991,Pennalur Causeway,CWC,33,Tamil Nadu,589,Tiruvallur,-,-,-,-,East flowing rivers between Pennar and Kanyakumari,-,-,-,-,12.96750000,79.97666667,25-01-2026 19:00,0.5
992,Pennalur Causeway,CWC,33,Tamil Nadu,589,Tiruvallur,-,-,-,-,East flowing rivers between Pennar and Kanyakumari,-,-,-,-,12.96750000,79.97666667,25-01-2026 20:00,8
993,Pennalur Causeway,CWC,33,Tamil Nadu,589,Tiruvallur,-,-,-,-,East flowing rivers between Pennar and Kanyakumari,-,-,-,-,12.96750000,79.97666667,25-01-2026 21:00,5
994,Pennalur Causeway,CWC,33,Tamil Nadu,589,Tiruvallur,-,-,-,-,East flowing rivers between Pennar and Kanyakumari,-,-,-,-,12.96750000,79.97666667,25-01-2026 22:00,1
995,Pennalur Causeway,CWC,33,Tamil Nadu,589,Tiruvallur,-,-,-,-,East flowing rivers between Pennar and Kanyakumari,-,-,-,-,12.96750000,79.97666667,25-01-2026 23:00,1
996,Pennalur Causeway,CWC,33,Tamil Nadu,589,Tiruvallur,-,-,-,-,East flowing rivers between Pennar and Kanyakumari,-,-,-,-,12.96750000,79.97666667,26-01-2026 13:00,5
997,Pennalur Causeway,CWC,33,Tamil Nadu,589,Tiruvallur,-,-,-,-,East flowing rivers between Pennar and Kanyakumari,-,-,-,-,12.96750000,79.97666667,02-02-2026 10:00,215
998,Pennalur Causeway,CWC,33,Tamil Nadu,589,Tiruvallur,-,-,-,-,East flowing rivers between Pennar and Kanyakumari,-,-,-,-,12.96750000,79.97666667,07-02-2026 20:00,0.5
999,Pennalur Causeway,CWC,33,Tamil Nadu,589,Tiruvallur,-,-,-,-,East flowing rivers between Pennar and Kanyakumari,-,-,-,-,12.96750000,79.97666667,24-02-2026 23:30,176
1000,Pennalur Causeway,CWC,33,Tamil Nadu,589,Tiruvallur,-,-,-,-,East flowing rivers between Pennar and Kanyakumari,-,-,-,-,12.96750000,79.97666667,27-02-2026 08:00,34
1001,Pennalur Causeway,CWC,33,Tamil Nadu,589,Tiruvallur,-,-,-,-,East flowing rivers between Pennar and Kanyakumari,-,-,-,-,12.96750000,79.97666667,28-02-2026 07:00,438
1002,Pennalur Causeway,CWC,33,Tamil Nadu,589,Tiruvallur,-,-,-,-,East flowing rivers between Pennar and Kanyakumari,-,-,-,-,12.96750000,79.97666667,18-03-2026 15:00,52.5
1003,Pennalur Causeway,CWC,33,Tamil Nadu,589,Tiruvallur,-,-,-,-,East flowing rivers between Pennar and Kanyakumari,-,-,-,-,12.96750000,79.97666667,18-03-2026 16:00,43.5
1004,Pennalur Causeway,CWC,33,Tamil Nadu,589,Tiruvallur,-,-,-,-,East flowing rivers between Pennar and Kanyakumari,-,-,-,-,12.96750000,79.97666667,19-03-2026 02:00,4.5
1005,Pennalur Causeway,CWC,33,Tamil Nadu,589,Tiruvallur,-,-,-,-,East flowing rivers between Pennar and Kanyakumari,-,-,-,-,12.96750000,79.97666667,19-03-2026 02:00,4.5
1006,Pennalur Causeway,CWC,33,Tamil Nadu,589,Tiruvallur,-,-,-,-,East flowing rivers between Pennar and Kanyakumari,-,-,-,-,12.96750000,79.97666667,19-03-2026 03:00,28.5
1007,Pennalur Causeway,CWC,33,Tamil Nadu,589,Tiruvallur,-,-,-,-,East flowing rivers between Pennar and Kanyakumari,-,-,-,-,12.96750000,79.97666667,19-03-2026 03:00,28.5
1008,Pennalur Causeway,CWC,33,Tamil Nadu,589,Tiruvallur,-,-,-,-,East flowing rivers between Pennar and Kanyakumari,-,-,-,-,12.96750000,79.97666667,19-03-2026 04:00,16.5
1009,Pennalur Causeway,CWC,33,Tamil Nadu,589,Tiruvallur,-,-,-,-,East flowing rivers between Pennar and Kanyakumari,-,-,-,-,12.96750000,79.97666667,19-03-2026 05:00,16.5
1010,Pennalur Causeway,CWC,33,Tamil Nadu,589,Tiruvallur,-,-,-,-,East flowing rivers between Pennar and Kanyakumari,-,-,-,-,12.96750000,79.97666667,31-03-2026 07:00,1
1011,Pennalur Causeway,CWC,33,Tamil Nadu,589,Tiruvallur,-,-,-,-,East flowing rivers between Pennar and Kanyakumari,-,-,-,-,12.96750000,79.97666667,06-04-2026 11:00,1
1012,Pennalur Causeway,CWC,33,Tamil Nadu,589,Tiruvallur,-,-,-,-,East flowing rivers between Pennar and Kanyakumari,-,-,-,-,12.96750000,79.97666667,06-04-2026 12:00,1.5
1013,Pennalur Causeway,CWC,33,Tamil Nadu,589,Tiruvallur,-,-,-,-,East flowing rivers between Pennar and Kanyakumari,-,-,-,-,12.96750000,79.97666667,06-04-2026 12:00,1.5
1014,Pennalur Causeway,CWC,33,Tamil Nadu,589,Tiruvallur,-,-,-,-,East flowing rivers between Pennar and Kanyakumari,-,-,-,-,12.96750000,79.97666667,06-04-2026 13:00,6.5
1015,Pennalur Causeway,CWC,33,Tamil Nadu,589,Tiruvallur,-,-,-,-,East flowing rivers between Pennar and Kanyakumari,-,-,-,-,12.96750000,79.97666667,06-04-2026 14:00,4
1016,Pennalur Causeway,CWC,33,Tamil Nadu,589,Tiruvallur,-,-,-,-,East flowing rivers between Pennar and Kanyakumari,-,-,-,-,12.96750000,79.97666667,07-04-2026 04:00,4
1017,Pennalur Causeway,CWC,33,Tamil Nadu,589,Tiruvallur,-,-,-,-,East flowing rivers between Pennar and Kanyakumari,-,-,-,-,12.96750000,79.97666667,07-04-2026 05:00,4
1018,Pennalur Causeway,CWC,33,Tamil Nadu,589,Tiruvallur,-,-,-,-,East flowing rivers between Pennar and Kanyakumari,-,-,-,-,12.96750000,79.97666667,10-05-2026 12:00,187
1019,Pennalur Causeway,CWC,33,Tamil Nadu,589,Tiruvallur,-,-,-,-,East flowing rivers between Pennar and Kanyakumari,-,-,-,-,12.96750000,79.97666667,11-05-2026 15:00,149
1020,Pennalur Causeway,CWC,33,Tamil Nadu,589,Tiruvallur,-,-,-,-,East flowing rivers between Pennar and Kanyakumari,-,-,-,-,12.96750000,79.97666667,24-05-2026 11:00,257
1021,Racharla_Gollapally,CWC,33,Tamil Nadu,568,Chennai,CHENNAI,-,-,-,-,-,-,-,-,,,03-02-2026 12:30,160
1022,Racharla_Gollapally,CWC,33,Tamil Nadu,568,Chennai,CHENNAI,-,-,-,-,-,-,-,-,,,24-02-2026 18:30,80
1023,Racharla_Gollapally,CWC,33,Tamil Nadu,568,Chennai,CHENNAI,-,-,-,-,-,-,-,-,,,24-03-2026 14:30,5.5
1024,Racharla_Gollapally,CWC,33,Tamil Nadu,568,Chennai,CHENNAI,-,-,-,-,-,-,-,-,,,24-03-2026 15:30,0.5
1025,Racharla_Gollapally,CWC,33,Tamil Nadu,568,Chennai,CHENNAI,-,-,-,-,-,-,-,-,,,27-03-2026 15:30,96
1026,Racharla_Gollapally,CWC,33,Tamil Nadu,568,Chennai,CHENNAI,-,-,-,-,-,-,-,-,,,30-03-2026 09:30,0.5
1027,Racharla_Gollapally,CWC,33,Tamil Nadu,568,Chennai,CHENNAI,-,-,-,-,-,-,-,-,,,05-04-2026 00:30,1.5
1028,Racharla_Gollapally,CWC,33,Tamil Nadu,568,Chennai,CHENNAI,-,-,-,-,-,-,-,-,,,05-04-2026 01:30,0.5
1029,Racharla_Gollapally,CWC,33,Tamil Nadu,568,Chennai,CHENNAI,-,-,-,-,-,-,-,-,,,05-04-2026 02:30,1
1030,Racharla_Gollapally,CWC,33,Tamil Nadu,568,Chennai,CHENNAI,-,-,-,-,-,-,-,-,,,05-04-2026 03:30,0.5
1031,Racharla_Gollapally,CWC,33,Tamil Nadu,568,Chennai,CHENNAI,-,-,-,-,-,-,-,-,,,05-04-2026 04:30,1
1032,Racharla_Gollapally,CWC,33,Tamil Nadu,568,Chennai,CHENNAI,-,-,-,-,-,-,-,-,,,05-04-2026 05:30,1
1033,Racharla_Gollapally,CWC,33,Tamil Nadu,568,Chennai,CHENNAI,-,-,-,-,-,-,-,-,,,05-04-2026 06:30,0.5
1034,Racharla_Gollapally,CWC,33,Tamil Nadu,568,Chennai,CHENNAI,-,-,-,-,-,-,-,-,,,05-04-2026 07:30,0.5
1035,Racharla_Gollapally,CWC,33,Tamil Nadu,568,Chennai,CHENNAI,-,-,-,-,-,-,-,-,,,05-04-2026 09:30,0.5
1036,Racharla_Gollapally,CWC,33,Tamil Nadu,568,Chennai,CHENNAI,-,-,-,-,-,-,-,-,,,19-04-2026 17:30,0.5
1037,Racharla_Gollapally,CWC,33,Tamil Nadu,568,Chennai,CHENNAI,-,-,-,-,-,-,-,-,,,28-04-2026 06:30,277
1038,SANARPATTI,CWC,33,Tamil Nadu,572,Dindigul,DINDIGUL,-,-,Cauvery,Cauvery,Kodaganar,-,-,Kodaganar,10.28555556,78.09611111,04-01-2026 18:00,52.9
1039,SANARPATTI,CWC,33,Tamil Nadu,572,Dindigul,DINDIGUL,-,-,Cauvery,Cauvery,Kodaganar,-,-,Kodaganar,10.28555556,78.09611111,09-01-2026 10:00,38.4
1040,SANARPATTI,CWC,33,Tamil Nadu,572,Dindigul,DINDIGUL,-,-,Cauvery,Cauvery,Kodaganar,-,-,Kodaganar,10.28555556,78.09611111,09-01-2026 14:00,4.3
1041,SANARPATTI,CWC,33,Tamil Nadu,572,Dindigul,DINDIGUL,-,-,Cauvery,Cauvery,Kodaganar,-,-,Kodaganar,10.28555556,78.09611111,17-01-2026 14:00,18
1042,SANARPATTI,CWC,33,Tamil Nadu,572,Dindigul,DINDIGUL,-,-,Cauvery,Cauvery,Kodaganar,-,-,Kodaganar,10.28555556,78.09611111,05-04-2026 16:00,7.1
1043,SANARPATTI,CWC,33,Tamil Nadu,572,Dindigul,DINDIGUL,-,-,Cauvery,Cauvery,Kodaganar,-,-,Kodaganar,10.28555556,78.09611111,14-04-2026 12:00,75
1044,SANARPATTI,CWC,33,Tamil Nadu,572,Dindigul,DINDIGUL,-,-,Cauvery,Cauvery,Kodaganar,-,-,Kodaganar,10.28555556,78.09611111,14-04-2026 13:00,10.6
1045,SANARPATTI,CWC,33,Tamil Nadu,572,Dindigul,DINDIGUL,-,-,Cauvery,Cauvery,Kodaganar,-,-,Kodaganar,10.28555556,78.09611111,18-04-2026 10:00,1
1046,SANARPATTI,CWC,33,Tamil Nadu,572,Dindigul,DINDIGUL,-,-,Cauvery,Cauvery,Kodaganar,-,-,Kodaganar,10.28555556,78.09611111,26-04-2026 19:00,19.2
1047,SANARPATTI,CWC,33,Tamil Nadu,572,Dindigul,DINDIGUL,-,-,Cauvery,Cauvery,Kodaganar,-,-,Kodaganar,10.28555556,78.09611111,28-04-2026 20:00,70.4
1048,SANARPATTI,CWC,33,Tamil Nadu,572,Dindigul,DINDIGUL,-,-,Cauvery,Cauvery,Kodaganar,-,-,Kodaganar,10.28555556,78.09611111,28-04-2026 21:00,8
1049,SANARPATTI,CWC,33,Tamil Nadu,572,Dindigul,DINDIGUL,-,-,Cauvery,Cauvery,Kodaganar,-,-,Kodaganar,10.28555556,78.09611111,02-05-2026 14:00,19.2
1050,SANARPATTI,CWC,33,Tamil Nadu,572,Dindigul,DINDIGUL,-,-,Cauvery,Cauvery,Kodaganar,-,-,Kodaganar,10.28555556,78.09611111,24-05-2026 09:00,94.5
1051,SANARPATTI,CWC,33,Tamil Nadu,572,Dindigul,DINDIGUL,-,-,Cauvery,Cauvery,Kodaganar,-,-,Kodaganar,10.28555556,78.09611111,26-05-2026 13:00,92
1052,SANARPATTI,CWC,33,Tamil Nadu,572,Dindigul,DINDIGUL,-,-,Cauvery,Cauvery,Kodaganar,-,-,Kodaganar,10.28555556,78.09611111,01-06-2026 12:00,61.4
1053,SANARPATTI,CWC,33,Tamil Nadu,572,Dindigul,DINDIGUL,-,-,Cauvery,Cauvery,Kodaganar,-,-,Kodaganar,10.28555556,78.09611111,01-06-2026 21:00,96.6
1054,SANARPATTI,CWC,33,Tamil Nadu,572,Dindigul,DINDIGUL,-,-,Cauvery,Cauvery,Kodaganar,-,-,Kodaganar,10.28555556,78.09611111,03-06-2026 11:00,8.3
1055,SANARPATTI,CWC,33,Tamil Nadu,572,Dindigul,DINDIGUL,-,-,Cauvery,Cauvery,Kodaganar,-,-,Kodaganar,10.28555556,78.09611111,03-06-2026 15:00,38.4
1056,Sathanur Dam,CWC,33,Tamil Nadu,593,Tiruvannamalai,CHENGAM,-,-,Duplicate-Ponnaiyar,East flowing rivers between Pennar and Kanyakumari,-,-,-,Ponnaiyar,12.20000000,78.59000000,01-01-2026 18:30,6
1057,Sathanur Dam,CWC,33,Tamil Nadu,593,Tiruvannamalai,CHENGAM,-,-,Duplicate-Ponnaiyar,East flowing rivers between Pennar and Kanyakumari,-,-,-,Ponnaiyar,12.20000000,78.59000000,02-01-2026 10:30,0.5
1058,Sathanur Dam,CWC,33,Tamil Nadu,593,Tiruvannamalai,CHENGAM,-,-,Duplicate-Ponnaiyar,East flowing rivers between Pennar and Kanyakumari,-,-,-,Ponnaiyar,12.20000000,78.59000000,04-04-2026 12:30,20
1059,Sathanur Dam,CWC,33,Tamil Nadu,593,Tiruvannamalai,CHENGAM,-,-,Duplicate-Ponnaiyar,East flowing rivers between Pennar and Kanyakumari,-,-,-,Ponnaiyar,12.20000000,78.59000000,06-04-2026 02:30,1
1060,Sathanur Dam,CWC,33,Tamil Nadu,593,Tiruvannamalai,CHENGAM,-,-,Duplicate-Ponnaiyar,East flowing rivers between Pennar and Kanyakumari,-,-,-,Ponnaiyar,12.20000000,78.59000000,06-04-2026 03:30,1
1061,Sathanur Dam,CWC,33,Tamil Nadu,593,Tiruvannamalai,CHENGAM,-,-,Duplicate-Ponnaiyar,East flowing rivers between Pennar and Kanyakumari,-,-,-,Ponnaiyar,12.20000000,78.59000000,06-04-2026 06:30,1
1062,Sathanur Dam,CWC,33,Tamil Nadu,593,Tiruvannamalai,CHENGAM,-,-,Duplicate-Ponnaiyar,East flowing rivers between Pennar and Kanyakumari,-,-,-,Ponnaiyar,12.20000000,78.59000000,07-04-2026 11:30,193
1063,Sathanur Dam,CWC,33,Tamil Nadu,593,Tiruvannamalai,CHENGAM,-,-,Duplicate-Ponnaiyar,East flowing rivers between Pennar and Kanyakumari,-,-,-,Ponnaiyar,12.20000000,78.59000000,07-04-2026 12:30,74.5
1064,Sathanur Dam,CWC,33,Tamil Nadu,593,Tiruvannamalai,CHENGAM,-,-,Duplicate-Ponnaiyar,East flowing rivers between Pennar and Kanyakumari,-,-,-,Ponnaiyar,12.20000000,78.59000000,12-04-2026 05:30,361.5
1065,Sathanur Dam,CWC,33,Tamil Nadu,593,Tiruvannamalai,CHENGAM,-,-,Duplicate-Ponnaiyar,East flowing rivers between Pennar and Kanyakumari,-,-,-,Ponnaiyar,12.20000000,78.59000000,14-04-2026 11:30,452
1066,Sathanur Dam,CWC,33,Tamil Nadu,593,Tiruvannamalai,CHENGAM,-,-,Duplicate-Ponnaiyar,East flowing rivers between Pennar and Kanyakumari,-,-,-,Ponnaiyar,12.20000000,78.59000000,16-04-2026 04:30,15.5
1067,Sathanur Dam,CWC,33,Tamil Nadu,593,Tiruvannamalai,CHENGAM,-,-,Duplicate-Ponnaiyar,East flowing rivers between Pennar and Kanyakumari,-,-,-,Ponnaiyar,12.20000000,78.59000000,16-04-2026 10:30,1.5
1068,Sathanur Dam,CWC,33,Tamil Nadu,593,Tiruvannamalai,CHENGAM,-,-,Duplicate-Ponnaiyar,East flowing rivers between Pennar and Kanyakumari,-,-,-,Ponnaiyar,12.20000000,78.59000000,25-04-2026 17:30,36
1069,Sathanur Dam,CWC,33,Tamil Nadu,593,Tiruvannamalai,CHENGAM,-,-,Duplicate-Ponnaiyar,East flowing rivers between Pennar and Kanyakumari,-,-,-,Ponnaiyar,12.20000000,78.59000000,26-04-2026 07:30,450
1070,Sathanur Dam,CWC,33,Tamil Nadu,593,Tiruvannamalai,CHENGAM,-,-,Duplicate-Ponnaiyar,East flowing rivers between Pennar and Kanyakumari,-,-,-,Ponnaiyar,12.20000000,78.59000000,27-04-2026 04:30,2.5
1071,Sathanur Dam,CWC,33,Tamil Nadu,593,Tiruvannamalai,CHENGAM,-,-,Duplicate-Ponnaiyar,East flowing rivers between Pennar and Kanyakumari,-,-,-,Ponnaiyar,12.20000000,78.59000000,02-05-2026 20:30,3
1072,Sathanur Dam,CWC,33,Tamil Nadu,593,Tiruvannamalai,CHENGAM,-,-,Duplicate-Ponnaiyar,East flowing rivers between Pennar and Kanyakumari,-,-,-,Ponnaiyar,12.20000000,78.59000000,02-05-2026 21:30,6.5
1073,Sathanur Dam,CWC,33,Tamil Nadu,593,Tiruvannamalai,CHENGAM,-,-,Duplicate-Ponnaiyar,East flowing rivers between Pennar and Kanyakumari,-,-,-,Ponnaiyar,12.20000000,78.59000000,02-05-2026 22:30,7
1074,Sathanur Dam,CWC,33,Tamil Nadu,593,Tiruvannamalai,CHENGAM,-,-,Duplicate-Ponnaiyar,East flowing rivers between Pennar and Kanyakumari,-,-,-,Ponnaiyar,12.20000000,78.59000000,02-05-2026 23:30,7
1075,Sathanur Dam,CWC,33,Tamil Nadu,593,Tiruvannamalai,CHENGAM,-,-,Duplicate-Ponnaiyar,East flowing rivers between Pennar and Kanyakumari,-,-,-,Ponnaiyar,12.20000000,78.59000000,12-05-2026 11:30,384
1076,Sathanur Dam,CWC,33,Tamil Nadu,593,Tiruvannamalai,CHENGAM,-,-,Duplicate-Ponnaiyar,East flowing rivers between Pennar and Kanyakumari,-,-,-,Ponnaiyar,12.20000000,78.59000000,14-05-2026 12:30,32
1077,Sathanur Dam,CWC,33,Tamil Nadu,593,Tiruvannamalai,CHENGAM,-,-,Duplicate-Ponnaiyar,East flowing rivers between Pennar and Kanyakumari,-,-,-,Ponnaiyar,12.20000000,78.59000000,18-05-2026 01:30,3.5
1078,Sathanur Dam,CWC,33,Tamil Nadu,593,Tiruvannamalai,CHENGAM,-,-,Duplicate-Ponnaiyar,East flowing rivers between Pennar and Kanyakumari,-,-,-,Ponnaiyar,12.20000000,78.59000000,18-05-2026 03:30,3.5
1079,Sathanur Dam,CWC,33,Tamil Nadu,593,Tiruvannamalai,CHENGAM,-,-,Duplicate-Ponnaiyar,East flowing rivers between Pennar and Kanyakumari,-,-,-,Ponnaiyar,12.20000000,78.59000000,18-05-2026 07:30,3.5
1080,Sathanur Dam,CWC,33,Tamil Nadu,593,Tiruvannamalai,CHENGAM,-,-,Duplicate-Ponnaiyar,East flowing rivers between Pennar and Kanyakumari,-,-,-,Ponnaiyar,12.20000000,78.59000000,23-05-2026 10:30,42.5
1081,Sathanur Dam,CWC,33,Tamil Nadu,593,Tiruvannamalai,CHENGAM,-,-,Duplicate-Ponnaiyar,East flowing rivers between Pennar and Kanyakumari,-,-,-,Ponnaiyar,12.20000000,78.59000000,25-05-2026 07:30,483.5
1082,Sathanur Dam,CWC,33,Tamil Nadu,593,Tiruvannamalai,CHENGAM,-,-,Duplicate-Ponnaiyar,East flowing rivers between Pennar and Kanyakumari,-,-,-,Ponnaiyar,12.20000000,78.59000000,27-05-2026 01:30,3.5
1083,Sathanur Dam,CWC,33,Tamil Nadu,593,Tiruvannamalai,CHENGAM,-,-,Duplicate-Ponnaiyar,East flowing rivers between Pennar and Kanyakumari,-,-,-,Ponnaiyar,12.20000000,78.59000000,27-05-2026 04:30,4
1084,Sathanur Dam,CWC,33,Tamil Nadu,593,Tiruvannamalai,CHENGAM,-,-,Duplicate-Ponnaiyar,East flowing rivers between Pennar and Kanyakumari,-,-,-,Ponnaiyar,12.20000000,78.59000000,27-05-2026 05:30,4
1085,Sathanur Dam,CWC,33,Tamil Nadu,593,Tiruvannamalai,CHENGAM,-,-,Duplicate-Ponnaiyar,East flowing rivers between Pennar and Kanyakumari,-,-,-,Ponnaiyar,12.20000000,78.59000000,27-05-2026 12:30,128
1086,Sathanur Dam,CWC,33,Tamil Nadu,593,Tiruvannamalai,CHENGAM,-,-,Duplicate-Ponnaiyar,East flowing rivers between Pennar and Kanyakumari,-,-,-,Ponnaiyar,12.20000000,78.59000000,29-05-2026 10:30,192
1087,Sathanur Dam,CWC,33,Tamil Nadu,593,Tiruvannamalai,CHENGAM,-,-,Duplicate-Ponnaiyar,East flowing rivers between Pennar and Kanyakumari,-,-,-,Ponnaiyar,12.20000000,78.59000000,31-05-2026 08:30,1
1088,Sikandarpur,CWC,33,Tamil Nadu,568,Chennai,CHENNAI,-,-,-,Ganga,-,-,-,-,26.13333333,85.40000000,01-01-2026 17:00,185
1089,Sikandarpur,CWC,33,Tamil Nadu,568,Chennai,CHENNAI,-,-,-,Ganga,-,-,-,-,26.13333333,85.40000000,11-01-2026 09:00,512
1090,Sikandarpur,CWC,33,Tamil Nadu,568,Chennai,CHENNAI,-,-,-,Ganga,-,-,-,-,26.13333333,85.40000000,29-01-2026 19:00,68
1091,Sikandarpur,CWC,33,Tamil Nadu,568,Chennai,CHENNAI,-,-,-,Ganga,-,-,-,-,26.13333333,85.40000000,02-02-2026 11:00,768
1092,Sikandarpur,CWC,33,Tamil Nadu,568,Chennai,CHENNAI,-,-,-,Ganga,-,-,-,-,26.13333333,85.40000000,05-02-2026 08:00,607
1093,Sikandarpur,CWC,33,Tamil Nadu,568,Chennai,CHENNAI,-,-,-,Ganga,-,-,-,-,26.13333333,85.40000000,15-02-2026 15:00,104
1094,Sikandarpur,CWC,33,Tamil Nadu,568,Chennai,CHENNAI,-,-,-,Ganga,-,-,-,-,26.13333333,85.40000000,19-02-2026 15:00,112
1095,Sikandarpur,CWC,33,Tamil Nadu,568,Chennai,CHENNAI,-,-,-,Ganga,-,-,-,-,26.13333333,85.40000000,17-03-2026 08:00,72
1096,Sikandarpur,CWC,33,Tamil Nadu,568,Chennai,CHENNAI,-,-,-,Ganga,-,-,-,-,26.13333333,85.40000000,18-03-2026 00:00,674
1097,Sikandarpur,CWC,33,Tamil Nadu,568,Chennai,CHENNAI,-,-,-,Ganga,-,-,-,-,26.13333333,85.40000000,30-03-2026 11:00,192
1098,Sikandarpur,CWC,33,Tamil Nadu,568,Chennai,CHENNAI,-,-,-,Ganga,-,-,-,-,26.13333333,85.40000000,06-04-2026 08:00,384
1099,Sikandarpur,CWC,33,Tamil Nadu,568,Chennai,CHENNAI,-,-,-,Ganga,-,-,-,-,26.13333333,85.40000000,08-04-2026 09:00,40
1100,Sikandarpur,CWC,33,Tamil Nadu,568,Chennai,CHENNAI,-,-,-,Ganga,-,-,-,-,26.13333333,85.40000000,17-04-2026 09:00,512
1101,Sikandarpur,CWC,33,Tamil Nadu,568,Chennai,CHENNAI,-,-,-,Ganga,-,-,-,-,26.13333333,85.40000000,16-05-2026 16:00,3
1102,Sikandarpur,CWC,33,Tamil Nadu,568,Chennai,CHENNAI,-,-,-,Ganga,-,-,-,-,26.13333333,85.40000000,27-05-2026 09:00,19
1103,SRI RANGAM,CWC,33,Tamil Nadu,591,Tiruchirappalli,TIRUCHIRAPPALLI,-,-,Cauvery,Cauvery,-,-,-,Cauvery,10.84722222,78.68888889,02-01-2026 08:00,65.3
1104,SRI RANGAM,CWC,33,Tamil Nadu,591,Tiruchirappalli,TIRUCHIRAPPALLI,-,-,Cauvery,Cauvery,-,-,-,Cauvery,10.84722222,78.68888889,10-01-2026 06:00,76.9
1105,SRI RANGAM,CWC,33,Tamil Nadu,591,Tiruchirappalli,TIRUCHIRAPPALLI,-,-,Cauvery,Cauvery,-,-,-,Cauvery,10.84722222,78.68888889,11-01-2026 03:00,79.4
1106,SRI RANGAM,CWC,33,Tamil Nadu,591,Tiruchirappalli,TIRUCHIRAPPALLI,-,-,Cauvery,Cauvery,-,-,-,Cauvery,10.84722222,78.68888889,11-01-2026 06:00,70.9
1107,SRI RANGAM,CWC,33,Tamil Nadu,591,Tiruchirappalli,TIRUCHIRAPPALLI,-,-,Cauvery,Cauvery,-,-,-,Cauvery,10.84722222,78.68888889,12-01-2026 02:00,3
1108,SRI RANGAM,CWC,33,Tamil Nadu,591,Tiruchirappalli,TIRUCHIRAPPALLI,-,-,Cauvery,Cauvery,-,-,-,Cauvery,10.84722222,78.68888889,13-01-2026 02:00,0.1
1109,SRI RANGAM,CWC,33,Tamil Nadu,591,Tiruchirappalli,TIRUCHIRAPPALLI,-,-,Cauvery,Cauvery,-,-,-,Cauvery,10.84722222,78.68888889,29-01-2026 11:00,61.4
1110,SRI RANGAM,CWC,33,Tamil Nadu,591,Tiruchirappalli,TIRUCHIRAPPALLI,-,-,Cauvery,Cauvery,-,-,-,Cauvery,10.84722222,78.68888889,03-02-2026 04:00,0.1
1111,SRI RANGAM,CWC,33,Tamil Nadu,591,Tiruchirappalli,TIRUCHIRAPPALLI,-,-,Cauvery,Cauvery,-,-,-,Cauvery,10.84722222,78.68888889,09-02-2026 03:00,76.8
1112,SRI RANGAM,CWC,33,Tamil Nadu,591,Tiruchirappalli,TIRUCHIRAPPALLI,-,-,Cauvery,Cauvery,-,-,-,Cauvery,10.84722222,78.68888889,25-02-2026 06:00,1
1113,SRI RANGAM,CWC,33,Tamil Nadu,591,Tiruchirappalli,TIRUCHIRAPPALLI,-,-,Cauvery,Cauvery,-,-,-,Cauvery,10.84722222,78.68888889,04-04-2026 12:00,49
1114,SRI RANGAM,CWC,33,Tamil Nadu,591,Tiruchirappalli,TIRUCHIRAPPALLI,-,-,Cauvery,Cauvery,-,-,-,Cauvery,10.84722222,78.68888889,04-04-2026 13:00,58.2
1115,SRI RANGAM,CWC,33,Tamil Nadu,591,Tiruchirappalli,TIRUCHIRAPPALLI,-,-,Cauvery,Cauvery,-,-,-,Cauvery,10.84722222,78.68888889,07-04-2026 00:00,38.4
1116,SRI RANGAM,CWC,33,Tamil Nadu,591,Tiruchirappalli,TIRUCHIRAPPALLI,-,-,Cauvery,Cauvery,-,-,-,Cauvery,10.84722222,78.68888889,07-04-2026 05:00,22.8
1117,SRI RANGAM,CWC,33,Tamil Nadu,591,Tiruchirappalli,TIRUCHIRAPPALLI,-,-,Cauvery,Cauvery,-,-,-,Cauvery,10.84722222,78.68888889,11-04-2026 19:00,10.8
1118,SRI RANGAM,CWC,33,Tamil Nadu,591,Tiruchirappalli,TIRUCHIRAPPALLI,-,-,Cauvery,Cauvery,-,-,-,Cauvery,10.84722222,78.68888889,12-04-2026 01:00,90
1119,SRI RANGAM,CWC,33,Tamil Nadu,591,Tiruchirappalli,TIRUCHIRAPPALLI,-,-,Cauvery,Cauvery,-,-,-,Cauvery,10.84722222,78.68888889,14-04-2026 12:00,12.8
1120,SRI RANGAM,CWC,33,Tamil Nadu,591,Tiruchirappalli,TIRUCHIRAPPALLI,-,-,Cauvery,Cauvery,-,-,-,Cauvery,10.84722222,78.68888889,16-04-2026 03:00,5.8
1121,SRI RANGAM,CWC,33,Tamil Nadu,591,Tiruchirappalli,TIRUCHIRAPPALLI,-,-,Cauvery,Cauvery,-,-,-,Cauvery,10.84722222,78.68888889,17-04-2026 23:00,2.4
1122,SRI RANGAM,CWC,33,Tamil Nadu,591,Tiruchirappalli,TIRUCHIRAPPALLI,-,-,Cauvery,Cauvery,-,-,-,Cauvery,10.84722222,78.68888889,19-04-2026 20:00,0.4
1123,SRI RANGAM,CWC,33,Tamil Nadu,591,Tiruchirappalli,TIRUCHIRAPPALLI,-,-,Cauvery,Cauvery,-,-,-,Cauvery,10.84722222,78.68888889,21-04-2026 08:00,1.6
1124,SRI RANGAM,CWC,33,Tamil Nadu,591,Tiruchirappalli,TIRUCHIRAPPALLI,-,-,Cauvery,Cauvery,-,-,-,Cauvery,10.84722222,78.68888889,25-04-2026 12:00,2.6
1125,SRI RANGAM,CWC,33,Tamil Nadu,591,Tiruchirappalli,TIRUCHIRAPPALLI,-,-,Cauvery,Cauvery,-,-,-,Cauvery,10.84722222,78.68888889,25-04-2026 13:00,38.4
1126,SRI RANGAM,CWC,33,Tamil Nadu,591,Tiruchirappalli,TIRUCHIRAPPALLI,-,-,Cauvery,Cauvery,-,-,-,Cauvery,10.84722222,78.68888889,28-04-2026 00:00,57.6
1127,SRI RANGAM,CWC,33,Tamil Nadu,591,Tiruchirappalli,TIRUCHIRAPPALLI,-,-,Cauvery,Cauvery,-,-,-,Cauvery,10.84722222,78.68888889,28-04-2026 07:00,1.8
1128,SRI RANGAM,CWC,33,Tamil Nadu,591,Tiruchirappalli,TIRUCHIRAPPALLI,-,-,Cauvery,Cauvery,-,-,-,Cauvery,10.84722222,78.68888889,02-05-2026 07:00,83.3
1129,SRI RANGAM,CWC,33,Tamil Nadu,591,Tiruchirappalli,TIRUCHIRAPPALLI,-,-,Cauvery,Cauvery,-,-,-,Cauvery,10.84722222,78.68888889,02-05-2026 16:00,2
1130,SRI RANGAM,CWC,33,Tamil Nadu,591,Tiruchirappalli,TIRUCHIRAPPALLI,-,-,Cauvery,Cauvery,-,-,-,Cauvery,10.84722222,78.68888889,10-05-2026 09:00,64.1
1131,SRI RANGAM,CWC,33,Tamil Nadu,591,Tiruchirappalli,TIRUCHIRAPPALLI,-,-,Cauvery,Cauvery,-,-,-,Cauvery,10.84722222,78.68888889,12-05-2026 20:00,52.1
1132,SRI RANGAM,CWC,33,Tamil Nadu,591,Tiruchirappalli,TIRUCHIRAPPALLI,-,-,Cauvery,Cauvery,-,-,-,Cauvery,10.84722222,78.68888889,15-05-2026 02:00,38.1
1133,SRI RANGAM,CWC,33,Tamil Nadu,591,Tiruchirappalli,TIRUCHIRAPPALLI,-,-,Cauvery,Cauvery,-,-,-,Cauvery,10.84722222,78.68888889,26-05-2026 13:00,91.4
1134,SRI RANGAM,CWC,33,Tamil Nadu,591,Tiruchirappalli,TIRUCHIRAPPALLI,-,-,Cauvery,Cauvery,-,-,-,Cauvery,10.84722222,78.68888889,27-05-2026 00:30,0.7
1135,SRI RANGAM,CWC,33,Tamil Nadu,591,Tiruchirappalli,TIRUCHIRAPPALLI,-,-,Cauvery,Cauvery,-,-,-,Cauvery,10.84722222,78.68888889,29-05-2026 23:00,1.7
1136,SRI RANGAM,CWC,33,Tamil Nadu,591,Tiruchirappalli,TIRUCHIRAPPALLI,-,-,Cauvery,Cauvery,-,-,-,Cauvery,10.84722222,78.68888889,30-05-2026 13:00,51.2
1137,SRI RANGAM,CWC,33,Tamil Nadu,591,Tiruchirappalli,TIRUCHIRAPPALLI,-,-,Cauvery,Cauvery,-,-,-,Cauvery,10.84722222,78.68888889,03-06-2026 21:00,58.8
1138,THENGUMARAHADA,CWC,33,Tamil Nadu,587,Nilgiris,Kotagiri,-,-,Cauvery,Cauvery,Bhavani,Moyar,-,Moyar,11.57277778,76.91916667,02-01-2026 01:00,26
1139,THENGUMARAHADA,CWC,33,Tamil Nadu,587,Nilgiris,Kotagiri,-,-,Cauvery,Cauvery,Bhavani,Moyar,-,Moyar,11.57277778,76.91916667,06-01-2026 10:00,5.8
1140,THENGUMARAHADA,CWC,33,Tamil Nadu,587,Nilgiris,Kotagiri,-,-,Cauvery,Cauvery,Bhavani,Moyar,-,Moyar,11.57277778,76.91916667,06-01-2026 18:00,76.8
1141,THENGUMARAHADA,CWC,33,Tamil Nadu,587,Nilgiris,Kotagiri,-,-,Cauvery,Cauvery,Bhavani,Moyar,-,Moyar,11.57277778,76.91916667,07-01-2026 12:00,32
1142,THENGUMARAHADA,CWC,33,Tamil Nadu,587,Nilgiris,Kotagiri,-,-,Cauvery,Cauvery,Bhavani,Moyar,-,Moyar,11.57277778,76.91916667,08-01-2026 16:00,2.5
1143,THENGUMARAHADA,CWC,33,Tamil Nadu,587,Nilgiris,Kotagiri,-,-,Cauvery,Cauvery,Bhavani,Moyar,-,Moyar,11.57277778,76.91916667,31-01-2026 08:00,8
1144,THENGUMARAHADA,CWC,33,Tamil Nadu,587,Nilgiris,Kotagiri,-,-,Cauvery,Cauvery,Bhavani,Moyar,-,Moyar,11.57277778,76.91916667,31-01-2026 12:00,51.2
1145,THENGUMARAHADA,CWC,33,Tamil Nadu,587,Nilgiris,Kotagiri,-,-,Cauvery,Cauvery,Bhavani,Moyar,-,Moyar,11.57277778,76.91916667,03-02-2026 08:00,36.4
1146,THENGUMARAHADA,CWC,33,Tamil Nadu,587,Nilgiris,Kotagiri,-,-,Cauvery,Cauvery,Bhavani,Moyar,-,Moyar,11.57277778,76.91916667,08-02-2026 12:00,22.4
1147,THENGUMARAHADA,CWC,33,Tamil Nadu,587,Nilgiris,Kotagiri,-,-,Cauvery,Cauvery,Bhavani,Moyar,-,Moyar,11.57277778,76.91916667,08-02-2026 13:00,4.6
1148,THENGUMARAHADA,CWC,33,Tamil Nadu,587,Nilgiris,Kotagiri,-,-,Cauvery,Cauvery,Bhavani,Moyar,-,Moyar,11.57277778,76.91916667,10-02-2026 00:00,38.4
1149,THENGUMARAHADA,CWC,33,Tamil Nadu,587,Nilgiris,Kotagiri,-,-,Cauvery,Cauvery,Bhavani,Moyar,-,Moyar,11.57277778,76.91916667,10-02-2026 03:00,2.1
1150,THENGUMARAHADA,CWC,33,Tamil Nadu,587,Nilgiris,Kotagiri,-,-,Cauvery,Cauvery,Bhavani,Moyar,-,Moyar,11.57277778,76.91916667,10-02-2026 09:00,0.8
1151,THENGUMARAHADA,CWC,33,Tamil Nadu,587,Nilgiris,Kotagiri,-,-,Cauvery,Cauvery,Bhavani,Moyar,-,Moyar,11.57277778,76.91916667,14-02-2026 06:00,2.3
1152,THENGUMARAHADA,CWC,33,Tamil Nadu,587,Nilgiris,Kotagiri,-,-,Cauvery,Cauvery,Bhavani,Moyar,-,Moyar,11.57277778,76.91916667,15-02-2026 09:00,7.6
1153,THENGUMARAHADA,CWC,33,Tamil Nadu,587,Nilgiris,Kotagiri,-,-,Cauvery,Cauvery,Bhavani,Moyar,-,Moyar,11.57277778,76.91916667,23-02-2026 01:00,28.8
1154,THENGUMARAHADA,CWC,33,Tamil Nadu,587,Nilgiris,Kotagiri,-,-,Cauvery,Cauvery,Bhavani,Moyar,-,Moyar,11.57277778,76.91916667,25-02-2026 17:00,76.8
1155,THENGUMARAHADA,CWC,33,Tamil Nadu,587,Nilgiris,Kotagiri,-,-,Cauvery,Cauvery,Bhavani,Moyar,-,Moyar,11.57277778,76.91916667,26-02-2026 04:00,1.7
1156,THENGUMARAHADA,CWC,33,Tamil Nadu,587,Nilgiris,Kotagiri,-,-,Cauvery,Cauvery,Bhavani,Moyar,-,Moyar,11.57277778,76.91916667,02-03-2026 21:00,68
1157,THENGUMARAHADA,CWC,33,Tamil Nadu,587,Nilgiris,Kotagiri,-,-,Cauvery,Cauvery,Bhavani,Moyar,-,Moyar,11.57277778,76.91916667,02-03-2026 22:00,8
1158,THENGUMARAHADA,CWC,33,Tamil Nadu,587,Nilgiris,Kotagiri,-,-,Cauvery,Cauvery,Bhavani,Moyar,-,Moyar,11.57277778,76.91916667,12-04-2026 20:00,4
1159,THENGUMARAHADA,CWC,33,Tamil Nadu,587,Nilgiris,Kotagiri,-,-,Cauvery,Cauvery,Bhavani,Moyar,-,Moyar,11.57277778,76.91916667,12-04-2026 21:00,38.4
1160,THENGUMARAHADA,CWC,33,Tamil Nadu,587,Nilgiris,Kotagiri,-,-,Cauvery,Cauvery,Bhavani,Moyar,-,Moyar,11.57277778,76.91916667,15-04-2026 17:00,0.1
1161,THENGUMARAHADA,CWC,33,Tamil Nadu,587,Nilgiris,Kotagiri,-,-,Cauvery,Cauvery,Bhavani,Moyar,-,Moyar,11.57277778,76.91916667,20-04-2026 13:00,76.8
1162,THENGUMARAHADA,CWC,33,Tamil Nadu,587,Nilgiris,Kotagiri,-,-,Cauvery,Cauvery,Bhavani,Moyar,-,Moyar,11.57277778,76.91916667,23-04-2026 16:00,5.9
1163,THENGUMARAHADA,CWC,33,Tamil Nadu,587,Nilgiris,Kotagiri,-,-,Cauvery,Cauvery,Bhavani,Moyar,-,Moyar,11.57277778,76.91916667,24-04-2026 08:00,14.7
1164,THENGUMARAHADA,CWC,33,Tamil Nadu,587,Nilgiris,Kotagiri,-,-,Cauvery,Cauvery,Bhavani,Moyar,-,Moyar,11.57277778,76.91916667,28-04-2026 02:00,93.1
1165,THENGUMARAHADA,CWC,33,Tamil Nadu,587,Nilgiris,Kotagiri,-,-,Cauvery,Cauvery,Bhavani,Moyar,-,Moyar,11.57277778,76.91916667,28-04-2026 03:00,6.5
1166,THENGUMARAHADA,CWC,33,Tamil Nadu,587,Nilgiris,Kotagiri,-,-,Cauvery,Cauvery,Bhavani,Moyar,-,Moyar,11.57277778,76.91916667,29-04-2026 22:00,50.5
1167,THENGUMARAHADA,CWC,33,Tamil Nadu,587,Nilgiris,Kotagiri,-,-,Cauvery,Cauvery,Bhavani,Moyar,-,Moyar,11.57277778,76.91916667,10-05-2026 10:00,35.1
1168,THENGUMARAHADA,CWC,33,Tamil Nadu,587,Nilgiris,Kotagiri,-,-,Cauvery,Cauvery,Bhavani,Moyar,-,Moyar,11.57277778,76.91916667,21-05-2026 10:00,64.4
1169,THENGUMARAHADA,CWC,33,Tamil Nadu,587,Nilgiris,Kotagiri,-,-,Cauvery,Cauvery,Bhavani,Moyar,-,Moyar,11.57277778,76.91916667,23-05-2026 21:00,76.8
1170,THENGUMARAHADA,CWC,33,Tamil Nadu,587,Nilgiris,Kotagiri,-,-,Cauvery,Cauvery,Bhavani,Moyar,-,Moyar,11.57277778,76.91916667,03-06-2026 16:00,0.9
1171,THENI,CWC,33,Tamil Nadu,588,Theni,THENI,-,-,Duplicate-Vaigai,East flowing rivers between Pennar and Kanyakumari,Suruliar,-,-,Suruliar,10.00111111,77.48500000,01-01-2026 21:00,0.1
1172,THENI,CWC,33,Tamil Nadu,588,Theni,THENI,-,-,Duplicate-Vaigai,East flowing rivers between Pennar and Kanyakumari,Suruliar,-,-,Suruliar,10.00111111,77.48500000,01-01-2026 22:00,2.7
1173,THENI,CWC,33,Tamil Nadu,588,Theni,THENI,-,-,Duplicate-Vaigai,East flowing rivers between Pennar and Kanyakumari,Suruliar,-,-,Suruliar,10.00111111,77.48500000,01-01-2026 23:00,0.1
1174,THENI,CWC,33,Tamil Nadu,588,Theni,THENI,-,-,Duplicate-Vaigai,East flowing rivers between Pennar and Kanyakumari,Suruliar,-,-,Suruliar,10.00111111,77.48500000,02-01-2026 00:00,0.1
1175,THENI,CWC,33,Tamil Nadu,588,Theni,THENI,-,-,Duplicate-Vaigai,East flowing rivers between Pennar and Kanyakumari,Suruliar,-,-,Suruliar,10.00111111,77.48500000,02-01-2026 01:00,0.9
1176,THENI,CWC,33,Tamil Nadu,588,Theni,THENI,-,-,Duplicate-Vaigai,East flowing rivers between Pennar and Kanyakumari,Suruliar,-,-,Suruliar,10.00111111,77.48500000,02-01-2026 02:00,1
1177,THENI,CWC,33,Tamil Nadu,588,Theni,THENI,-,-,Duplicate-Vaigai,East flowing rivers between Pennar and Kanyakumari,Suruliar,-,-,Suruliar,10.00111111,77.48500000,02-01-2026 03:00,0.5
1178,THENI,CWC,33,Tamil Nadu,588,Theni,THENI,-,-,Duplicate-Vaigai,East flowing rivers between Pennar and Kanyakumari,Suruliar,-,-,Suruliar,10.00111111,77.48500000,02-01-2026 04:00,0.1
1179,THENI,CWC,33,Tamil Nadu,588,Theni,THENI,-,-,Duplicate-Vaigai,East flowing rivers between Pennar and Kanyakumari,Suruliar,-,-,Suruliar,10.00111111,77.48500000,02-01-2026 08:00,0.1
1180,THENI,CWC,33,Tamil Nadu,588,Theni,THENI,-,-,Duplicate-Vaigai,East flowing rivers between Pennar and Kanyakumari,Suruliar,-,-,Suruliar,10.00111111,77.48500000,05-01-2026 03:00,83.3
1181,THENI,CWC,33,Tamil Nadu,588,Theni,THENI,-,-,Duplicate-Vaigai,East flowing rivers between Pennar and Kanyakumari,Suruliar,-,-,Suruliar,10.00111111,77.48500000,11-01-2026 09:00,0.2
1182,THENI,CWC,33,Tamil Nadu,588,Theni,THENI,-,-,Duplicate-Vaigai,East flowing rivers between Pennar and Kanyakumari,Suruliar,-,-,Suruliar,10.00111111,77.48500000,11-01-2026 11:00,0.1
1183,THENI,CWC,33,Tamil Nadu,588,Theni,THENI,-,-,Duplicate-Vaigai,East flowing rivers between Pennar and Kanyakumari,Suruliar,-,-,Suruliar,10.00111111,77.48500000,11-01-2026 13:00,0.2
1184,THENI,CWC,33,Tamil Nadu,588,Theni,THENI,-,-,Duplicate-Vaigai,East flowing rivers between Pennar and Kanyakumari,Suruliar,-,-,Suruliar,10.00111111,77.48500000,11-01-2026 14:00,0.4
1185,THENI,CWC,33,Tamil Nadu,588,Theni,THENI,-,-,Duplicate-Vaigai,East flowing rivers between Pennar and Kanyakumari,Suruliar,-,-,Suruliar,10.00111111,77.48500000,11-01-2026 15:00,0.2
1186,THENI,CWC,33,Tamil Nadu,588,Theni,THENI,-,-,Duplicate-Vaigai,East flowing rivers between Pennar and Kanyakumari,Suruliar,-,-,Suruliar,10.00111111,77.48500000,11-01-2026 16:00,0.2
1187,THENI,CWC,33,Tamil Nadu,588,Theni,THENI,-,-,Duplicate-Vaigai,East flowing rivers between Pennar and Kanyakumari,Suruliar,-,-,Suruliar,10.00111111,77.48500000,11-01-2026 17:00,0.8
1188,THENI,CWC,33,Tamil Nadu,588,Theni,THENI,-,-,Duplicate-Vaigai,East flowing rivers between Pennar and Kanyakumari,Suruliar,-,-,Suruliar,10.00111111,77.48500000,11-01-2026 18:00,0.2
1189,THENI,CWC,33,Tamil Nadu,588,Theni,THENI,-,-,Duplicate-Vaigai,East flowing rivers between Pennar and Kanyakumari,Suruliar,-,-,Suruliar,10.00111111,77.48500000,11-01-2026 19:00,0.1
1190,THENI,CWC,33,Tamil Nadu,588,Theni,THENI,-,-,Duplicate-Vaigai,East flowing rivers between Pennar and Kanyakumari,Suruliar,-,-,Suruliar,10.00111111,77.48500000,11-01-2026 20:00,0.1
1191,THENI,CWC,33,Tamil Nadu,588,Theni,THENI,-,-,Duplicate-Vaigai,East flowing rivers between Pennar and Kanyakumari,Suruliar,-,-,Suruliar,10.00111111,77.48500000,11-01-2026 21:00,1
1192,THENI,CWC,33,Tamil Nadu,588,Theni,THENI,-,-,Duplicate-Vaigai,East flowing rivers between Pennar and Kanyakumari,Suruliar,-,-,Suruliar,10.00111111,77.48500000,11-01-2026 22:00,0.1
1193,THENI,CWC,33,Tamil Nadu,588,Theni,THENI,-,-,Duplicate-Vaigai,East flowing rivers between Pennar and Kanyakumari,Suruliar,-,-,Suruliar,10.00111111,77.48500000,12-01-2026 00:00,0.1
1194,THENI,CWC,33,Tamil Nadu,588,Theni,THENI,-,-,Duplicate-Vaigai,East flowing rivers between Pennar and Kanyakumari,Suruliar,-,-,Suruliar,10.00111111,77.48500000,12-01-2026 02:00,1
1195,THENI,CWC,33,Tamil Nadu,588,Theni,THENI,-,-,Duplicate-Vaigai,East flowing rivers between Pennar and Kanyakumari,Suruliar,-,-,Suruliar,10.00111111,77.48500000,13-01-2026 00:00,0.1
1196,THENI,CWC,33,Tamil Nadu,588,Theni,THENI,-,-,Duplicate-Vaigai,East flowing rivers between Pennar and Kanyakumari,Suruliar,-,-,Suruliar,10.00111111,77.48500000,13-01-2026 02:00,0.1
1197,THENI,CWC,33,Tamil Nadu,588,Theni,THENI,-,-,Duplicate-Vaigai,East flowing rivers between Pennar and Kanyakumari,Suruliar,-,-,Suruliar,10.00111111,77.48500000,13-01-2026 05:00,0.1
1198,THENI,CWC,33,Tamil Nadu,588,Theni,THENI,-,-,Duplicate-Vaigai,East flowing rivers between Pennar and Kanyakumari,Suruliar,-,-,Suruliar,10.00111111,77.48500000,13-01-2026 08:00,0.1
1199,THENI,CWC,33,Tamil Nadu,588,Theni,THENI,-,-,Duplicate-Vaigai,East flowing rivers between Pennar and Kanyakumari,Suruliar,-,-,Suruliar,10.00111111,77.48500000,13-01-2026 20:00,0.1
1200,THENI,CWC,33,Tamil Nadu,588,Theni,THENI,-,-,Duplicate-Vaigai,East flowing rivers between Pennar and Kanyakumari,Suruliar,-,-,Suruliar,10.00111111,77.48500000,02-02-2026 15:00,7.4
1201,THENI,CWC,33,Tamil Nadu,588,Theni,THENI,-,-,Duplicate-Vaigai,East flowing rivers between Pennar and Kanyakumari,Suruliar,-,-,Suruliar,10.00111111,77.48500000,08-02-2026 21:00,8.2
1202,THENI,CWC,33,Tamil Nadu,588,Theni,THENI,-,-,Duplicate-Vaigai,East flowing rivers between Pennar and Kanyakumari,Suruliar,-,-,Suruliar,10.00111111,77.48500000,18-02-2026 00:00,17.4
1203,THENI,CWC,33,Tamil Nadu,588,Theni,THENI,-,-,Duplicate-Vaigai,East flowing rivers between Pennar and Kanyakumari,Suruliar,-,-,Suruliar,10.00111111,77.48500000,20-02-2026 06:00,0.1
1204,THENI,CWC,33,Tamil Nadu,588,Theni,THENI,-,-,Duplicate-Vaigai,East flowing rivers between Pennar and Kanyakumari,Suruliar,-,-,Suruliar,10.00111111,77.48500000,23-02-2026 00:00,0.1
1205,THENI,CWC,33,Tamil Nadu,588,Theni,THENI,-,-,Duplicate-Vaigai,East flowing rivers between Pennar and Kanyakumari,Suruliar,-,-,Suruliar,10.00111111,77.48500000,23-02-2026 03:00,0.1
1206,THENI,CWC,33,Tamil Nadu,588,Theni,THENI,-,-,Duplicate-Vaigai,East flowing rivers between Pennar and Kanyakumari,Suruliar,-,-,Suruliar,10.00111111,77.48500000,23-02-2026 04:00,0.1
1207,THENI,CWC,33,Tamil Nadu,588,Theni,THENI,-,-,Duplicate-Vaigai,East flowing rivers between Pennar and Kanyakumari,Suruliar,-,-,Suruliar,10.00111111,77.48500000,23-02-2026 09:00,0.1
1208,THENI,CWC,33,Tamil Nadu,588,Theni,THENI,-,-,Duplicate-Vaigai,East flowing rivers between Pennar and Kanyakumari,Suruliar,-,-,Suruliar,10.00111111,77.48500000,26-02-2026 02:00,3
1209,THENI,CWC,33,Tamil Nadu,588,Theni,THENI,-,-,Duplicate-Vaigai,East flowing rivers between Pennar and Kanyakumari,Suruliar,-,-,Suruliar,10.00111111,77.48500000,26-02-2026 03:00,0.1
1210,THENI,CWC,33,Tamil Nadu,588,Theni,THENI,-,-,Duplicate-Vaigai,East flowing rivers between Pennar and Kanyakumari,Suruliar,-,-,Suruliar,10.00111111,77.48500000,26-02-2026 05:00,0.1
1211,THENI,CWC,33,Tamil Nadu,588,Theni,THENI,-,-,Duplicate-Vaigai,East flowing rivers between Pennar and Kanyakumari,Suruliar,-,-,Suruliar,10.00111111,77.48500000,26-02-2026 19:00,0.1
1212,THENI,CWC,33,Tamil Nadu,588,Theni,THENI,-,-,Duplicate-Vaigai,East flowing rivers between Pennar and Kanyakumari,Suruliar,-,-,Suruliar,10.00111111,77.48500000,27-02-2026 01:00,0.3
1213,THENI,CWC,33,Tamil Nadu,588,Theni,THENI,-,-,Duplicate-Vaigai,East flowing rivers between Pennar and Kanyakumari,Suruliar,-,-,Suruliar,10.00111111,77.48500000,27-02-2026 02:00,0.1
1214,THENI,CWC,33,Tamil Nadu,588,Theni,THENI,-,-,Duplicate-Vaigai,East flowing rivers between Pennar and Kanyakumari,Suruliar,-,-,Suruliar,10.00111111,77.48500000,27-02-2026 07:00,0.1
1215,THENI,CWC,33,Tamil Nadu,588,Theni,THENI,-,-,Duplicate-Vaigai,East flowing rivers between Pennar and Kanyakumari,Suruliar,-,-,Suruliar,10.00111111,77.48500000,28-02-2026 02:00,0.3
1216,THENI,CWC,33,Tamil Nadu,588,Theni,THENI,-,-,Duplicate-Vaigai,East flowing rivers between Pennar and Kanyakumari,Suruliar,-,-,Suruliar,10.00111111,77.48500000,02-03-2026 13:00,8
1217,THENI,CWC,33,Tamil Nadu,588,Theni,THENI,-,-,Duplicate-Vaigai,East flowing rivers between Pennar and Kanyakumari,Suruliar,-,-,Suruliar,10.00111111,77.48500000,18-03-2026 17:00,0.4
1218,THENI,CWC,33,Tamil Nadu,588,Theni,THENI,-,-,Duplicate-Vaigai,East flowing rivers between Pennar and Kanyakumari,Suruliar,-,-,Suruliar,10.00111111,77.48500000,18-03-2026 18:00,0.2
1219,THENI,CWC,33,Tamil Nadu,588,Theni,THENI,-,-,Duplicate-Vaigai,East flowing rivers between Pennar and Kanyakumari,Suruliar,-,-,Suruliar,10.00111111,77.48500000,26-03-2026 09:00,57.6
1220,THENI,CWC,33,Tamil Nadu,588,Theni,THENI,-,-,Duplicate-Vaigai,East flowing rivers between Pennar and Kanyakumari,Suruliar,-,-,Suruliar,10.00111111,77.48500000,08-04-2026 19:00,0.4
1221,THENI,CWC,33,Tamil Nadu,588,Theni,THENI,-,-,Duplicate-Vaigai,East flowing rivers between Pennar and Kanyakumari,Suruliar,-,-,Suruliar,10.00111111,77.48500000,08-04-2026 20:00,0.9
1222,THENI,CWC,33,Tamil Nadu,588,Theni,THENI,-,-,Duplicate-Vaigai,East flowing rivers between Pennar and Kanyakumari,Suruliar,-,-,Suruliar,10.00111111,77.48500000,08-04-2026 22:00,0.1
1223,THENI,CWC,33,Tamil Nadu,588,Theni,THENI,-,-,Duplicate-Vaigai,East flowing rivers between Pennar and Kanyakumari,Suruliar,-,-,Suruliar,10.00111111,77.48500000,09-04-2026 00:00,0.5
1224,THENI,CWC,33,Tamil Nadu,588,Theni,THENI,-,-,Duplicate-Vaigai,East flowing rivers between Pennar and Kanyakumari,Suruliar,-,-,Suruliar,10.00111111,77.48500000,09-04-2026 02:00,0.5
1225,THENI,CWC,33,Tamil Nadu,588,Theni,THENI,-,-,Duplicate-Vaigai,East flowing rivers between Pennar and Kanyakumari,Suruliar,-,-,Suruliar,10.00111111,77.48500000,01-05-2026 04:00,0.1
1226,THENI,CWC,33,Tamil Nadu,588,Theni,THENI,-,-,Duplicate-Vaigai,East flowing rivers between Pennar and Kanyakumari,Suruliar,-,-,Suruliar,10.00111111,77.48500000,01-05-2026 05:00,0.1
1227,THENI,CWC,33,Tamil Nadu,588,Theni,THENI,-,-,Duplicate-Vaigai,East flowing rivers between Pennar and Kanyakumari,Suruliar,-,-,Suruliar,10.00111111,77.48500000,01-05-2026 06:00,0.1
1228,THENI,CWC,33,Tamil Nadu,588,Theni,THENI,-,-,Duplicate-Vaigai,East flowing rivers between Pennar and Kanyakumari,Suruliar,-,-,Suruliar,10.00111111,77.48500000,01-05-2026 07:00,0.1
1229,THENI,CWC,33,Tamil Nadu,588,Theni,THENI,-,-,Duplicate-Vaigai,East flowing rivers between Pennar and Kanyakumari,Suruliar,-,-,Suruliar,10.00111111,77.48500000,02-05-2026 20:00,0.2
1230,THENI,CWC,33,Tamil Nadu,588,Theni,THENI,-,-,Duplicate-Vaigai,East flowing rivers between Pennar and Kanyakumari,Suruliar,-,-,Suruliar,10.00111111,77.48500000,02-05-2026 21:00,0.2
1231,THENI,CWC,33,Tamil Nadu,588,Theni,THENI,-,-,Duplicate-Vaigai,East flowing rivers between Pennar and Kanyakumari,Suruliar,-,-,Suruliar,10.00111111,77.48500000,02-05-2026 22:00,0.2
1232,THENI,CWC,33,Tamil Nadu,588,Theni,THENI,-,-,Duplicate-Vaigai,East flowing rivers between Pennar and Kanyakumari,Suruliar,-,-,Suruliar,10.00111111,77.48500000,02-05-2026 23:00,0.2
1233,THENI,CWC,33,Tamil Nadu,588,Theni,THENI,-,-,Duplicate-Vaigai,East flowing rivers between Pennar and Kanyakumari,Suruliar,-,-,Suruliar,10.00111111,77.48500000,03-05-2026 01:00,0.2
1234,THENI,CWC,33,Tamil Nadu,588,Theni,THENI,-,-,Duplicate-Vaigai,East flowing rivers between Pennar and Kanyakumari,Suruliar,-,-,Suruliar,10.00111111,77.48500000,03-05-2026 02:00,0.2
1235,THENI,CWC,33,Tamil Nadu,588,Theni,THENI,-,-,Duplicate-Vaigai,East flowing rivers between Pennar and Kanyakumari,Suruliar,-,-,Suruliar,10.00111111,77.48500000,13-05-2026 22:00,0.1
1236,THENI,CWC,33,Tamil Nadu,588,Theni,THENI,-,-,Duplicate-Vaigai,East flowing rivers between Pennar and Kanyakumari,Suruliar,-,-,Suruliar,10.00111111,77.48500000,14-05-2026 21:00,0.1
1237,THENI,CWC,33,Tamil Nadu,588,Theni,THENI,-,-,Duplicate-Vaigai,East flowing rivers between Pennar and Kanyakumari,Suruliar,-,-,Suruliar,10.00111111,77.48500000,14-05-2026 22:00,0.1
1238,THENI,CWC,33,Tamil Nadu,588,Theni,THENI,-,-,Duplicate-Vaigai,East flowing rivers between Pennar and Kanyakumari,Suruliar,-,-,Suruliar,10.00111111,77.48500000,14-05-2026 23:00,0.1
1239,THENI,CWC,33,Tamil Nadu,588,Theni,THENI,-,-,Duplicate-Vaigai,East flowing rivers between Pennar and Kanyakumari,Suruliar,-,-,Suruliar,10.00111111,77.48500000,15-05-2026 00:00,0.1
1240,THENI,CWC,33,Tamil Nadu,588,Theni,THENI,-,-,Duplicate-Vaigai,East flowing rivers between Pennar and Kanyakumari,Suruliar,-,-,Suruliar,10.00111111,77.48500000,15-05-2026 01:00,0.1
1241,THENI,CWC,33,Tamil Nadu,588,Theni,THENI,-,-,Duplicate-Vaigai,East flowing rivers between Pennar and Kanyakumari,Suruliar,-,-,Suruliar,10.00111111,77.48500000,15-05-2026 02:00,0.1
1242,THENI,CWC,33,Tamil Nadu,588,Theni,THENI,-,-,Duplicate-Vaigai,East flowing rivers between Pennar and Kanyakumari,Suruliar,-,-,Suruliar,10.00111111,77.48500000,17-05-2026 16:00,0.1
1243,THENI,CWC,33,Tamil Nadu,588,Theni,THENI,-,-,Duplicate-Vaigai,East flowing rivers between Pennar and Kanyakumari,Suruliar,-,-,Suruliar,10.00111111,77.48500000,17-05-2026 17:00,0.2
1244,THENI,CWC,33,Tamil Nadu,588,Theni,THENI,-,-,Duplicate-Vaigai,East flowing rivers between Pennar and Kanyakumari,Suruliar,-,-,Suruliar,10.00111111,77.48500000,17-05-2026 18:00,0.2
1245,THENI,CWC,33,Tamil Nadu,588,Theni,THENI,-,-,Duplicate-Vaigai,East flowing rivers between Pennar and Kanyakumari,Suruliar,-,-,Suruliar,10.00111111,77.48500000,17-05-2026 19:00,0.2
1246,THENI,CWC,33,Tamil Nadu,588,Theni,THENI,-,-,Duplicate-Vaigai,East flowing rivers between Pennar and Kanyakumari,Suruliar,-,-,Suruliar,10.00111111,77.48500000,17-05-2026 20:00,0.2
1247,THENI,CWC,33,Tamil Nadu,588,Theni,THENI,-,-,Duplicate-Vaigai,East flowing rivers between Pennar and Kanyakumari,Suruliar,-,-,Suruliar,10.00111111,77.48500000,17-05-2026 21:00,0.2
1248,THENI,CWC,33,Tamil Nadu,588,Theni,THENI,-,-,Duplicate-Vaigai,East flowing rivers between Pennar and Kanyakumari,Suruliar,-,-,Suruliar,10.00111111,77.48500000,17-05-2026 22:00,0.2
1249,THENI,CWC,33,Tamil Nadu,588,Theni,THENI,-,-,Duplicate-Vaigai,East flowing rivers between Pennar and Kanyakumari,Suruliar,-,-,Suruliar,10.00111111,77.48500000,17-05-2026 23:00,0.2
1250,THENI,CWC,33,Tamil Nadu,588,Theni,THENI,-,-,Duplicate-Vaigai,East flowing rivers between Pennar and Kanyakumari,Suruliar,-,-,Suruliar,10.00111111,77.48500000,18-05-2026 00:00,0.2
1251,THENI,CWC,33,Tamil Nadu,588,Theni,THENI,-,-,Duplicate-Vaigai,East flowing rivers between Pennar and Kanyakumari,Suruliar,-,-,Suruliar,10.00111111,77.48500000,18-05-2026 01:00,0.2
1252,THENI,CWC,33,Tamil Nadu,588,Theni,THENI,-,-,Duplicate-Vaigai,East flowing rivers between Pennar and Kanyakumari,Suruliar,-,-,Suruliar,10.00111111,77.48500000,18-05-2026 02:00,0.3
1253,THENI,CWC,33,Tamil Nadu,588,Theni,THENI,-,-,Duplicate-Vaigai,East flowing rivers between Pennar and Kanyakumari,Suruliar,-,-,Suruliar,10.00111111,77.48500000,23-05-2026 19:00,0.3
1254,THENI,CWC,33,Tamil Nadu,588,Theni,THENI,-,-,Duplicate-Vaigai,East flowing rivers between Pennar and Kanyakumari,Suruliar,-,-,Suruliar,10.00111111,77.48500000,23-05-2026 20:00,0.2
1255,THENI,CWC,33,Tamil Nadu,588,Theni,THENI,-,-,Duplicate-Vaigai,East flowing rivers between Pennar and Kanyakumari,Suruliar,-,-,Suruliar,10.00111111,77.48500000,23-05-2026 21:00,0.1
1256,THENI,CWC,33,Tamil Nadu,588,Theni,THENI,-,-,Duplicate-Vaigai,East flowing rivers between Pennar and Kanyakumari,Suruliar,-,-,Suruliar,10.00111111,77.48500000,24-05-2026 02:00,0.1
1257,THENI,CWC,33,Tamil Nadu,588,Theni,THENI,-,-,Duplicate-Vaigai,East flowing rivers between Pennar and Kanyakumari,Suruliar,-,-,Suruliar,10.00111111,77.48500000,31-05-2026 16:00,0.2
1258,THENI,CWC,33,Tamil Nadu,588,Theni,THENI,-,-,Duplicate-Vaigai,East flowing rivers between Pennar and Kanyakumari,Suruliar,-,-,Suruliar,10.00111111,77.48500000,31-05-2026 17:00,0.2
1259,THENI,CWC,33,Tamil Nadu,588,Theni,THENI,-,-,Duplicate-Vaigai,East flowing rivers between Pennar and Kanyakumari,Suruliar,-,-,Suruliar,10.00111111,77.48500000,31-05-2026 18:00,0.3
1260,THENI,CWC,33,Tamil Nadu,588,Theni,THENI,-,-,Duplicate-Vaigai,East flowing rivers between Pennar and Kanyakumari,Suruliar,-,-,Suruliar,10.00111111,77.48500000,31-05-2026 19:00,0.4
1261,THENI,CWC,33,Tamil Nadu,588,Theni,THENI,-,-,Duplicate-Vaigai,East flowing rivers between Pennar and Kanyakumari,Suruliar,-,-,Suruliar,10.00111111,77.48500000,31-05-2026 20:00,0.4
1262,THENI,CWC,33,Tamil Nadu,588,Theni,THENI,-,-,Duplicate-Vaigai,East flowing rivers between Pennar and Kanyakumari,Suruliar,-,-,Suruliar,10.00111111,77.48500000,31-05-2026 21:00,0.5
1263,THENI,CWC,33,Tamil Nadu,588,Theni,THENI,-,-,Duplicate-Vaigai,East flowing rivers between Pennar and Kanyakumari,Suruliar,-,-,Suruliar,10.00111111,77.48500000,31-05-2026 22:00,0.5
1264,THENI,CWC,33,Tamil Nadu,588,Theni,THENI,-,-,Duplicate-Vaigai,East flowing rivers between Pennar and Kanyakumari,Suruliar,-,-,Suruliar,10.00111111,77.48500000,31-05-2026 23:00,0.5
1265,THENI,CWC,33,Tamil Nadu,588,Theni,THENI,-,-,Duplicate-Vaigai,East flowing rivers between Pennar and Kanyakumari,Suruliar,-,-,Suruliar,10.00111111,77.48500000,01-06-2026 00:00,0.5
1266,THENI,CWC,33,Tamil Nadu,588,Theni,THENI,-,-,Duplicate-Vaigai,East flowing rivers between Pennar and Kanyakumari,Suruliar,-,-,Suruliar,10.00111111,77.48500000,01-06-2026 01:00,0.5
1267,THENI,CWC,33,Tamil Nadu,588,Theni,THENI,-,-,Duplicate-Vaigai,East flowing rivers between Pennar and Kanyakumari,Suruliar,-,-,Suruliar,10.00111111,77.48500000,01-06-2026 02:00,0.5
1268,THENI,CWC,33,Tamil Nadu,588,Theni,THENI,-,-,Duplicate-Vaigai,East flowing rivers between Pennar and Kanyakumari,Suruliar,-,-,Suruliar,10.00111111,77.48500000,01-06-2026 17:00,0.1
1269,THENI,CWC,33,Tamil Nadu,588,Theni,THENI,-,-,Duplicate-Vaigai,East flowing rivers between Pennar and Kanyakumari,Suruliar,-,-,Suruliar,10.00111111,77.48500000,02-06-2026 14:00,0.1
1270,THENI,CWC,33,Tamil Nadu,588,Theni,THENI,-,-,Duplicate-Vaigai,East flowing rivers between Pennar and Kanyakumari,Suruliar,-,-,Suruliar,10.00111111,77.48500000,02-06-2026 15:00,0.3
1271,THENI,CWC,33,Tamil Nadu,588,Theni,THENI,-,-,Duplicate-Vaigai,East flowing rivers between Pennar and Kanyakumari,Suruliar,-,-,Suruliar,10.00111111,77.48500000,02-06-2026 16:00,0.3
1272,THENI,CWC,33,Tamil Nadu,588,Theni,THENI,-,-,Duplicate-Vaigai,East flowing rivers between Pennar and Kanyakumari,Suruliar,-,-,Suruliar,10.00111111,77.48500000,02-06-2026 17:00,0.1
1273,THENI,CWC,33,Tamil Nadu,588,Theni,THENI,-,-,Duplicate-Vaigai,East flowing rivers between Pennar and Kanyakumari,Suruliar,-,-,Suruliar,10.00111111,77.48500000,02-06-2026 18:00,0.3
1274,THENI,CWC,33,Tamil Nadu,588,Theni,THENI,-,-,Duplicate-Vaigai,East flowing rivers between Pennar and Kanyakumari,Suruliar,-,-,Suruliar,10.00111111,77.48500000,02-06-2026 19:00,0.1
1275,THENI,CWC,33,Tamil Nadu,588,Theni,THENI,-,-,Duplicate-Vaigai,East flowing rivers between Pennar and Kanyakumari,Suruliar,-,-,Suruliar,10.00111111,77.48500000,02-06-2026 22:00,0.4
1276,THENI,CWC,33,Tamil Nadu,588,Theni,THENI,-,-,Duplicate-Vaigai,East flowing rivers between Pennar and Kanyakumari,Suruliar,-,-,Suruliar,10.00111111,77.48500000,02-06-2026 23:00,0.4
1277,THENI,CWC,33,Tamil Nadu,588,Theni,THENI,-,-,Duplicate-Vaigai,East flowing rivers between Pennar and Kanyakumari,Suruliar,-,-,Suruliar,10.00111111,77.48500000,03-06-2026 00:00,0.4
1278,THENI,CWC,33,Tamil Nadu,588,Theni,THENI,-,-,Duplicate-Vaigai,East flowing rivers between Pennar and Kanyakumari,Suruliar,-,-,Suruliar,10.00111111,77.48500000,03-06-2026 11:00,0.1
1279,THENI,CWC,33,Tamil Nadu,588,Theni,THENI,-,-,Duplicate-Vaigai,East flowing rivers between Pennar and Kanyakumari,Suruliar,-,-,Suruliar,10.00111111,77.48500000,03-06-2026 12:00,0.1
1280,THENI,CWC,33,Tamil Nadu,588,Theni,THENI,-,-,Duplicate-Vaigai,East flowing rivers between Pennar and Kanyakumari,Suruliar,-,-,Suruliar,10.00111111,77.48500000,03-06-2026 13:00,0.1
1281,THENI,CWC,33,Tamil Nadu,588,Theni,THENI,-,-,Duplicate-Vaigai,East flowing rivers between Pennar and Kanyakumari,Suruliar,-,-,Suruliar,10.00111111,77.48500000,03-06-2026 14:00,0.1
1282,THENI,CWC,33,Tamil Nadu,588,Theni,THENI,-,-,Duplicate-Vaigai,East flowing rivers between Pennar and Kanyakumari,Suruliar,-,-,Suruliar,10.00111111,77.48500000,03-06-2026 15:00,0.1
1283,THENI,CWC,33,Tamil Nadu,588,Theni,THENI,-,-,Duplicate-Vaigai,East flowing rivers between Pennar and Kanyakumari,Suruliar,-,-,Suruliar,10.00111111,77.48500000,03-06-2026 16:00,0.1
1284,THENI,CWC,33,Tamil Nadu,588,Theni,THENI,-,-,Duplicate-Vaigai,East flowing rivers between Pennar and Kanyakumari,Suruliar,-,-,Suruliar,10.00111111,77.48500000,03-06-2026 17:00,0.1
1285,THENI,CWC,33,Tamil Nadu,588,Theni,THENI,-,-,Duplicate-Vaigai,East flowing rivers between Pennar and Kanyakumari,Suruliar,-,-,Suruliar,10.00111111,77.48500000,03-06-2026 18:00,0.1
1286,THENI,CWC,33,Tamil Nadu,588,Theni,THENI,-,-,Duplicate-Vaigai,East flowing rivers between Pennar and Kanyakumari,Suruliar,-,-,Suruliar,10.00111111,77.48500000,03-06-2026 19:00,0.1
1287,THENI,CWC,33,Tamil Nadu,588,Theni,THENI,-,-,Duplicate-Vaigai,East flowing rivers between Pennar and Kanyakumari,Suruliar,-,-,Suruliar,10.00111111,77.48500000,03-06-2026 20:00,0.1
1288,THENI,CWC,33,Tamil Nadu,588,Theni,THENI,-,-,Duplicate-Vaigai,East flowing rivers between Pennar and Kanyakumari,Suruliar,-,-,Suruliar,10.00111111,77.48500000,03-06-2026 21:00,0.1
1289,THENI,CWC,33,Tamil Nadu,588,Theni,THENI,-,-,Duplicate-Vaigai,East flowing rivers between Pennar and Kanyakumari,Suruliar,-,-,Suruliar,10.00111111,77.48500000,03-06-2026 22:00,0.1
1290,THENI,CWC,33,Tamil Nadu,588,Theni,THENI,-,-,Duplicate-Vaigai,East flowing rivers between Pennar and Kanyakumari,Suruliar,-,-,Suruliar,10.00111111,77.48500000,03-06-2026 23:00,0.1
1291,UPPER ANICUT,CWC,33,Tamil Nadu,591,Tiruchirappalli,TIRUCHIRAPPALLI,-,-,Cauvery,Cauvery,-,-,-,Cauvery,10.88861111,78.58000000,02-01-2026 01:00,18.5
1292,UPPER ANICUT,CWC,33,Tamil Nadu,591,Tiruchirappalli,TIRUCHIRAPPALLI,-,-,Cauvery,Cauvery,-,-,-,Cauvery,10.88861111,78.58000000,03-01-2026 21:00,38.9
1293,UPPER ANICUT,CWC,33,Tamil Nadu,591,Tiruchirappalli,TIRUCHIRAPPALLI,-,-,Cauvery,Cauvery,-,-,-,Cauvery,10.88861111,78.58000000,12-01-2026 11:00,19.2
1294,UPPER ANICUT,CWC,33,Tamil Nadu,591,Tiruchirappalli,TIRUCHIRAPPALLI,-,-,Cauvery,Cauvery,-,-,-,Cauvery,10.88861111,78.58000000,15-01-2026 10:30,38.4
1295,UPPER ANICUT,CWC,33,Tamil Nadu,591,Tiruchirappalli,TIRUCHIRAPPALLI,-,-,Cauvery,Cauvery,-,-,-,Cauvery,10.88861111,78.58000000,16-01-2026 00:00,9.6
1296,UPPER ANICUT,CWC,33,Tamil Nadu,591,Tiruchirappalli,TIRUCHIRAPPALLI,-,-,Cauvery,Cauvery,-,-,-,Cauvery,10.88861111,78.58000000,17-01-2026 10:00,9.6
1297,UPPER ANICUT,CWC,33,Tamil Nadu,591,Tiruchirappalli,TIRUCHIRAPPALLI,-,-,Cauvery,Cauvery,-,-,-,Cauvery,10.88861111,78.58000000,28-01-2026 15:00,6.5
1298,UPPER ANICUT,CWC,33,Tamil Nadu,591,Tiruchirappalli,TIRUCHIRAPPALLI,-,-,Cauvery,Cauvery,-,-,-,Cauvery,10.88861111,78.58000000,31-01-2026 16:00,37.8
1299,UPPER ANICUT,CWC,33,Tamil Nadu,591,Tiruchirappalli,TIRUCHIRAPPALLI,-,-,Cauvery,Cauvery,-,-,-,Cauvery,10.88861111,78.58000000,01-02-2026 20:00,1
1300,UPPER ANICUT,CWC,33,Tamil Nadu,591,Tiruchirappalli,TIRUCHIRAPPALLI,-,-,Cauvery,Cauvery,-,-,-,Cauvery,10.88861111,78.58000000,01-02-2026 21:00,2.5
1301,UPPER ANICUT,CWC,33,Tamil Nadu,591,Tiruchirappalli,TIRUCHIRAPPALLI,-,-,Cauvery,Cauvery,-,-,-,Cauvery,10.88861111,78.58000000,02-02-2026 08:00,7.4
1302,UPPER ANICUT,CWC,33,Tamil Nadu,591,Tiruchirappalli,TIRUCHIRAPPALLI,-,-,Cauvery,Cauvery,-,-,-,Cauvery,10.88861111,78.58000000,09-02-2026 03:00,76.8
1303,UPPER ANICUT,CWC,33,Tamil Nadu,591,Tiruchirappalli,TIRUCHIRAPPALLI,-,-,Cauvery,Cauvery,-,-,-,Cauvery,10.88861111,78.58000000,10-02-2026 08:00,28.1
1304,UPPER ANICUT,CWC,33,Tamil Nadu,591,Tiruchirappalli,TIRUCHIRAPPALLI,-,-,Cauvery,Cauvery,-,-,-,Cauvery,10.88861111,78.58000000,27-02-2026 03:00,26.2
1305,UPPER ANICUT,CWC,33,Tamil Nadu,591,Tiruchirappalli,TIRUCHIRAPPALLI,-,-,Cauvery,Cauvery,-,-,-,Cauvery,10.88861111,78.58000000,01-04-2026 12:00,38.4
1306,UPPER ANICUT,CWC,33,Tamil Nadu,591,Tiruchirappalli,TIRUCHIRAPPALLI,-,-,Cauvery,Cauvery,-,-,-,Cauvery,10.88861111,78.58000000,06-04-2026 11:00,2.4
1307,UPPER ANICUT,CWC,33,Tamil Nadu,591,Tiruchirappalli,TIRUCHIRAPPALLI,-,-,Cauvery,Cauvery,-,-,-,Cauvery,10.88861111,78.58000000,09-04-2026 22:00,19.2
1308,UPPER ANICUT,CWC,33,Tamil Nadu,591,Tiruchirappalli,TIRUCHIRAPPALLI,-,-,Cauvery,Cauvery,-,-,-,Cauvery,10.88861111,78.58000000,09-04-2026 23:00,58.1
1309,UPPER ANICUT,CWC,33,Tamil Nadu,591,Tiruchirappalli,TIRUCHIRAPPALLI,-,-,Cauvery,Cauvery,-,-,-,Cauvery,10.88861111,78.58000000,21-04-2026 15:00,2.7
1310,UPPER ANICUT,CWC,33,Tamil Nadu,591,Tiruchirappalli,TIRUCHIRAPPALLI,-,-,Cauvery,Cauvery,-,-,-,Cauvery,10.88861111,78.58000000,22-04-2026 16:00,5.8
1311,UPPER ANICUT,CWC,33,Tamil Nadu,591,Tiruchirappalli,TIRUCHIRAPPALLI,-,-,Cauvery,Cauvery,-,-,-,Cauvery,10.88861111,78.58000000,24-04-2026 15:00,51.3
1312,UPPER ANICUT,CWC,33,Tamil Nadu,591,Tiruchirappalli,TIRUCHIRAPPALLI,-,-,Cauvery,Cauvery,-,-,-,Cauvery,10.88861111,78.58000000,28-04-2026 10:00,12.8
1313,UPPER ANICUT,CWC,33,Tamil Nadu,591,Tiruchirappalli,TIRUCHIRAPPALLI,-,-,Cauvery,Cauvery,-,-,-,Cauvery,10.88861111,78.58000000,11-05-2026 15:00,64
1314,UPPER ANICUT,CWC,33,Tamil Nadu,591,Tiruchirappalli,TIRUCHIRAPPALLI,-,-,Cauvery,Cauvery,-,-,-,Cauvery,10.88861111,78.58000000,14-05-2026 12:00,76.8
1315,UPPER ANICUT,CWC,33,Tamil Nadu,591,Tiruchirappalli,TIRUCHIRAPPALLI,-,-,Cauvery,Cauvery,-,-,-,Cauvery,10.88861111,78.58000000,15-05-2026 11:00,19.9
1316,UPPER ANICUT,CWC,33,Tamil Nadu,591,Tiruchirappalli,TIRUCHIRAPPALLI,-,-,Cauvery,Cauvery,-,-,-,Cauvery,10.88861111,78.58000000,15-05-2026 21:00,56.3
1317,UPPER ANICUT,CWC,33,Tamil Nadu,591,Tiruchirappalli,TIRUCHIRAPPALLI,-,-,Cauvery,Cauvery,-,-,-,Cauvery,10.88861111,78.58000000,17-05-2026 10:00,95.9
1318,UPPER ANICUT,CWC,33,Tamil Nadu,591,Tiruchirappalli,TIRUCHIRAPPALLI,-,-,Cauvery,Cauvery,-,-,-,Cauvery,10.88861111,78.58000000,28-05-2026 18:00,8.6
1319,VADAMADURAI,CWC,33,Tamil Nadu,578,Madurai,MADURAI SOUTH,-,-,Cauvery,Cauvery,Kodaganar,-,-,Kodaganar,10.46138889,78.05333333,01-01-2026 07:00,0.1
1320,VADAMADURAI,CWC,33,Tamil Nadu,578,Madurai,MADURAI SOUTH,-,-,Cauvery,Cauvery,Kodaganar,-,-,Kodaganar,10.46138889,78.05333333,03-01-2026 14:00,0.2
1321,VADAMADURAI,CWC,33,Tamil Nadu,578,Madurai,MADURAI SOUTH,-,-,Cauvery,Cauvery,Kodaganar,-,-,Kodaganar,10.46138889,78.05333333,03-01-2026 16:00,0.2
1322,VADAMADURAI,CWC,33,Tamil Nadu,578,Madurai,MADURAI SOUTH,-,-,Cauvery,Cauvery,Kodaganar,-,-,Kodaganar,10.46138889,78.05333333,03-01-2026 17:00,0.2
1323,VADAMADURAI,CWC,33,Tamil Nadu,578,Madurai,MADURAI SOUTH,-,-,Cauvery,Cauvery,Kodaganar,-,-,Kodaganar,10.46138889,78.05333333,03-01-2026 21:00,0.2
1324,VADAMADURAI,CWC,33,Tamil Nadu,578,Madurai,MADURAI SOUTH,-,-,Cauvery,Cauvery,Kodaganar,-,-,Kodaganar,10.46138889,78.05333333,04-01-2026 02:00,0.2
1325,VADAMADURAI,CWC,33,Tamil Nadu,578,Madurai,MADURAI SOUTH,-,-,Cauvery,Cauvery,Kodaganar,-,-,Kodaganar,10.46138889,78.05333333,06-01-2026 14:00,38.4
1326,VADAMADURAI,CWC,33,Tamil Nadu,578,Madurai,MADURAI SOUTH,-,-,Cauvery,Cauvery,Kodaganar,-,-,Kodaganar,10.46138889,78.05333333,08-01-2026 02:00,15
1327,VADAMADURAI,CWC,33,Tamil Nadu,578,Madurai,MADURAI SOUTH,-,-,Cauvery,Cauvery,Kodaganar,-,-,Kodaganar,10.46138889,78.05333333,10-01-2026 07:00,1.3
1328,VADAMADURAI,CWC,33,Tamil Nadu,578,Madurai,MADURAI SOUTH,-,-,Cauvery,Cauvery,Kodaganar,-,-,Kodaganar,10.46138889,78.05333333,10-01-2026 20:00,0.1
1329,VADAMADURAI,CWC,33,Tamil Nadu,578,Madurai,MADURAI SOUTH,-,-,Cauvery,Cauvery,Kodaganar,-,-,Kodaganar,10.46138889,78.05333333,11-01-2026 01:00,0.1
1330,VADAMADURAI,CWC,33,Tamil Nadu,578,Madurai,MADURAI SOUTH,-,-,Cauvery,Cauvery,Kodaganar,-,-,Kodaganar,10.46138889,78.05333333,11-01-2026 02:00,0.2
1331,VADAMADURAI,CWC,33,Tamil Nadu,578,Madurai,MADURAI SOUTH,-,-,Cauvery,Cauvery,Kodaganar,-,-,Kodaganar,10.46138889,78.05333333,11-01-2026 03:00,0.1
1332,VADAMADURAI,CWC,33,Tamil Nadu,578,Madurai,MADURAI SOUTH,-,-,Cauvery,Cauvery,Kodaganar,-,-,Kodaganar,10.46138889,78.05333333,11-01-2026 04:00,0.4
1333,VADAMADURAI,CWC,33,Tamil Nadu,578,Madurai,MADURAI SOUTH,-,-,Cauvery,Cauvery,Kodaganar,-,-,Kodaganar,10.46138889,78.05333333,11-01-2026 05:00,0.2
1334,VADAMADURAI,CWC,33,Tamil Nadu,578,Madurai,MADURAI SOUTH,-,-,Cauvery,Cauvery,Kodaganar,-,-,Kodaganar,10.46138889,78.05333333,11-01-2026 07:00,0.5
1335,VADAMADURAI,CWC,33,Tamil Nadu,578,Madurai,MADURAI SOUTH,-,-,Cauvery,Cauvery,Kodaganar,-,-,Kodaganar,10.46138889,78.05333333,11-01-2026 08:00,0.3
1336,VADAMADURAI,CWC,33,Tamil Nadu,578,Madurai,MADURAI SOUTH,-,-,Cauvery,Cauvery,Kodaganar,-,-,Kodaganar,10.46138889,78.05333333,11-01-2026 09:00,0.2
1337,VADAMADURAI,CWC,33,Tamil Nadu,578,Madurai,MADURAI SOUTH,-,-,Cauvery,Cauvery,Kodaganar,-,-,Kodaganar,10.46138889,78.05333333,11-01-2026 11:00,1.2
1338,VADAMADURAI,CWC,33,Tamil Nadu,578,Madurai,MADURAI SOUTH,-,-,Cauvery,Cauvery,Kodaganar,-,-,Kodaganar,10.46138889,78.05333333,11-01-2026 13:00,0.1
1339,VADAMADURAI,CWC,33,Tamil Nadu,578,Madurai,MADURAI SOUTH,-,-,Cauvery,Cauvery,Kodaganar,-,-,Kodaganar,10.46138889,78.05333333,11-01-2026 21:00,1.3
1340,VADAMADURAI,CWC,33,Tamil Nadu,578,Madurai,MADURAI SOUTH,-,-,Cauvery,Cauvery,Kodaganar,-,-,Kodaganar,10.46138889,78.05333333,11-01-2026 23:00,0.1
1341,VADAMADURAI,CWC,33,Tamil Nadu,578,Madurai,MADURAI SOUTH,-,-,Cauvery,Cauvery,Kodaganar,-,-,Kodaganar,10.46138889,78.05333333,12-01-2026 02:00,1.3
1342,VADAMADURAI,CWC,33,Tamil Nadu,578,Madurai,MADURAI SOUTH,-,-,Cauvery,Cauvery,Kodaganar,-,-,Kodaganar,10.46138889,78.05333333,12-01-2026 12:00,0.1
1343,VADAMADURAI,CWC,33,Tamil Nadu,578,Madurai,MADURAI SOUTH,-,-,Cauvery,Cauvery,Kodaganar,-,-,Kodaganar,10.46138889,78.05333333,12-01-2026 22:00,1.1
1344,VADAMADURAI,CWC,33,Tamil Nadu,578,Madurai,MADURAI SOUTH,-,-,Cauvery,Cauvery,Kodaganar,-,-,Kodaganar,10.46138889,78.05333333,12-01-2026 23:00,0.9
1345,VADAMADURAI,CWC,33,Tamil Nadu,578,Madurai,MADURAI SOUTH,-,-,Cauvery,Cauvery,Kodaganar,-,-,Kodaganar,10.46138889,78.05333333,13-01-2026 02:00,0.4
1346,VADAMADURAI,CWC,33,Tamil Nadu,578,Madurai,MADURAI SOUTH,-,-,Cauvery,Cauvery,Kodaganar,-,-,Kodaganar,10.46138889,78.05333333,15-01-2026 22:00,85.1
1347,VADAMADURAI,CWC,33,Tamil Nadu,578,Madurai,MADURAI SOUTH,-,-,Cauvery,Cauvery,Kodaganar,-,-,Kodaganar,10.46138889,78.05333333,17-01-2026 09:00,25.6
1348,VADAMADURAI,CWC,33,Tamil Nadu,578,Madurai,MADURAI SOUTH,-,-,Cauvery,Cauvery,Kodaganar,-,-,Kodaganar,10.46138889,78.05333333,30-01-2026 09:00,11.9
1349,VADAMADURAI,CWC,33,Tamil Nadu,578,Madurai,MADURAI SOUTH,-,-,Cauvery,Cauvery,Kodaganar,-,-,Kodaganar,10.46138889,78.05333333,31-01-2026 11:00,4
1350,VADAMADURAI,CWC,33,Tamil Nadu,578,Madurai,MADURAI SOUTH,-,-,Cauvery,Cauvery,Kodaganar,-,-,Kodaganar,10.46138889,78.05333333,04-02-2026 20:00,25.6
1351,VADAMADURAI,CWC,33,Tamil Nadu,578,Madurai,MADURAI SOUTH,-,-,Cauvery,Cauvery,Kodaganar,-,-,Kodaganar,10.46138889,78.05333333,07-02-2026 01:00,25.6
1352,VADAMADURAI,CWC,33,Tamil Nadu,578,Madurai,MADURAI SOUTH,-,-,Cauvery,Cauvery,Kodaganar,-,-,Kodaganar,10.46138889,78.05333333,08-02-2026 05:00,25.6
1353,VADAMADURAI,CWC,33,Tamil Nadu,578,Madurai,MADURAI SOUTH,-,-,Cauvery,Cauvery,Kodaganar,-,-,Kodaganar,10.46138889,78.05333333,10-02-2026 23:00,64
1354,VADAMADURAI,CWC,33,Tamil Nadu,578,Madurai,MADURAI SOUTH,-,-,Cauvery,Cauvery,Kodaganar,-,-,Kodaganar,10.46138889,78.05333333,11-02-2026 09:00,64
1355,VADAMADURAI,CWC,33,Tamil Nadu,578,Madurai,MADURAI SOUTH,-,-,Cauvery,Cauvery,Kodaganar,-,-,Kodaganar,10.46138889,78.05333333,13-02-2026 23:00,50.5
1356,VADAMADURAI,CWC,33,Tamil Nadu,578,Madurai,MADURAI SOUTH,-,-,Cauvery,Cauvery,Kodaganar,-,-,Kodaganar,10.46138889,78.05333333,14-02-2026 03:00,38.4
1357,VADAMADURAI,CWC,33,Tamil Nadu,578,Madurai,MADURAI SOUTH,-,-,Cauvery,Cauvery,Kodaganar,-,-,Kodaganar,10.46138889,78.05333333,23-02-2026 01:00,7.2
1358,VADAMADURAI,CWC,33,Tamil Nadu,578,Madurai,MADURAI SOUTH,-,-,Cauvery,Cauvery,Kodaganar,-,-,Kodaganar,10.46138889,78.05333333,26-02-2026 02:00,52
1359,VADAMADURAI,CWC,33,Tamil Nadu,578,Madurai,MADURAI SOUTH,-,-,Cauvery,Cauvery,Kodaganar,-,-,Kodaganar,10.46138889,78.05333333,19-03-2026 08:00,0.4
1360,VADAMADURAI,CWC,33,Tamil Nadu,578,Madurai,MADURAI SOUTH,-,-,Cauvery,Cauvery,Kodaganar,-,-,Kodaganar,10.46138889,78.05333333,19-03-2026 09:00,0.1
1361,Vaigai Reservoir,CWC,33,Tamil Nadu,588,Theni,ANDIPATTI,-,-,Duplicate-Vaigai,East flowing rivers between Pennar and Kanyakumari,-,-,-,Vaigai,10.05333333,77.58916667,02-01-2026 18:00,30.5
1362,Vaigai Reservoir,CWC,33,Tamil Nadu,588,Theni,ANDIPATTI,-,-,Duplicate-Vaigai,East flowing rivers between Pennar and Kanyakumari,-,-,-,Vaigai,10.05333333,77.58916667,02-01-2026 20:00,76.8
1363,Vaigai Reservoir,CWC,33,Tamil Nadu,588,Theni,ANDIPATTI,-,-,Duplicate-Vaigai,East flowing rivers between Pennar and Kanyakumari,-,-,-,Vaigai,10.05333333,77.58916667,05-01-2026 10:00,38.4
1364,Vaigai Reservoir,CWC,33,Tamil Nadu,588,Theni,ANDIPATTI,-,-,Duplicate-Vaigai,East flowing rivers between Pennar and Kanyakumari,-,-,-,Vaigai,10.05333333,77.58916667,06-01-2026 20:00,38.4
1365,Vaigai Reservoir,CWC,33,Tamil Nadu,588,Theni,ANDIPATTI,-,-,Duplicate-Vaigai,East flowing rivers between Pennar and Kanyakumari,-,-,-,Vaigai,10.05333333,77.58916667,07-01-2026 09:30,57.1
1366,Vaigai Reservoir,CWC,33,Tamil Nadu,588,Theni,ANDIPATTI,-,-,Duplicate-Vaigai,East flowing rivers between Pennar and Kanyakumari,-,-,-,Vaigai,10.05333333,77.58916667,07-01-2026 10:30,67.2
1367,Vaigai Reservoir,CWC,33,Tamil Nadu,588,Theni,ANDIPATTI,-,-,Duplicate-Vaigai,East flowing rivers between Pennar and Kanyakumari,-,-,-,Vaigai,10.05333333,77.58916667,12-01-2026 04:00,38.4
1368,Vaigai Reservoir,CWC,33,Tamil Nadu,588,Theni,ANDIPATTI,-,-,Duplicate-Vaigai,East flowing rivers between Pennar and Kanyakumari,-,-,-,Vaigai,10.05333333,77.58916667,13-01-2026 18:00,2.4
1369,Vaigai Reservoir,CWC,33,Tamil Nadu,588,Theni,ANDIPATTI,-,-,Duplicate-Vaigai,East flowing rivers between Pennar and Kanyakumari,-,-,-,Vaigai,10.05333333,77.58916667,01-02-2026 17:00,38.4
1370,Vaigai Reservoir,CWC,33,Tamil Nadu,588,Theni,ANDIPATTI,-,-,Duplicate-Vaigai,East flowing rivers between Pennar and Kanyakumari,-,-,-,Vaigai,10.05333333,77.58916667,03-02-2026 00:00,8.5
1371,Vaigai Reservoir,CWC,33,Tamil Nadu,588,Theni,ANDIPATTI,-,-,Duplicate-Vaigai,East flowing rivers between Pennar and Kanyakumari,-,-,-,Vaigai,10.05333333,77.58916667,10-02-2026 05:00,32
1372,Venganur,CWC,33,Tamil Nadu,570,Cuddalore,Virudhachalam,-,-,Vellar,East flowing rivers between Pennar and Kanyakumari,Periyaodai,-,-,Periyaodai,11.44305556,79.02444444,01-01-2026 14:00,192
1373,Venganur,CWC,33,Tamil Nadu,570,Cuddalore,Virudhachalam,-,-,Vellar,East flowing rivers between Pennar and Kanyakumari,Periyaodai,-,-,Periyaodai,11.44305556,79.02444444,05-01-2026 00:00,320
1374,Venganur,CWC,33,Tamil Nadu,570,Cuddalore,Virudhachalam,-,-,Vellar,East flowing rivers between Pennar and Kanyakumari,Periyaodai,-,-,Periyaodai,11.44305556,79.02444444,08-01-2026 20:00,48
1375,Venganur,CWC,33,Tamil Nadu,570,Cuddalore,Virudhachalam,-,-,Vellar,East flowing rivers between Pennar and Kanyakumari,Periyaodai,-,-,Periyaodai,11.44305556,79.02444444,11-01-2026 07:00,0.5
1376,Venganur,CWC,33,Tamil Nadu,570,Cuddalore,Virudhachalam,-,-,Vellar,East flowing rivers between Pennar and Kanyakumari,Periyaodai,-,-,Periyaodai,11.44305556,79.02444444,11-01-2026 15:00,0.5
1377,Venganur,CWC,33,Tamil Nadu,570,Cuddalore,Virudhachalam,-,-,Vellar,East flowing rivers between Pennar and Kanyakumari,Periyaodai,-,-,Periyaodai,11.44305556,79.02444444,12-01-2026 02:00,0.5
1378,Venganur,CWC,33,Tamil Nadu,570,Cuddalore,Virudhachalam,-,-,Vellar,East flowing rivers between Pennar and Kanyakumari,Periyaodai,-,-,Periyaodai,11.44305556,79.02444444,14-01-2026 04:00,0.5
1379,Venganur,CWC,33,Tamil Nadu,570,Cuddalore,Virudhachalam,-,-,Vellar,East flowing rivers between Pennar and Kanyakumari,Periyaodai,-,-,Periyaodai,11.44305556,79.02444444,15-01-2026 22:00,0.5
1380,Venganur,CWC,33,Tamil Nadu,570,Cuddalore,Virudhachalam,-,-,Vellar,East flowing rivers between Pennar and Kanyakumari,Periyaodai,-,-,Periyaodai,11.44305556,79.02444444,16-01-2026 18:00,0.5
1381,Venganur,CWC,33,Tamil Nadu,570,Cuddalore,Virudhachalam,-,-,Vellar,East flowing rivers between Pennar and Kanyakumari,Periyaodai,-,-,Periyaodai,11.44305556,79.02444444,17-01-2026 01:00,1
1382,Venganur,CWC,33,Tamil Nadu,570,Cuddalore,Virudhachalam,-,-,Vellar,East flowing rivers between Pennar and Kanyakumari,Periyaodai,-,-,Periyaodai,11.44305556,79.02444444,31-01-2026 08:00,262
1383,Venganur,CWC,33,Tamil Nadu,570,Cuddalore,Virudhachalam,-,-,Vellar,East flowing rivers between Pennar and Kanyakumari,Periyaodai,-,-,Periyaodai,11.44305556,79.02444444,05-02-2026 01:00,288
1384,Venganur,CWC,33,Tamil Nadu,570,Cuddalore,Virudhachalam,-,-,Vellar,East flowing rivers between Pennar and Kanyakumari,Periyaodai,-,-,Periyaodai,11.44305556,79.02444444,07-02-2026 19:00,55.5
1385,Venganur,CWC,33,Tamil Nadu,570,Cuddalore,Virudhachalam,-,-,Vellar,East flowing rivers between Pennar and Kanyakumari,Periyaodai,-,-,Periyaodai,11.44305556,79.02444444,11-02-2026 02:00,128
1386,Venganur,CWC,33,Tamil Nadu,570,Cuddalore,Virudhachalam,-,-,Vellar,East flowing rivers between Pennar and Kanyakumari,Periyaodai,-,-,Periyaodai,11.44305556,79.02444444,11-02-2026 18:00,320
1387,Venganur,CWC,33,Tamil Nadu,570,Cuddalore,Virudhachalam,-,-,Vellar,East flowing rivers between Pennar and Kanyakumari,Periyaodai,-,-,Periyaodai,11.44305556,79.02444444,11-02-2026 19:00,46
1388,Venganur,CWC,33,Tamil Nadu,570,Cuddalore,Virudhachalam,-,-,Vellar,East flowing rivers between Pennar and Kanyakumari,Periyaodai,-,-,Periyaodai,11.44305556,79.02444444,02-03-2026 07:00,192
1389,Venganur,CWC,33,Tamil Nadu,570,Cuddalore,Virudhachalam,-,-,Vellar,East flowing rivers between Pennar and Kanyakumari,Periyaodai,-,-,Periyaodai,11.44305556,79.02444444,18-03-2026 06:00,41
1390,Venganur,CWC,33,Tamil Nadu,570,Cuddalore,Virudhachalam,-,-,Vellar,East flowing rivers between Pennar and Kanyakumari,Periyaodai,-,-,Periyaodai,11.44305556,79.02444444,19-03-2026 06:00,288
1391,Venganur,CWC,33,Tamil Nadu,570,Cuddalore,Virudhachalam,-,-,Vellar,East flowing rivers between Pennar and Kanyakumari,Periyaodai,-,-,Periyaodai,11.44305556,79.02444444,19-03-2026 07:00,285
1392,Venganur,CWC,33,Tamil Nadu,570,Cuddalore,Virudhachalam,-,-,Vellar,East flowing rivers between Pennar and Kanyakumari,Periyaodai,-,-,Periyaodai,11.44305556,79.02444444,29-03-2026 02:00,95
1393,Venganur,CWC,33,Tamil Nadu,570,Cuddalore,Virudhachalam,-,-,Vellar,East flowing rivers between Pennar and Kanyakumari,Periyaodai,-,-,Periyaodai,11.44305556,79.02444444,03-04-2026 21:00,138
1394,Venganur,CWC,33,Tamil Nadu,570,Cuddalore,Virudhachalam,-,-,Vellar,East flowing rivers between Pennar and Kanyakumari,Periyaodai,-,-,Periyaodai,11.44305556,79.02444444,04-04-2026 20:00,0.5
1395,Venganur,CWC,33,Tamil Nadu,570,Cuddalore,Virudhachalam,-,-,Vellar,East flowing rivers between Pennar and Kanyakumari,Periyaodai,-,-,Periyaodai,11.44305556,79.02444444,04-04-2026 21:00,2.5
1396,Venganur,CWC,33,Tamil Nadu,570,Cuddalore,Virudhachalam,-,-,Vellar,East flowing rivers between Pennar and Kanyakumari,Periyaodai,-,-,Periyaodai,11.44305556,79.02444444,04-04-2026 22:00,2.5
1397,Venganur,CWC,33,Tamil Nadu,570,Cuddalore,Virudhachalam,-,-,Vellar,East flowing rivers between Pennar and Kanyakumari,Periyaodai,-,-,Periyaodai,11.44305556,79.02444444,06-04-2026 04:00,6
1398,Venganur,CWC,33,Tamil Nadu,570,Cuddalore,Virudhachalam,-,-,Vellar,East flowing rivers between Pennar and Kanyakumari,Periyaodai,-,-,Periyaodai,11.44305556,79.02444444,06-04-2026 05:00,6
1399,Venganur,CWC,33,Tamil Nadu,570,Cuddalore,Virudhachalam,-,-,Vellar,East flowing rivers between Pennar and Kanyakumari,Periyaodai,-,-,Periyaodai,11.44305556,79.02444444,06-04-2026 06:00,0.5
1400,Venganur,CWC,33,Tamil Nadu,570,Cuddalore,Virudhachalam,-,-,Vellar,East flowing rivers between Pennar and Kanyakumari,Periyaodai,-,-,Periyaodai,11.44305556,79.02444444,06-04-2026 08:00,6
1401,Venganur,CWC,33,Tamil Nadu,570,Cuddalore,Virudhachalam,-,-,Vellar,East flowing rivers between Pennar and Kanyakumari,Periyaodai,-,-,Periyaodai,11.44305556,79.02444444,06-04-2026 10:00,6
1402,Venganur,CWC,33,Tamil Nadu,570,Cuddalore,Virudhachalam,-,-,Vellar,East flowing rivers between Pennar and Kanyakumari,Periyaodai,-,-,Periyaodai,11.44305556,79.02444444,06-04-2026 13:00,6.5
1403,Venganur,CWC,33,Tamil Nadu,570,Cuddalore,Virudhachalam,-,-,Vellar,East flowing rivers between Pennar and Kanyakumari,Periyaodai,-,-,Periyaodai,11.44305556,79.02444444,06-04-2026 15:00,6.5
1404,Venganur,CWC,33,Tamil Nadu,570,Cuddalore,Virudhachalam,-,-,Vellar,East flowing rivers between Pennar and Kanyakumari,Periyaodai,-,-,Periyaodai,11.44305556,79.02444444,06-04-2026 17:00,6.5
1405,Venganur,CWC,33,Tamil Nadu,570,Cuddalore,Virudhachalam,-,-,Vellar,East flowing rivers between Pennar and Kanyakumari,Periyaodai,-,-,Periyaodai,11.44305556,79.02444444,06-04-2026 18:00,320
1406,Venganur,CWC,33,Tamil Nadu,570,Cuddalore,Virudhachalam,-,-,Vellar,East flowing rivers between Pennar and Kanyakumari,Periyaodai,-,-,Periyaodai,11.44305556,79.02444444,06-04-2026 20:00,6.5
1407,Venganur,CWC,33,Tamil Nadu,570,Cuddalore,Virudhachalam,-,-,Vellar,East flowing rivers between Pennar and Kanyakumari,Periyaodai,-,-,Periyaodai,11.44305556,79.02444444,06-04-2026 21:00,6.5
1408,Venganur,CWC,33,Tamil Nadu,570,Cuddalore,Virudhachalam,-,-,Vellar,East flowing rivers between Pennar and Kanyakumari,Periyaodai,-,-,Periyaodai,11.44305556,79.02444444,07-04-2026 00:00,6.5
1409,Venganur,CWC,33,Tamil Nadu,570,Cuddalore,Virudhachalam,-,-,Vellar,East flowing rivers between Pennar and Kanyakumari,Periyaodai,-,-,Periyaodai,11.44305556,79.02444444,07-04-2026 01:00,6.5
1410,Venganur,CWC,33,Tamil Nadu,570,Cuddalore,Virudhachalam,-,-,Vellar,East flowing rivers between Pennar and Kanyakumari,Periyaodai,-,-,Periyaodai,11.44305556,79.02444444,07-04-2026 02:00,6.5
1411,Venganur,CWC,33,Tamil Nadu,570,Cuddalore,Virudhachalam,-,-,Vellar,East flowing rivers between Pennar and Kanyakumari,Periyaodai,-,-,Periyaodai,11.44305556,79.02444444,14-04-2026 07:00,442.5
1412,Venganur,CWC,33,Tamil Nadu,570,Cuddalore,Virudhachalam,-,-,Vellar,East flowing rivers between Pennar and Kanyakumari,Periyaodai,-,-,Periyaodai,11.44305556,79.02444444,21-04-2026 08:00,12
1413,Venganur,CWC,33,Tamil Nadu,570,Cuddalore,Virudhachalam,-,-,Vellar,East flowing rivers between Pennar and Kanyakumari,Periyaodai,-,-,Periyaodai,11.44305556,79.02444444,22-04-2026 17:00,25
1414,Venganur,CWC,33,Tamil Nadu,570,Cuddalore,Virudhachalam,-,-,Vellar,East flowing rivers between Pennar and Kanyakumari,Periyaodai,-,-,Periyaodai,11.44305556,79.02444444,24-04-2026 10:00,22.5
1415,Venganur,CWC,33,Tamil Nadu,570,Cuddalore,Virudhachalam,-,-,Vellar,East flowing rivers between Pennar and Kanyakumari,Periyaodai,-,-,Periyaodai,11.44305556,79.02444444,28-04-2026 16:00,4
1416,Venganur,CWC,33,Tamil Nadu,570,Cuddalore,Virudhachalam,-,-,Vellar,East flowing rivers between Pennar and Kanyakumari,Periyaodai,-,-,Periyaodai,11.44305556,79.02444444,28-04-2026 17:00,4
1417,Venganur,CWC,33,Tamil Nadu,570,Cuddalore,Virudhachalam,-,-,Vellar,East flowing rivers between Pennar and Kanyakumari,Periyaodai,-,-,Periyaodai,11.44305556,79.02444444,15-05-2026 13:00,10
1418,Venganur,CWC,33,Tamil Nadu,570,Cuddalore,Virudhachalam,-,-,Vellar,East flowing rivers between Pennar and Kanyakumari,Periyaodai,-,-,Periyaodai,11.44305556,79.02444444,16-05-2026 14:00,0.5
1419,Venganur,CWC,33,Tamil Nadu,570,Cuddalore,Virudhachalam,-,-,Vellar,East flowing rivers between Pennar and Kanyakumari,Periyaodai,-,-,Periyaodai,11.44305556,79.02444444,16-05-2026 16:00,0.5
1420,Venganur,CWC,33,Tamil Nadu,570,Cuddalore,Virudhachalam,-,-,Vellar,East flowing rivers between Pennar and Kanyakumari,Periyaodai,-,-,Periyaodai,11.44305556,79.02444444,16-05-2026 17:00,0.5
1421,Venganur,CWC,33,Tamil Nadu,570,Cuddalore,Virudhachalam,-,-,Vellar,East flowing rivers between Pennar and Kanyakumari,Periyaodai,-,-,Periyaodai,11.44305556,79.02444444,16-05-2026 18:00,0.5
1422,Venganur,CWC,33,Tamil Nadu,570,Cuddalore,Virudhachalam,-,-,Vellar,East flowing rivers between Pennar and Kanyakumari,Periyaodai,-,-,Periyaodai,11.44305556,79.02444444,16-05-2026 19:00,0.5
1423,Venganur,CWC,33,Tamil Nadu,570,Cuddalore,Virudhachalam,-,-,Vellar,East flowing rivers between Pennar and Kanyakumari,Periyaodai,-,-,Periyaodai,11.44305556,79.02444444,16-05-2026 20:00,0.5
1424,Venganur,CWC,33,Tamil Nadu,570,Cuddalore,Virudhachalam,-,-,Vellar,East flowing rivers between Pennar and Kanyakumari,Periyaodai,-,-,Periyaodai,11.44305556,79.02444444,16-05-2026 21:00,0.5
1425,Venganur,CWC,33,Tamil Nadu,570,Cuddalore,Virudhachalam,-,-,Vellar,East flowing rivers between Pennar and Kanyakumari,Periyaodai,-,-,Periyaodai,11.44305556,79.02444444,16-05-2026 22:00,0.5
1426,Venganur,CWC,33,Tamil Nadu,570,Cuddalore,Virudhachalam,-,-,Vellar,East flowing rivers between Pennar and Kanyakumari,Periyaodai,-,-,Periyaodai,11.44305556,79.02444444,17-05-2026 00:00,0.5
1427,Venganur,CWC,33,Tamil Nadu,570,Cuddalore,Virudhachalam,-,-,Vellar,East flowing rivers between Pennar and Kanyakumari,Periyaodai,-,-,Periyaodai,11.44305556,79.02444444,17-05-2026 01:00,0.5
1428,Venganur,CWC,33,Tamil Nadu,570,Cuddalore,Virudhachalam,-,-,Vellar,East flowing rivers between Pennar and Kanyakumari,Periyaodai,-,-,Periyaodai,11.44305556,79.02444444,17-05-2026 02:00,0.5
1429,Venganur,CWC,33,Tamil Nadu,570,Cuddalore,Virudhachalam,-,-,Vellar,East flowing rivers between Pennar and Kanyakumari,Periyaodai,-,-,Periyaodai,11.44305556,79.02444444,25-05-2026 11:00,83
1430,Venganur,CWC,33,Tamil Nadu,570,Cuddalore,Virudhachalam,-,-,Vellar,East flowing rivers between Pennar and Kanyakumari,Periyaodai,-,-,Periyaodai,11.44305556,79.02444444,26-05-2026 09:00,0.5
1431,Venganur,CWC,33,Tamil Nadu,570,Cuddalore,Virudhachalam,-,-,Vellar,East flowing rivers between Pennar and Kanyakumari,Periyaodai,-,-,Periyaodai,11.44305556,79.02444444,26-05-2026 10:00,0.5
1432,Venganur,CWC,33,Tamil Nadu,570,Cuddalore,Virudhachalam,-,-,Vellar,East flowing rivers between Pennar and Kanyakumari,Periyaodai,-,-,Periyaodai,11.44305556,79.02444444,26-05-2026 11:00,0.5
1433,Venganur,CWC,33,Tamil Nadu,570,Cuddalore,Virudhachalam,-,-,Vellar,East flowing rivers between Pennar and Kanyakumari,Periyaodai,-,-,Periyaodai,11.44305556,79.02444444,26-05-2026 12:00,0.5
1434,Venganur,CWC,33,Tamil Nadu,570,Cuddalore,Virudhachalam,-,-,Vellar,East flowing rivers between Pennar and Kanyakumari,Periyaodai,-,-,Periyaodai,11.44305556,79.02444444,26-05-2026 14:00,0.5
1435,Venganur,CWC,33,Tamil Nadu,570,Cuddalore,Virudhachalam,-,-,Vellar,East flowing rivers between Pennar and Kanyakumari,Periyaodai,-,-,Periyaodai,11.44305556,79.02444444,26-05-2026 18:00,0.5
1436,Venganur,CWC,33,Tamil Nadu,570,Cuddalore,Virudhachalam,-,-,Vellar,East flowing rivers between Pennar and Kanyakumari,Periyaodai,-,-,Periyaodai,11.44305556,79.02444444,26-05-2026 20:00,1
1437,Venganur,CWC,33,Tamil Nadu,570,Cuddalore,Virudhachalam,-,-,Vellar,East flowing rivers between Pennar and Kanyakumari,Periyaodai,-,-,Periyaodai,11.44305556,79.02444444,26-05-2026 21:00,1
1438,Venganur,CWC,33,Tamil Nadu,570,Cuddalore,Virudhachalam,-,-,Vellar,East flowing rivers between Pennar and Kanyakumari,Periyaodai,-,-,Periyaodai,11.44305556,79.02444444,28-05-2026 17:00,6
1439,Venganur,CWC,33,Tamil Nadu,570,Cuddalore,Virudhachalam,-,-,Vellar,East flowing rivers between Pennar and Kanyakumari,Periyaodai,-,-,Periyaodai,11.44305556,79.02444444,28-05-2026 22:00,0.5
1440,Venganur,CWC,33,Tamil Nadu,570,Cuddalore,Virudhachalam,-,-,Vellar,East flowing rivers between Pennar and Kanyakumari,Periyaodai,-,-,Periyaodai,11.44305556,79.02444444,29-05-2026 00:00,3.5
1441,Venganur,CWC,33,Tamil Nadu,570,Cuddalore,Virudhachalam,-,-,Vellar,East flowing rivers between Pennar and Kanyakumari,Periyaodai,-,-,Periyaodai,11.44305556,79.02444444,29-05-2026 02:00,3.5
1442,Venganur,CWC,33,Tamil Nadu,570,Cuddalore,Virudhachalam,-,-,Vellar,East flowing rivers between Pennar and Kanyakumari,Periyaodai,-,-,Periyaodai,11.44305556,79.02444444,29-05-2026 14:00,3
1443,V.Kallathur,CWC,33,Tamil Nadu,581,Perambalur,PERAMBALUR,-,-,Duplicate-Vellar,East flowing rivers between Pennar and Kanyakumari,Sweta,-,-,Sweta,11.40250000,78.92972222,04-01-2026 06:00,247
1444,V.Kallathur,CWC,33,Tamil Nadu,581,Perambalur,PERAMBALUR,-,-,Duplicate-Vellar,East flowing rivers between Pennar and Kanyakumari,Sweta,-,-,Sweta,11.40250000,78.92972222,05-01-2026 00:00,329.5
1445,V.Kallathur,CWC,33,Tamil Nadu,581,Perambalur,PERAMBALUR,-,-,Duplicate-Vellar,East flowing rivers between Pennar and Kanyakumari,Sweta,-,-,Sweta,11.40250000,78.92972222,05-01-2026 17:00,128.5
1446,V.Kallathur,CWC,33,Tamil Nadu,581,Perambalur,PERAMBALUR,-,-,Duplicate-Vellar,East flowing rivers between Pennar and Kanyakumari,Sweta,-,-,Sweta,11.40250000,78.92972222,07-01-2026 22:00,320
1447,V.Kallathur,CWC,33,Tamil Nadu,581,Perambalur,PERAMBALUR,-,-,Duplicate-Vellar,East flowing rivers between Pennar and Kanyakumari,Sweta,-,-,Sweta,11.40250000,78.92972222,10-01-2026 18:00,2
1448,V.Kallathur,CWC,33,Tamil Nadu,581,Perambalur,PERAMBALUR,-,-,Duplicate-Vellar,East flowing rivers between Pennar and Kanyakumari,Sweta,-,-,Sweta,11.40250000,78.92972222,11-01-2026 01:00,1.5
1449,V.Kallathur,CWC,33,Tamil Nadu,581,Perambalur,PERAMBALUR,-,-,Duplicate-Vellar,East flowing rivers between Pennar and Kanyakumari,Sweta,-,-,Sweta,11.40250000,78.92972222,11-01-2026 02:00,1
1450,V.Kallathur,CWC,33,Tamil Nadu,581,Perambalur,PERAMBALUR,-,-,Duplicate-Vellar,East flowing rivers between Pennar and Kanyakumari,Sweta,-,-,Sweta,11.40250000,78.92972222,11-01-2026 03:00,1
1451,V.Kallathur,CWC,33,Tamil Nadu,581,Perambalur,PERAMBALUR,-,-,Duplicate-Vellar,East flowing rivers between Pennar and Kanyakumari,Sweta,-,-,Sweta,11.40250000,78.92972222,11-01-2026 04:00,0.5
1452,V.Kallathur,CWC,33,Tamil Nadu,581,Perambalur,PERAMBALUR,-,-,Duplicate-Vellar,East flowing rivers between Pennar and Kanyakumari,Sweta,-,-,Sweta,11.40250000,78.92972222,11-01-2026 05:00,0.5
1453,V.Kallathur,CWC,33,Tamil Nadu,581,Perambalur,PERAMBALUR,-,-,Duplicate-Vellar,East flowing rivers between Pennar and Kanyakumari,Sweta,-,-,Sweta,11.40250000,78.92972222,11-01-2026 06:00,0.5
1454,V.Kallathur,CWC,33,Tamil Nadu,581,Perambalur,PERAMBALUR,-,-,Duplicate-Vellar,East flowing rivers between Pennar and Kanyakumari,Sweta,-,-,Sweta,11.40250000,78.92972222,11-01-2026 07:00,0.5
1455,V.Kallathur,CWC,33,Tamil Nadu,581,Perambalur,PERAMBALUR,-,-,Duplicate-Vellar,East flowing rivers between Pennar and Kanyakumari,Sweta,-,-,Sweta,11.40250000,78.92972222,11-01-2026 08:00,0.5
1456,V.Kallathur,CWC,33,Tamil Nadu,581,Perambalur,PERAMBALUR,-,-,Duplicate-Vellar,East flowing rivers between Pennar and Kanyakumari,Sweta,-,-,Sweta,11.40250000,78.92972222,11-01-2026 18:00,0.5
1457,V.Kallathur,CWC,33,Tamil Nadu,581,Perambalur,PERAMBALUR,-,-,Duplicate-Vellar,East flowing rivers between Pennar and Kanyakumari,Sweta,-,-,Sweta,11.40250000,78.92972222,11-01-2026 21:00,97.5
1458,V.Kallathur,CWC,33,Tamil Nadu,581,Perambalur,PERAMBALUR,-,-,Duplicate-Vellar,East flowing rivers between Pennar and Kanyakumari,Sweta,-,-,Sweta,11.40250000,78.92972222,12-01-2026 02:00,1.5
1459,V.Kallathur,CWC,33,Tamil Nadu,581,Perambalur,PERAMBALUR,-,-,Duplicate-Vellar,East flowing rivers between Pennar and Kanyakumari,Sweta,-,-,Sweta,11.40250000,78.92972222,12-01-2026 08:00,192
1460,V.Kallathur,CWC,33,Tamil Nadu,581,Perambalur,PERAMBALUR,-,-,Duplicate-Vellar,East flowing rivers between Pennar and Kanyakumari,Sweta,-,-,Sweta,11.40250000,78.92972222,13-01-2026 10:00,48
1461,V.Kallathur,CWC,33,Tamil Nadu,581,Perambalur,PERAMBALUR,-,-,Duplicate-Vellar,East flowing rivers between Pennar and Kanyakumari,Sweta,-,-,Sweta,11.40250000,78.92972222,13-01-2026 23:00,55.5
1462,V.Kallathur,CWC,33,Tamil Nadu,581,Perambalur,PERAMBALUR,-,-,Duplicate-Vellar,East flowing rivers between Pennar and Kanyakumari,Sweta,-,-,Sweta,11.40250000,78.92972222,14-01-2026 02:00,0.5
1463,V.Kallathur,CWC,33,Tamil Nadu,581,Perambalur,PERAMBALUR,-,-,Duplicate-Vellar,East flowing rivers between Pennar and Kanyakumari,Sweta,-,-,Sweta,11.40250000,78.92972222,17-01-2026 11:00,384
1464,V.Kallathur,CWC,33,Tamil Nadu,581,Perambalur,PERAMBALUR,-,-,Duplicate-Vellar,East flowing rivers between Pennar and Kanyakumari,Sweta,-,-,Sweta,11.40250000,78.92972222,01-02-2026 02:00,320
1465,V.Kallathur,CWC,33,Tamil Nadu,581,Perambalur,PERAMBALUR,-,-,Duplicate-Vellar,East flowing rivers between Pennar and Kanyakumari,Sweta,-,-,Sweta,11.40250000,78.92972222,02-02-2026 23:00,17
1466,V.Kallathur,CWC,33,Tamil Nadu,581,Perambalur,PERAMBALUR,-,-,Duplicate-Vellar,East flowing rivers between Pennar and Kanyakumari,Sweta,-,-,Sweta,11.40250000,78.92972222,03-02-2026 07:00,448
1467,V.Kallathur,CWC,33,Tamil Nadu,581,Perambalur,PERAMBALUR,-,-,Duplicate-Vellar,East flowing rivers between Pennar and Kanyakumari,Sweta,-,-,Sweta,11.40250000,78.92972222,04-02-2026 00:00,328
1468,V.Kallathur,CWC,33,Tamil Nadu,581,Perambalur,PERAMBALUR,-,-,Duplicate-Vellar,East flowing rivers between Pennar and Kanyakumari,Sweta,-,-,Sweta,11.40250000,78.92972222,07-02-2026 06:00,426
1469,V.Kallathur,CWC,33,Tamil Nadu,581,Perambalur,PERAMBALUR,-,-,Duplicate-Vellar,East flowing rivers between Pennar and Kanyakumari,Sweta,-,-,Sweta,11.40250000,78.92972222,26-03-2026 04:00,1
1470,V.Kallathur,CWC,33,Tamil Nadu,581,Perambalur,PERAMBALUR,-,-,Duplicate-Vellar,East flowing rivers between Pennar and Kanyakumari,Sweta,-,-,Sweta,11.40250000,78.92972222,01-04-2026 20:00,320
1471,V.Kallathur,CWC,33,Tamil Nadu,581,Perambalur,PERAMBALUR,-,-,Duplicate-Vellar,East flowing rivers between Pennar and Kanyakumari,Sweta,-,-,Sweta,11.40250000,78.92972222,02-04-2026 21:00,256
1472,V.Kallathur,CWC,33,Tamil Nadu,581,Perambalur,PERAMBALUR,-,-,Duplicate-Vellar,East flowing rivers between Pennar and Kanyakumari,Sweta,-,-,Sweta,11.40250000,78.92972222,03-04-2026 01:00,44
1473,V.Kallathur,CWC,33,Tamil Nadu,581,Perambalur,PERAMBALUR,-,-,Duplicate-Vellar,East flowing rivers between Pennar and Kanyakumari,Sweta,-,-,Sweta,11.40250000,78.92972222,03-04-2026 06:00,29.5
1474,V.Kallathur,CWC,33,Tamil Nadu,581,Perambalur,PERAMBALUR,-,-,Duplicate-Vellar,East flowing rivers between Pennar and Kanyakumari,Sweta,-,-,Sweta,11.40250000,78.92972222,03-04-2026 22:00,261.5
1475,V.Kallathur,CWC,33,Tamil Nadu,581,Perambalur,PERAMBALUR,-,-,Duplicate-Vellar,East flowing rivers between Pennar and Kanyakumari,Sweta,-,-,Sweta,11.40250000,78.92972222,04-04-2026 13:00,48
1476,V.Kallathur,CWC,33,Tamil Nadu,581,Perambalur,PERAMBALUR,-,-,Duplicate-Vellar,East flowing rivers between Pennar and Kanyakumari,Sweta,-,-,Sweta,11.40250000,78.92972222,05-04-2026 02:00,1.5
1477,V.Kallathur,CWC,33,Tamil Nadu,581,Perambalur,PERAMBALUR,-,-,Duplicate-Vellar,East flowing rivers between Pennar and Kanyakumari,Sweta,-,-,Sweta,11.40250000,78.92972222,05-04-2026 06:00,1
1478,V.Kallathur,CWC,33,Tamil Nadu,581,Perambalur,PERAMBALUR,-,-,Duplicate-Vellar,East flowing rivers between Pennar and Kanyakumari,Sweta,-,-,Sweta,11.40250000,78.92972222,05-04-2026 07:00,0.5
1479,V.Kallathur,CWC,33,Tamil Nadu,581,Perambalur,PERAMBALUR,-,-,Duplicate-Vellar,East flowing rivers between Pennar and Kanyakumari,Sweta,-,-,Sweta,11.40250000,78.92972222,05-04-2026 08:00,1.5
1480,V.Kallathur,CWC,33,Tamil Nadu,581,Perambalur,PERAMBALUR,-,-,Duplicate-Vellar,East flowing rivers between Pennar and Kanyakumari,Sweta,-,-,Sweta,11.40250000,78.92972222,05-04-2026 09:00,0.5
1481,V.Kallathur,CWC,33,Tamil Nadu,581,Perambalur,PERAMBALUR,-,-,Duplicate-Vellar,East flowing rivers between Pennar and Kanyakumari,Sweta,-,-,Sweta,11.40250000,78.92972222,05-04-2026 10:00,0.5
1482,V.Kallathur,CWC,33,Tamil Nadu,581,Perambalur,PERAMBALUR,-,-,Duplicate-Vellar,East flowing rivers between Pennar and Kanyakumari,Sweta,-,-,Sweta,11.40250000,78.92972222,05-04-2026 11:00,1.5
1483,V.Kallathur,CWC,33,Tamil Nadu,581,Perambalur,PERAMBALUR,-,-,Duplicate-Vellar,East flowing rivers between Pennar and Kanyakumari,Sweta,-,-,Sweta,11.40250000,78.92972222,05-04-2026 19:00,1.5
1484,V.Kallathur,CWC,33,Tamil Nadu,581,Perambalur,PERAMBALUR,-,-,Duplicate-Vellar,East flowing rivers between Pennar and Kanyakumari,Sweta,-,-,Sweta,11.40250000,78.92972222,05-04-2026 21:00,1.5
1485,V.Kallathur,CWC,33,Tamil Nadu,581,Perambalur,PERAMBALUR,-,-,Duplicate-Vellar,East flowing rivers between Pennar and Kanyakumari,Sweta,-,-,Sweta,11.40250000,78.92972222,05-04-2026 23:00,1.5
1486,V.Kallathur,CWC,33,Tamil Nadu,581,Perambalur,PERAMBALUR,-,-,Duplicate-Vellar,East flowing rivers between Pennar and Kanyakumari,Sweta,-,-,Sweta,11.40250000,78.92972222,06-04-2026 23:00,24
1487,V.Kallathur,CWC,33,Tamil Nadu,581,Perambalur,PERAMBALUR,-,-,Duplicate-Vellar,East flowing rivers between Pennar and Kanyakumari,Sweta,-,-,Sweta,11.40250000,78.92972222,08-04-2026 02:00,0.5
1488,V.Kallathur,CWC,33,Tamil Nadu,581,Perambalur,PERAMBALUR,-,-,Duplicate-Vellar,East flowing rivers between Pennar and Kanyakumari,Sweta,-,-,Sweta,11.40250000,78.92972222,08-04-2026 02:30,0.5
1489,V.Kallathur,CWC,33,Tamil Nadu,581,Perambalur,PERAMBALUR,-,-,Duplicate-Vellar,East flowing rivers between Pennar and Kanyakumari,Sweta,-,-,Sweta,11.40250000,78.92972222,08-04-2026 03:00,0.5
1490,V.Kallathur,CWC,33,Tamil Nadu,581,Perambalur,PERAMBALUR,-,-,Duplicate-Vellar,East flowing rivers between Pennar and Kanyakumari,Sweta,-,-,Sweta,11.40250000,78.92972222,08-04-2026 03:30,0.5
1491,V.Kallathur,CWC,33,Tamil Nadu,581,Perambalur,PERAMBALUR,-,-,Duplicate-Vellar,East flowing rivers between Pennar and Kanyakumari,Sweta,-,-,Sweta,11.40250000,78.92972222,12-04-2026 12:00,448
1492,V.Kallathur,CWC,33,Tamil Nadu,581,Perambalur,PERAMBALUR,-,-,Duplicate-Vellar,East flowing rivers between Pennar and Kanyakumari,Sweta,-,-,Sweta,11.40250000,78.92972222,13-04-2026 17:00,224
1493,V.Kallathur,CWC,33,Tamil Nadu,581,Perambalur,PERAMBALUR,-,-,Duplicate-Vellar,East flowing rivers between Pennar and Kanyakumari,Sweta,-,-,Sweta,11.40250000,78.92972222,13-04-2026 18:00,176
1494,V.Kallathur,CWC,33,Tamil Nadu,581,Perambalur,PERAMBALUR,-,-,Duplicate-Vellar,East flowing rivers between Pennar and Kanyakumari,Sweta,-,-,Sweta,11.40250000,78.92972222,15-04-2026 15:00,20
1495,V.Kallathur,CWC,33,Tamil Nadu,581,Perambalur,PERAMBALUR,-,-,Duplicate-Vellar,East flowing rivers between Pennar and Kanyakumari,Sweta,-,-,Sweta,11.40250000,78.92972222,17-04-2026 13:00,9
1496,V.Kallathur,CWC,33,Tamil Nadu,581,Perambalur,PERAMBALUR,-,-,Duplicate-Vellar,East flowing rivers between Pennar and Kanyakumari,Sweta,-,-,Sweta,11.40250000,78.92972222,22-04-2026 04:00,192
1497,V.Kallathur,CWC,33,Tamil Nadu,581,Perambalur,PERAMBALUR,-,-,Duplicate-Vellar,East flowing rivers between Pennar and Kanyakumari,Sweta,-,-,Sweta,11.40250000,78.92972222,01-05-2026 05:00,320
1498,V.Kallathur,CWC,33,Tamil Nadu,581,Perambalur,PERAMBALUR,-,-,Duplicate-Vellar,East flowing rivers between Pennar and Kanyakumari,Sweta,-,-,Sweta,11.40250000,78.92972222,03-05-2026 02:00,6.5
1499,V.Kallathur,CWC,33,Tamil Nadu,581,Perambalur,PERAMBALUR,-,-,Duplicate-Vellar,East flowing rivers between Pennar and Kanyakumari,Sweta,-,-,Sweta,11.40250000,78.92972222,10-05-2026 09:00,288
1500,V.Kallathur,CWC,33,Tamil Nadu,581,Perambalur,PERAMBALUR,-,-,Duplicate-Vellar,East flowing rivers between Pennar and Kanyakumari,Sweta,-,-,Sweta,11.40250000,78.92972222,10-05-2026 10:00,48
1501,V.Kallathur,CWC,33,Tamil Nadu,581,Perambalur,PERAMBALUR,-,-,Duplicate-Vellar,East flowing rivers between Pennar and Kanyakumari,Sweta,-,-,Sweta,11.40250000,78.92972222,13-05-2026 21:00,213.5
1502,V.Kallathur,CWC,33,Tamil Nadu,581,Perambalur,PERAMBALUR,-,-,Duplicate-Vellar,East flowing rivers between Pennar and Kanyakumari,Sweta,-,-,Sweta,11.40250000,78.92972222,16-05-2026 08:00,20
1503,V.Kallathur,CWC,33,Tamil Nadu,581,Perambalur,PERAMBALUR,-,-,Duplicate-Vellar,East flowing rivers between Pennar and Kanyakumari,Sweta,-,-,Sweta,11.40250000,78.92972222,21-05-2026 07:00,0.5
1504,V.Kallathur,CWC,33,Tamil Nadu,581,Perambalur,PERAMBALUR,-,-,Duplicate-Vellar,East flowing rivers between Pennar and Kanyakumari,Sweta,-,-,Sweta,11.40250000,78.92972222,24-05-2026 03:00,272.5
1505,V.Kallathur,CWC,33,Tamil Nadu,581,Perambalur,PERAMBALUR,-,-,Duplicate-Vellar,East flowing rivers between Pennar and Kanyakumari,Sweta,-,-,Sweta,11.40250000,78.92972222,24-05-2026 06:00,320.5
1506,V.Kallathur,CWC,33,Tamil Nadu,581,Perambalur,PERAMBALUR,-,-,Duplicate-Vellar,East flowing rivers between Pennar and Kanyakumari,Sweta,-,-,Sweta,11.40250000,78.92972222,24-05-2026 23:00,5.5
1507,V.Kallathur,CWC,33,Tamil Nadu,581,Perambalur,PERAMBALUR,-,-,Duplicate-Vellar,East flowing rivers between Pennar and Kanyakumari,Sweta,-,-,Sweta,11.40250000,78.92972222,30-05-2026 23:00,37.5
1508,V.Kallathur,CWC,33,Tamil Nadu,581,Perambalur,PERAMBALUR,-,-,Duplicate-Vellar,East flowing rivers between Pennar and Kanyakumari,Sweta,-,-,Sweta,11.40250000,78.92972222,02-06-2026 06:00,284
1509,V.Kallathur,CWC,33,Tamil Nadu,581,Perambalur,PERAMBALUR,-,-,Duplicate-Vellar,East flowing rivers between Pennar and Kanyakumari,Sweta,-,-,Sweta,11.40250000,78.92972222,02-06-2026 12:30,320
